collection_id,name,level,jurisdiction,homepage,forms_pages,directory_source,verification,notes,missing_from_prior_manifest,registry_scope_note,normalized_source_court,local_documents,local_word_rtf,local_pdfs,discovered_document_urls,acquired_discovered_urls,blocked_urls,failed_urls,reference_only_urls,deferred_reference_urls,not_yet_acquired_urls,coverage_status,logo_status,asset_path,asset_kind,asset_source_page,coverage_limit,asset_background,fallback_text,retained_documents,excluded_documents,prior_observed_acquisition_urls,forms_page_evidence,page_observations,coverage_boundary,homepage_verification,download_policy,restricted_sources,reuse_note,document_links_observed
F:cadc,United States Court of Appeals — District of Columbia Circuit,appellate,Federal,https://www.cadc.uscourts.gov/,"[""https://www.cadc.uscourts.gov/forms-subject"",""https://www.cadc.uscourts.gov/mediation-forms"",""https://www.cadc.uscourts.gov/filing-instructions"",""https://www.cadc.uscourts.gov/pro-bono-information"",""https://www.cadc.uscourts.gov/cja-forms-instructions"",""https://www.cadc.uscourts.gov/general-information-attorneys""]",https://www.uscourts.gov/about-federal-courts/court-role-and-structure/court-website-links,Official directory observed through Firecrawl on 2026-09-12; forms pages from prior source manifest unless otherwise recorded.,,False,94 district entries and 94 bankruptcy jurisdictions are tracked separately; shared websites and territorial bankruptcy jurisdiction do not imply 94 separate bankruptcy courts.,12 DC Circuit,37,0,37,85,39,1,2,0,0,46,English documents available; wider coverage unverified,Logo/seal available,05-Court-and-Judge-Assets/images/fb/fbd38f8d8c53bd9704186cc7b99ba114deb279ff9add0ff9f06e4d1ec5bc1ae5.png,court_seal,https://www.cadc.uscourts.gov/,Statewide source collections do not establish coverage of every county/division/judge; federal shared-site jurisdiction entries are not counts of distinct courts. Counts cover only retained English documents with supported titles. Source-link counts distinguish URLs associated with a retained file from source links without a local copy; source observations do not establish complete coverage.,light,CADC,37,0,82,,,,,,,,
F:ca8,United States Court of Appeals — Eighth Circuit,appellate,Federal,https://www.ca8.uscourts.gov/,"[""https://www.ca8.uscourts.gov/forms/"",""https://www.ca8.uscourts.gov/forms/all-forms"",""https://www.ca8.uscourts.gov/cja-information"",""https://www.ca8.uscourts.gov/cmecf-information"",""https://www.ca8.uscourts.gov/nextgen-information"",""https://www.ca8.uscourts.gov/redaction-information"",""https://www.ca8.uscourts.gov/appeal-preparation-information""]",https://www.uscourts.gov/about-federal-courts/court-role-and-structure/court-website-links,Official directory observed through Firecrawl on 2026-09-12; forms pages from prior source manifest unless otherwise recorded.,,False,94 district entries and 94 bankruptcy jurisdictions are tracked separately; shared websites and territorial bankruptcy jurisdiction do not imply 94 separate bankruptcy courts.,08 Eighth Circuit,11,0,11,46,7,0,7,0,0,39,English documents available; wider coverage unverified,Logo/seal available,05-Court-and-Judge-Assets/images/fa/fad9377d53a433b40e29600e3ba8f05462b11532d425a0ba9f1c89f3e29746f8.png,court_seal,https://www.ca8.uscourts.gov/,Statewide source collections do not establish coverage of every county/division/judge; federal shared-site jurisdiction entries are not counts of distinct courts. Counts cover only retained English documents with supported titles. Source-link counts distinguish URLs associated with a retained file from source links without a local copy; source observations do not establish complete coverage.,light,CA8,11,0,37,,,,,,,,
F:ca11,United States Court of Appeals — Eleventh Circuit,appellate,Federal,https://www.ca11.uscourts.gov/,"[""https://www.ca11.uscourts.gov/mediation-forms"",""https://www.ca11.uscourts.gov/forms-information"",""https://www.ca11.uscourts.gov/media-information"",""https://www.ca11.uscourts.gov/attorney-information"",""https://www.ca11.uscourts.gov/technical-information"",""https://www.ca11.uscourts.gov/attorney-info/eVoucher"",""https://www.ca11.uscourts.gov/pattern-jury-instructions"",""https://www.ca11.uscourts.gov/e-filing-cmecf-information"",""https://www.ca11.uscourts.gov/briefing-filing-instructions"",""https://www.ca11.uscourts.gov/attorney-info/entry-of-appearance"",""https://www.ca11.uscourts.gov/attorney-info/criminal-justice-act""]",https://www.uscourts.gov/about-federal-courts/court-role-and-structure/court-website-links,Official directory observed through Firecrawl on 2026-09-12; forms pages from prior source manifest unless otherwise recorded.,,False,94 district entries and 94 bankruptcy jurisdictions are tracked separately; shared websites and territorial bankruptcy jurisdiction do not imply 94 separate bankruptcy courts.,11 Eleventh Circuit,46,0,46,116,46,0,6,0,0,70,English documents available; wider coverage unverified,Logo/seal available,05-Court-and-Judge-Assets/images/df/dfb80555c0c23331cc61fda272526ab0e31b71a277003416f0606fdf6e3a3515.png,court_seal,https://www.ca11.uscourts.gov/,Statewide source collections do not establish coverage of every county/division/judge; federal shared-site jurisdiction entries are not counts of distinct courts. Counts cover only retained English documents with supported titles. Source-link counts distinguish URLs associated with a retained file from source links without a local copy; source observations do not establish complete coverage.,light,CA11,46,0,110,,,,,,,,
F:cafc,United States Court of Appeals — Federal Circuit,appellate,Federal,https://www.cafc.uscourts.gov/,"[""https://www.cafc.uscourts.gov/home/case-information/mediation/"",""https://www.cafc.uscourts.gov/home/case-information/case-filings/"",""https://www.cafc.uscourts.gov/home/case-information/fee-schedules/"",""https://www.cafc.uscourts.gov/home/case-information/common-questions/"",""https://www.cafc.uscourts.gov/home/case-information/filing-resources/"",""https://www.cafc.uscourts.gov/home/rules-procedures-forms/court-forms/"",""https://www.cafc.uscourts.gov/home/case-information/case-filings/bills-of-costs/"",""https://www.cafc.uscourts.gov/home/case-information/case-filings/briefs-appendices/"",""https://www.cafc.uscourts.gov/home/the-court/human-resources/employee-forms-resources/"",""https://www.cafc.uscourts.gov/home/case-information/case-filings/entries-of-appearance/"",""https://www.cafc.uscourts.gov/home/case-information/case-filings/confidential-documents/"",""https://www.cafc.uscourts.gov/home/case-information/electronic-filing-information/electronic-filing-registration/""]",https://www.uscourts.gov/about-federal-courts/court-role-and-structure/court-website-links,Official directory observed through Firecrawl on 2026-09-12; forms pages from prior source manifest unless otherwise recorded.,,False,94 district entries and 94 bankruptcy jurisdictions are tracked separately; shared websites and territorial bankruptcy jurisdiction do not imply 94 separate bankruptcy courts.,13 Federal Circuit,55,0,55,106,61,2,0,0,0,45,English documents available; wider coverage unverified,Logo/seal available,05-Court-and-Judge-Assets/images/c7/c76d29532d858ad0e3337e2ed94612a2d58c5eb4f71c6bdc7c03d7bdeaef72dc.png,court_seal,https://www.cafc.uscourts.gov/,Statewide source collections do not establish coverage of every county/division/judge; federal shared-site jurisdiction entries are not counts of distinct courts. Counts cover only retained English documents with supported titles. Source-link counts distinguish URLs associated with a retained file from source links without a local copy; source observations do not establish complete coverage.,light,CAFC,55,0,104,,,,,,,,
F:ca5,United States Court of Appeals — Fifth Circuit,appellate,Federal,https://www.ca5.uscourts.gov/,"[""https://www.ca5.uscourts.gov/forms-fees"",""https://www.ca5.uscourts.gov/pro-se-information"",""https://www.ca5.uscourts.gov/oral-argument-information"",""https://www.ca5.uscourts.gov/forms-fees/fees/fee-schedule"",""https://www.ca5.uscourts.gov/forms-fees/forms/attorney-forms"",""https://www.ca5.uscourts.gov/about-the-court/media-information"",""https://www.ca5.uscourts.gov/about-the-court/general-information"",""https://www.ca5.uscourts.gov/forms-fees/forms/court-reporter-forms"",""https://www.ca5.uscourts.gov/guides/brief-guidance-and-sample-briefs"",""https://www.ca5.uscourts.gov/oral-argument-information/attorney-information"",""https://www.ca5.uscourts.gov/oral-argument-information/attending-oral-arguments"",""https://www.ca5.uscourts.gov/guides/brief-guidance-and-sample-briefs/sample-briefs""]",https://www.uscourts.gov/about-federal-courts/court-role-and-structure/court-website-links,Official directory observed through Firecrawl on 2026-09-12; forms pages from prior source manifest unless otherwise recorded.,,False,94 district entries and 94 bankruptcy jurisdictions are tracked separately; shared websites and territorial bankruptcy jurisdiction do not imply 94 separate bankruptcy courts.,05 Fifth Circuit,12,0,12,36,14,0,1,0,0,22,English documents available; wider coverage unverified,Logo/seal available,05-Court-and-Judge-Assets/images/e5/e55b4eb28e04f29358a9db22b1b8b5fe203140f3def1ab1b933463acfad7b378.svg,court_seal,https://www.ca5.uscourts.gov/,Statewide source collections do not establish coverage of every county/division/judge; federal shared-site jurisdiction entries are not counts of distinct courts. Counts cover only retained English documents with supported titles. Source-link counts distinguish URLs associated with a retained file from source links without a local copy; source observations do not establish complete coverage.,light,CA5,12,0,35,,,,,,,,
F:ca1,United States Court of Appeals — First Circuit,appellate,Federal,https://www.ca1.uscourts.gov/,"[""https://www.ca1.uscourts.gov/cmecf"",""https://www.ca1.uscourts.gov/cja-forms-instructions"",""https://www.ca1.uscourts.gov/obtaining-case-information""]",https://www.uscourts.gov/about-federal-courts/court-role-and-structure/court-website-links,Official directory observed through Firecrawl on 2026-09-12; forms pages from prior source manifest unless otherwise recorded.,,False,94 district entries and 94 bankruptcy jurisdictions are tracked separately; shared websites and territorial bankruptcy jurisdiction do not imply 94 separate bankruptcy courts.,01 First Circuit,20,0,20,11,3,0,0,0,0,8,English documents available; wider coverage unverified,Logo/seal available,05-Court-and-Judge-Assets/images/db/db6e4f21338b6e14df0336dc80a018f04d7ae64dbd4a270ddd9e6dadd10be264.png,court_seal,https://www.ca1.uscourts.gov/,Statewide source collections do not establish coverage of every county/division/judge; federal shared-site jurisdiction entries are not counts of distinct courts. Counts cover only retained English documents with supported titles. Source-link counts distinguish URLs associated with a retained file from source links without a local copy; source observations do not establish complete coverage.,light,CA1,20,0,11,,,,,,,,
F:ca4,United States Court of Appeals — Fourth Circuit,appellate,Federal,https://www.ca4.uscourts.gov/,"[""https://www.ca4.uscourts.gov/information-for"",""https://www.ca4.uscourts.gov/court-forms-fees"",""https://www.ca4.uscourts.gov/court-forms-fees/fee-schedule"",""https://www.ca4.uscourts.gov/court-forms-fees/pro-se-forms"",""https://www.ca4.uscourts.gov/caseinformationefiling/efiling_cm-ecf"",""https://www.ca4.uscourts.gov/rules-and-procedures/privacy-policies"",""https://www.ca4.uscourts.gov/caseinformationefiling/copies-of-documents"",""https://www.ca4.uscourts.gov/court-forms-fees/forms-listed-alphabetically"",""https://www.ca4.uscourts.gov/caseinformationefiling/efiling_cm-ecf/training"",""https://www.ca4.uscourts.gov/caseinformationefiling/efiling_cm-ecf/submit-new-case"",""https://www.ca4.uscourts.gov/caseinformationefiling/efiling_cm-ecf/reqsteps_ecffiler""]",https://www.uscourts.gov/about-federal-courts/court-role-and-structure/court-website-links,Official directory observed through Firecrawl on 2026-09-12; forms pages from prior source manifest unless otherwise recorded.,,False,94 district entries and 94 bankruptcy jurisdictions are tracked separately; shared websites and territorial bankruptcy jurisdiction do not imply 94 separate bankruptcy courts.,04 Fourth Circuit,53,0,53,113,68,0,0,0,0,45,English documents available; wider coverage unverified,Logo/seal available,05-Court-and-Judge-Assets/images/74/74023a3dc0afb78c9ec81fed69fdb27e435614d1f7629052ce5de60cc296dcb2.png,court_logo,https://www.ca4.uscourts.gov/,Statewide source collections do not establish coverage of every county/division/judge; federal shared-site jurisdiction entries are not counts of distinct courts. Counts cover only retained English documents with supported titles. Source-link counts distinguish URLs associated with a retained file from source links without a local copy; source observations do not establish complete coverage.,light,CA4,53,0,113,,,,,,,,
F:ca9,United States Court of Appeals — Ninth Circuit,appellate,Federal,https://www.ca9.uscourts.gov/,"[""https://www.ca9.uscourts.gov/filing/forms/form-10-bill-of-costs/"",""https://www.ca9.uscourts.gov/filing/forms/form-19-notice-sealing/"",""https://www.ca9.uscourts.gov/filing/forms/form-20-notice-intent-unseal/"",""https://www.ca9.uscourts.gov/filing/forms/form-14-motion-extension-time/"",""https://www.ca9.uscourts.gov/filing/forms/form-17-statement-related-cases/"",""https://www.ca9.uscourts.gov/filing/forms/form-8-certificate-of-compliance-briefs/"",""https://www.ca9.uscourts.gov/filing/forms/form-4-motion-affidavit-in-forma-pauperis/"",""https://www.ca9.uscourts.gov/filing/forms/form-11-certificate-of-compliance-rehearing/"",""https://www.ca9.uscourts.gov/filing/forms/form-15-certificate-service-electronic-filing/"",""https://www.ca9.uscourts.gov/filing/forms/form-18-certificate-paper-copy-electronic-brief/"",""https://www.ca9.uscourts.gov/filing/forms/form-12-application-leave-second-successive-petition/"",""https://www.ca9.uscourts.gov/filing/forms/form-16-circuit-rule-27-3-certificate-emergency-motion/""]",https://www.uscourts.gov/about-federal-courts/court-role-and-structure/court-website-links,Official directory observed through Firecrawl on 2026-09-12; forms pages from prior source manifest unless otherwise recorded.,,False,94 district entries and 94 bankruptcy jurisdictions are tracked separately; shared websites and territorial bankruptcy jurisdiction do not imply 94 separate bankruptcy courts.,09 Ninth Circuit,1,0,1,41,1,0,0,0,0,40,English documents available; wider coverage unverified,Logo/seal available,05-Court-and-Judge-Assets/images/d8/d8e3a868f4951427c7ec45279316d3f347992b06b50e6821797ed87912ae6378.svg,court_logo,https://www.ca9.uscourts.gov/,Statewide source collections do not establish coverage of every county/division/judge; federal shared-site jurisdiction entries are not counts of distinct courts. Counts cover only retained English documents with supported titles. Source-link counts distinguish URLs associated with a retained file from source links without a local copy; source observations do not establish complete coverage.,light,CA9,1,0,41,,,,,,,,
F:ca2,United States Court of Appeals — Second Circuit,appellate,Federal,https://www.ca2.uscourts.gov/,"[""https://www.ca2.uscourts.gov/media_information.html"",""https://www.ca2.uscourts.gov/clerk/case_filing/forms/forms_home.html"",""https://www.ca2.uscourts.gov/clerk/case_filing/case_filing_info_nextgen.html"",""https://www.ca2.uscourts.gov/clerk/case_filing/forms/night_depository_form.html""]",https://www.uscourts.gov/about-federal-courts/court-role-and-structure/court-website-links,Official directory observed through Firecrawl on 2026-09-12; forms pages from prior source manifest unless otherwise recorded.,,False,94 district entries and 94 bankruptcy jurisdictions are tracked separately; shared websites and territorial bankruptcy jurisdiction do not imply 94 separate bankruptcy courts.,02 Second Circuit,41,0,41,65,41,0,0,0,0,24,English documents available; wider coverage unverified,Logo/seal available,05-Court-and-Judge-Assets/images/e8/e8cdb3e1f192d3e8d4872d013a846f3e83bd4ba46779fe7463d9bddd8d05f7a6.png,court_logo,https://www.ca2.uscourts.gov/,Statewide source collections do not establish coverage of every county/division/judge; federal shared-site jurisdiction entries are not counts of distinct courts. Counts cover only retained English documents with supported titles. Source-link counts distinguish URLs associated with a retained file from source links without a local copy; source observations do not establish complete coverage.,light,CA2,41,0,65,,,,,,,,
F:ca7,United States Court of Appeals — Seventh Circuit,appellate,Federal,https://www.ca7.uscourts.gov/,"[""https://www.ca7.uscourts.gov/pages/LandingPage.php?page=forms"",""https://www.ca7.uscourts.gov/pages/LandingPage.php?page=newemployee"",""https://www.ca7.uscourts.gov/pages/LandingPage.php?page=employment-information"",""https://www.ca7.uscourts.gov/pages/LandingPage.php?page=pattern_jury_instructions""]",https://www.uscourts.gov/about-federal-courts/court-role-and-structure/court-website-links,Official directory observed through Firecrawl on 2026-09-12; forms pages from prior source manifest unless otherwise recorded.,,False,94 district entries and 94 bankruptcy jurisdictions are tracked separately; shared websites and territorial bankruptcy jurisdiction do not imply 94 separate bankruptcy courts.,07 Seventh Circuit,13,0,13,35,13,13,3,0,0,22,English documents available; wider coverage unverified,Text fallback,,,,Statewide source collections do not establish coverage of every county/division/judge; federal shared-site jurisdiction entries are not counts of distinct courts. Counts cover only retained English documents with supported titles. Source-link counts distinguish URLs associated with a retained file from source links without a local copy; source observations do not establish complete coverage.,light,CA7,13,0,19,,,,,,,,
F:ca6,United States Court of Appeals — Sixth Circuit,appellate,Federal,https://www.ca6.uscourts.gov/,"[""https://www.ca6.uscourts.gov/attorneys/forms"",""https://www.ca6.uscourts.gov/court-forms"",""https://www.ca6.uscourts.gov/court-forms/mediation""]",https://www.uscourts.gov/about-federal-courts/court-role-and-structure/court-website-links,Official directory observed through Firecrawl on 2026-09-12; forms pages from prior source manifest unless otherwise recorded.,,False,94 district entries and 94 bankruptcy jurisdictions are tracked separately; shared websites and territorial bankruptcy jurisdiction do not imply 94 separate bankruptcy courts.,06 Sixth Circuit,23,0,23,36,25,0,1,0,0,11,English documents available; wider coverage unverified,Logo/seal available,05-Court-and-Judge-Assets/images/9a/9a40070d3b02d3bdca93d83c5dd02b796686c46cb3b3bd7823d672ddf61784b5.png,court_seal,https://www.ca6.uscourts.gov/,Statewide source collections do not establish coverage of every county/division/judge; federal shared-site jurisdiction entries are not counts of distinct courts. Counts cover only retained English documents with supported titles. Source-link counts distinguish URLs associated with a retained file from source links without a local copy; source observations do not establish complete coverage.,light,CA6,23,0,35,,,,,,,,
F:ca10,United States Court of Appeals — Tenth Circuit,appellate,Federal,https://www.ca10.uscourts.gov/,"[""https://www.ca10.uscourts.gov/forms/all"",""https://www.ca10.uscourts.gov/ce/general-information"",""https://www.ca10.uscourts.gov/form/cmecf-users-manual"",""https://www.ca10.uscourts.gov/clerk/efiling-checklists"",""https://www.ca10.uscourts.gov/clerk/oral-argument-forms"",""https://www.ca10.uscourts.gov/form/original-proceedings"",""https://www.ca10.uscourts.gov/forms/all/Clerk%27s%20Office"",""https://www.ca10.uscourts.gov/criminal-pattern-jury-instructions"",""https://www.ca10.uscourts.gov/form/initial-appeals-packet-counseled-cases"",""https://www.ca10.uscourts.gov/prior-versions-criminal-pattern-jury-instructions""]",https://www.uscourts.gov/about-federal-courts/court-role-and-structure/court-website-links,Official directory observed through Firecrawl on 2026-09-12; forms pages from prior source manifest unless otherwise recorded.,,False,94 district entries and 94 bankruptcy jurisdictions are tracked separately; shared websites and territorial bankruptcy jurisdiction do not imply 94 separate bankruptcy courts.,10 Tenth Circuit,34,5,29,80,34,0,0,0,0,46,English documents available; wider coverage unverified,Logo/seal available,05-Court-and-Judge-Assets/images/f9/f97c301c6c49402d7c7669b50bda72fe9a2aca6e815f11ee450d453005f70273.png,court_logo,https://www.ca10.uscourts.gov/,Statewide source collections do not establish coverage of every county/division/judge; federal shared-site jurisdiction entries are not counts of distinct courts. Counts cover only retained English documents with supported titles. Source-link counts distinguish URLs associated with a retained file from source links without a local copy; source observations do not establish complete coverage.,light,CA10,34,0,80,,,,,,,,
F:ca3,United States Court of Appeals — Third Circuit,appellate,Federal,https://www.ca3.uscourts.gov/,"[""https://www.ca3.uscourts.gov/allforms"",""https://www.ca3.uscourts.gov/forms-0"",""https://www.ca3.uscourts.gov/mediation-forms"",""https://www.ca3.uscourts.gov/model-jury-instructions"",""https://www.ca3.uscourts.gov/attorney-discipline-forms"",""https://www.ca3.uscourts.gov/fees-forma-pauperis-dismissal"",""https://www.ca3.uscourts.gov/judicial-conduct-and-disability"",""https://www.ca3.uscourts.gov/model-civil-jury-instructions-archive"",""https://www.ca3.uscourts.gov/cmecf-case-managementelectronic-case-files"",""https://www.ca3.uscourts.gov/model-civil-jury-table-contents-and-instructions"",""https://www.ca3.uscourts.gov/pro-se-litigant-information-28-usc-%C2%A7-2244-0"",""https://www.ca3.uscourts.gov/criminal-justice-act-and-appointed-counsel-information""]",https://www.uscourts.gov/about-federal-courts/court-role-and-structure/court-website-links,Official directory observed through Firecrawl on 2026-09-12; forms pages from prior source manifest unless otherwise recorded.,,False,94 district entries and 94 bankruptcy jurisdictions are tracked separately; shared websites and territorial bankruptcy jurisdiction do not imply 94 separate bankruptcy courts.,03 Third Circuit,35,7,28,132,31,0,5,0,0,101,English documents available; wider coverage unverified,Logo/seal available,05-Court-and-Judge-Assets/images/75/758c9fd88c17f31f74ff6397063911097f7d28a79ff5dc58bda653860db8b2eb.png,court_seal,https://www.ca3.uscourts.gov/,Statewide source collections do not establish coverage of every county/division/judge; federal shared-site jurisdiction entries are not counts of distinct courts. Counts cover only retained English documents with supported titles. Source-link counts distinguish URLs associated with a retained file from source links without a local copy; source observations do not establish complete coverage.,light,CA3,35,0,127,,,,,,,,
FB:almb,United States Bankruptcy Court — Alabama Middle,bankruptcy,Federal,https://www.almb.uscourts.gov/,"[""https://www.almb.uscourts.gov/local-forms"",""https://www.almb.uscourts.gov/filing-information"",""https://www.almb.uscourts.gov/nextgen-cmecf-deployment-information""]",https://www.uscourts.gov/about-federal-courts/court-role-and-structure/court-website-links,Official directory observed through Firecrawl on 2026-09-12; forms pages from prior source manifest unless otherwise recorded.,,False,94 district entries and 94 bankruptcy jurisdictions are tracked separately; shared websites and territorial bankruptcy jurisdiction do not imply 94 separate bankruptcy courts.,Alabama Middle bankruptcy court,25,18,7,47,25,0,1,0,0,22,English documents available; wider coverage unverified,Logo/seal available,05-Court-and-Judge-Assets/images/07/079f46c625b5d7752f9be2c0a4260ae888849674bb5497f8dfbe7f5295f136bb.png,judiciary_logo,https://www.almb.uscourts.gov/,Statewide source collections do not establish coverage of every county/division/judge; federal shared-site jurisdiction entries are not counts of distinct courts. Counts cover only retained English documents with supported titles. Source-link counts distinguish URLs associated with a retained file from source links without a local copy; source observations do not establish complete coverage.,light,ALMB,25,0,46,,,,,,,,
FB:alnb,United States Bankruptcy Court — Alabama Northern,bankruptcy,Federal,https://www.alnb.uscourts.gov/,"[""https://www.alnb.uscourts.gov/forms/all-forms"",""https://www.alnb.uscourts.gov/forms/all-forms/other_forms"",""https://www.alnb.uscourts.gov/forms/all-forms/unclaimed_funds"",""https://www.alnb.uscourts.gov/forms/all-forms/localrules_forms"",""https://www.alnb.uscourts.gov/forms/all-forms/miscellaneous_forms"",""https://www.alnb.uscourts.gov/tax-information"",""https://www.alnb.uscourts.gov/case-information"",""https://www.alnb.uscourts.gov/procedural-information"",""https://www.alnb.uscourts.gov/law-student-internship-certification-forms""]",https://www.uscourts.gov/about-federal-courts/court-role-and-structure/court-website-links,Official directory observed through Firecrawl on 2026-09-12; forms pages from prior source manifest unless otherwise recorded.,,False,94 district entries and 94 bankruptcy jurisdictions are tracked separately; shared websites and territorial bankruptcy jurisdiction do not imply 94 separate bankruptcy courts.,Alabama Northern bankruptcy court,16,1,15,33,16,0,2,0,0,17,English documents available; wider coverage unverified,Logo/seal available,05-Court-and-Judge-Assets/images/25/253504637f088e21de64a08bd0849422cc611b4be2d25bf8530074a93a666683.png,court_seal,https://www.alnb.uscourts.gov/,Statewide source collections do not establish coverage of every county/division/judge; federal shared-site jurisdiction entries are not counts of distinct courts. Counts cover only retained English documents with supported titles. Source-link counts distinguish URLs associated with a retained file from source links without a local copy; source observations do not establish complete coverage.,light,ALNB,16,0,31,,,,,,,,
FB:alsb,United States Bankruptcy Court — Alabama Southern,bankruptcy,Federal,https://www.alsb.uscourts.gov/,"[""https://www.alsb.uscourts.gov/local-forms"",""https://www.alsb.uscourts.gov/court-info"",""https://www.alsb.uscourts.gov/frequently-used-forms"",""https://www.alsb.uscourts.gov/mobile-courthouse-parking"",""https://www.alsb.uscourts.gov/service-process-checklist"",""https://www.alsb.uscourts.gov/content/electronic-self-representation-esr"",""https://www.alsb.uscourts.gov/chapter-13-confirmation-procedures-and-forms"",""https://www.alsb.uscourts.gov/chapter-11-standing-order-and-monthly-report-forms""]",https://www.uscourts.gov/about-federal-courts/court-role-and-structure/court-website-links,Official directory observed through Firecrawl on 2026-09-12; forms pages from prior source manifest unless otherwise recorded.,,False,94 district entries and 94 bankruptcy jurisdictions are tracked separately; shared websites and territorial bankruptcy jurisdiction do not imply 94 separate bankruptcy courts.,Alabama Southern bankruptcy court,37,27,10,64,37,1,4,0,0,27,English documents available; wider coverage unverified,Site icon only,05-Court-and-Judge-Assets/images/c9/c96c8cdea312b83693a9c59c47d8f646a4091dcd535dd137cdb30d22165ce852.png,favicon,https://www.alsb.uscourts.gov/,Statewide source collections do not establish coverage of every county/division/judge; federal shared-site jurisdiction entries are not counts of distinct courts. Counts cover only retained English documents with supported titles. Source-link counts distinguish URLs associated with a retained file from source links without a local copy; source observations do not establish complete coverage.,light,ALSB,37,0,59,,,,,,,,
FB:akb,United States Bankruptcy Court — Alaska,bankruptcy,Federal,https://www.akb.uscourts.gov/,"[""https://www.akb.uscourts.gov/forms/all-forms"",""https://www.akb.uscourts.gov/forms/all-forms?page=1"",""https://www.akb.uscourts.gov/forms/all-forms?page=2"",""https://www.akb.uscourts.gov/forms/all-forms?page=3"",""https://www.akb.uscourts.gov/forms/all-forms?page=4"",""https://www.akb.uscourts.gov/forms/all-forms?page=5"",""https://www.akb.uscourts.gov/redaction-information-1""]",https://www.uscourts.gov/about-federal-courts/court-role-and-structure/court-website-links,Official directory observed through Firecrawl on 2026-09-12; forms pages from prior source manifest unless otherwise recorded.,,False,94 district entries and 94 bankruptcy jurisdictions are tracked separately; shared websites and territorial bankruptcy jurisdiction do not imply 94 separate bankruptcy courts.,Alaska bankruptcy court,48,37,11,60,49,0,2,0,0,11,English documents available; wider coverage unverified,Logo/seal available,05-Court-and-Judge-Assets/images/07/079f46c625b5d7752f9be2c0a4260ae888849674bb5497f8dfbe7f5295f136bb.png,judiciary_logo,https://www.akb.uscourts.gov/,Statewide source collections do not establish coverage of every county/division/judge; federal shared-site jurisdiction entries are not counts of distinct courts. Counts cover only retained English documents with supported titles. Source-link counts distinguish URLs associated with a retained file from source links without a local copy; source observations do not establish complete coverage.,light,AKB,48,0,58,,,,,,,,
FB:azb,United States Bankruptcy Court — Arizona,bankruptcy,Federal,https://www.azb.uscourts.gov/,"[""https://www.azb.uscourts.gov/forms"",""https://www.azb.uscourts.gov/DeBN"",""https://www.azb.uscourts.gov/court-forms"",""https://www.azb.uscourts.gov/chapter-13-forms"",""https://www.azb.uscourts.gov/proof-claim-form-and-instructions""]",https://www.uscourts.gov/about-federal-courts/court-role-and-structure/court-website-links,Official directory observed through Firecrawl on 2026-09-12; forms pages from prior source manifest unless otherwise recorded.,,False,94 district entries and 94 bankruptcy jurisdictions are tracked separately; shared websites and territorial bankruptcy jurisdiction do not imply 94 separate bankruptcy courts.,Arizona bankruptcy court,16,4,12,59,16,0,1,0,0,43,English documents available; wider coverage unverified,Logo/seal available,05-Court-and-Judge-Assets/images/07/079f46c625b5d7752f9be2c0a4260ae888849674bb5497f8dfbe7f5295f136bb.png,judiciary_logo,https://www.azb.uscourts.gov/,Statewide source collections do not establish coverage of every county/division/judge; federal shared-site jurisdiction entries are not counts of distinct courts. Counts cover only retained English documents with supported titles. Source-link counts distinguish URLs associated with a retained file from source links without a local copy; source observations do not establish complete coverage.,light,AZB,16,0,58,,,,,,,,
FB:areb,United States Bankruptcy Court — Arkansas Eastern,bankruptcy,Federal,https://www.areb.uscourts.gov/,"[""https://www.arb.uscourts.gov/forms/"",""https://www.arb.uscourts.gov/judges-information"",""https://www.arb.uscourts.gov/national-archives-and-records-administration-federal-records-center-frc""]",https://www.uscourts.gov/about-federal-courts/court-role-and-structure/court-website-links,Official directory observed through Firecrawl on 2026-09-12; forms pages from prior source manifest unless otherwise recorded.,Shared Eastern and Western Districts website; directory combines the two districts; separate IDs retained for matter jurisdiction.,False,94 district entries and 94 bankruptcy jurisdictions are tracked separately; shared websites and territorial bankruptcy jurisdiction do not imply 94 separate bankruptcy courts.,Arkansas Eastern bankruptcy court,9,0,9,13,9,0,0,0,0,4,English documents available; wider coverage unverified,Logo/seal available,05-Court-and-Judge-Assets/images/07/079f46c625b5d7752f9be2c0a4260ae888849674bb5497f8dfbe7f5295f136bb.png,judiciary_logo,https://www.areb.uscourts.gov/,Statewide source collections do not establish coverage of every county/division/judge; federal shared-site jurisdiction entries are not counts of distinct courts. Counts cover only retained English documents with supported titles. Source-link counts distinguish URLs associated with a retained file from source links without a local copy; source observations do not establish complete coverage.,light,AREB,9,0,13,,,,,,,,
FB:arwb,United States Bankruptcy Court — Arkansas Western,bankruptcy,Federal,https://www.areb.uscourts.gov/,"[""https://www.areb.uscourts.gov/forms"",""https://www.areb.uscourts.gov/forms/all-forms"",""https://www.areb.uscourts.gov/forms/all-forms/recommended_forms"",""https://www.areb.uscourts.gov/instructions-official-form-121-statement-about-your-social-security-numbers""]",https://www.uscourts.gov/about-federal-courts/court-role-and-structure/court-website-links,Official directory observed through Firecrawl on 2026-09-12; forms pages from prior source manifest unless otherwise recorded.,Shared Eastern and Western Districts website; directory combines the two districts; separate IDs retained for matter jurisdiction.,True,94 district entries and 94 bankruptcy jurisdictions are tracked separately; shared websites and territorial bankruptcy jurisdiction do not imply 94 separate bankruptcy courts.,Arkansas Western bankruptcy court,12,0,12,27,12,0,0,0,0,15,English documents available; wider coverage unverified,Logo/seal available,05-Court-and-Judge-Assets/images/07/079f46c625b5d7752f9be2c0a4260ae888849674bb5497f8dfbe7f5295f136bb.png,judiciary_logo,https://www.areb.uscourts.gov/,Statewide source collections do not establish coverage of every county/division/judge; federal shared-site jurisdiction entries are not counts of distinct courts. Counts cover only retained English documents with supported titles. Source-link counts distinguish URLs associated with a retained file from source links without a local copy; source observations do not establish complete coverage.,light,ARWB,12,0,27,"{""https://www.areb.uscourts.gov/forms"":""Official public HTML page fetched on 2026-09-12; TLS verified, robots allowed; HTTP 200"",""https://www.areb.uscourts.gov/forms/all-forms"":""Official public HTML page fetched on 2026-09-12; TLS verified, robots allowed; HTTP 200"",""https://www.areb.uscourts.gov/forms/all-forms/recommended_forms"":""Official public HTML page fetched on 2026-09-12; TLS verified, robots allowed; HTTP 200"",""https://www.areb.uscourts.gov/instructions-official-form-121-statement-about-your-social-security-numbers"":""Official public HTML page fetched on 2026-09-12; TLS verified, robots allowed; HTTP 200""}",,,,,,,
FB:cacb,United States Bankruptcy Court — California Central,bankruptcy,Federal,https://www.cacb.uscourts.gov/,"[""https://www.cacb.uscourts.gov/information"",""https://www.cacb.uscourts.gov/forms-overview"",""https://www.cacb.uscourts.gov/forms/other_forms"",""https://www.cacb.uscourts.gov/forms/petition_forms"",""https://www.cacb.uscourts.gov/forms/mediation_forms"",""https://www.cacb.uscourts.gov/nextgen-cmecf-information"",""https://www.cacb.uscourts.gov/forms/loan_modification_forms"",""https://www.cacb.uscourts.gov/forms/local_bankruptcy_rules_forms"",""https://www.cacb.uscourts.gov/electronic-self-representation-esr-bankruptcy-petition-preparation-system-chapter-7-and-chapter-13""]",https://www.uscourts.gov/about-federal-courts/court-role-and-structure/court-website-links,Official directory observed through Firecrawl on 2026-09-12; forms pages from prior source manifest unless otherwise recorded.,,False,94 district entries and 94 bankruptcy jurisdictions are tracked separately; shared websites and territorial bankruptcy jurisdiction do not imply 94 separate bankruptcy courts.,California Central bankruptcy court,222,20,202,317,218,0,1,0,0,99,English documents available; wider coverage unverified,Logo/seal available,05-Court-and-Judge-Assets/images/ed/ed0b1fbf20d3bec38fb604e12872ab93fb45c2cd6b78d0a085293e2c0db8cf84.png,court_seal,https://www.cacb.uscourts.gov/,Statewide source collections do not establish coverage of every county/division/judge; federal shared-site jurisdiction entries are not counts of distinct courts. Counts cover only retained English documents with supported titles. Source-link counts distinguish URLs associated with a retained file from source links without a local copy; source observations do not establish complete coverage.,light,CACB,222,0,316,,,,,,,,
FB:caeb,United States Bankruptcy Court — California Eastern,bankruptcy,Federal,https://www.caeb.uscourts.gov/,"[""https://www.caeb.uscourts.gov/Nextgen"",""https://www.caeb.uscourts.gov/Forms/Index"",""https://www.caeb.uscourts.gov/Forms/FormsPackage"",""https://www.caeb.uscourts.gov/AttorneyInformation"",""https://www.caeb.uscourts.gov/CertificateOfServiceForm""]",https://www.uscourts.gov/about-federal-courts/court-role-and-structure/court-website-links,Official directory observed through Firecrawl on 2026-09-12; forms pages from prior source manifest unless otherwise recorded.,,False,94 district entries and 94 bankruptcy jurisdictions are tracked separately; shared websites and territorial bankruptcy jurisdiction do not imply 94 separate bankruptcy courts.,California Eastern bankruptcy court,2,0,2,16,2,0,1,0,0,14,English documents available; wider coverage unverified,Logo/seal available,05-Court-and-Judge-Assets/images/4c/4c51b640353a3397f52c3de067b0d5d67a43d7bf0bc83bec3c89c17a66764515.png,court_seal,https://www.caeb.uscourts.gov/,Statewide source collections do not establish coverage of every county/division/judge; federal shared-site jurisdiction entries are not counts of distinct courts. Counts cover only retained English documents with supported titles. Source-link counts distinguish URLs associated with a retained file from source links without a local copy; source observations do not establish complete coverage.,light,CAEB,2,0,15,,,,,,,,
FB:canb,United States Bankruptcy Court — California Northern,bankruptcy,Federal,https://www.canb.uscourts.gov/,"[""https://www.canb.uscourts.gov/forms/oakland"",""https://www.canb.uscourts.gov/forms/sanjose"",""https://www.canb.uscourts.gov/forms/district"",""https://www.canb.uscourts.gov/forms/national"",""https://www.canb.uscourts.gov/forms/sanfrancisco"",""https://www.canb.uscourts.gov/forms/district?page=1"",""https://www.canb.uscourts.gov/chapter-13-attorney-fee-application"",""https://www.canb.uscourts.gov/order/general-order-35-first-amended-chapter-13-attorney%E2%80%99s-fees-cases-using-local-form-chapter-13""]",https://www.uscourts.gov/about-federal-courts/court-role-and-structure/court-website-links,Official directory observed through Firecrawl on 2026-09-12; forms pages from prior source manifest unless otherwise recorded.,,False,94 district entries and 94 bankruptcy jurisdictions are tracked separately; shared websites and territorial bankruptcy jurisdiction do not imply 94 separate bankruptcy courts.,California Northern bankruptcy court,46,19,27,104,52,0,3,0,0,52,English documents available; wider coverage unverified,Logo/seal available,05-Court-and-Judge-Assets/images/d0/d08d29aabd1efd46fb357ea2fc57c5087cc892e548f15f93d4a6cff6182345f7.gif,court_logo,https://www.canb.uscourts.gov/,Statewide source collections do not establish coverage of every county/division/judge; federal shared-site jurisdiction entries are not counts of distinct courts. Counts cover only retained English documents with supported titles. Source-link counts distinguish URLs associated with a retained file from source links without a local copy; source observations do not establish complete coverage.,light,CANB,46,0,101,,,,,,,,
FB:casb,United States Bankruptcy Court — California Southern,bankruptcy,Federal,https://www.casb.uscourts.gov/,"[""https://www.casb.uscourts.gov/esr"",""https://www.casb.uscourts.gov/filing"",""https://www.casb.uscourts.gov/forms/all"",""https://www.casb.uscourts.gov/forms/petition"",""https://www.casb.uscourts.gov/court-information""]",https://www.uscourts.gov/about-federal-courts/court-role-and-structure/court-website-links,Official directory observed through Firecrawl on 2026-09-12; forms pages from prior source manifest unless otherwise recorded.,,False,94 district entries and 94 bankruptcy jurisdictions are tracked separately; shared websites and territorial bankruptcy jurisdiction do not imply 94 separate bankruptcy courts.,California Southern bankruptcy court,168,50,118,340,168,0,1,0,0,172,English documents available; wider coverage unverified,Logo/seal available,05-Court-and-Judge-Assets/images/bb/bb43dc8f60e8bac15c5e10c121a898b70498dcd98c0731837f2085df2fa08a55.png,court_seal,https://www.casb.uscourts.gov/,Statewide source collections do not establish coverage of every county/division/judge; federal shared-site jurisdiction entries are not counts of distinct courts. Counts cover only retained English documents with supported titles. Source-link counts distinguish URLs associated with a retained file from source links without a local copy; source observations do not establish complete coverage.,light,CASB,168,0,339,,,,,,,,
FB:cob,United States Bankruptcy Court — Colorado,bankruptcy,Federal,https://www.cob.uscourts.gov/,"[""https://www.cob.uscourts.gov/forms/all-forms"",""https://www.cob.uscourts.gov/forms/all-forms/chap_7"",""https://www.cob.uscourts.gov/forms/all-forms/chap_11"",""https://www.cob.uscourts.gov/forms/all-forms/chap_12"",""https://www.cob.uscourts.gov/forms/all-forms/chap_13"",""https://www.cob.uscourts.gov/forms/all-forms/adversary"",""https://www.cob.uscourts.gov/forms/all-forms/mandatory_forms"",""https://www.cob.uscourts.gov/forms/all-forms/miscellaneous_forms"",""https://www.cob.uscourts.gov/general-information"",""https://www.cob.uscourts.gov/cmecf-nextgen-information"",""https://www.cob.uscourts.gov/electronic-filing-information"",""https://www.cob.uscourts.gov/forms/chapter-13-voluntary-petition-packet""]",https://www.uscourts.gov/about-federal-courts/court-role-and-structure/court-website-links,Official directory observed through Firecrawl on 2026-09-12; forms pages from prior source manifest unless otherwise recorded.,,False,94 district entries and 94 bankruptcy jurisdictions are tracked separately; shared websites and territorial bankruptcy jurisdiction do not imply 94 separate bankruptcy courts.,Colorado bankruptcy court,11,4,7,132,11,7,1,0,0,121,English documents available; wider coverage unverified,Logo/seal available,05-Court-and-Judge-Assets/images/ce/ce7048899b25aa38a8db9c03af74e89f354f95029b3ee418f0b5d0292e59de8e.png,court_seal,https://www.cob.uscourts.gov/,Statewide source collections do not establish coverage of every county/division/judge; federal shared-site jurisdiction entries are not counts of distinct courts. Counts cover only retained English documents with supported titles. Source-link counts distinguish URLs associated with a retained file from source links without a local copy; source observations do not establish complete coverage.,light,COB,11,0,124,,,,,,,,
FB:ctb,United States Bankruptcy Court — Connecticut,bankruptcy,Federal,https://www.ctb.uscourts.gov/,"[""https://www.ctb.uscourts.gov/local-forms"",""https://www.ctb.uscourts.gov/"",""https://www.ctb.uscourts.gov/cmecf-nextgen"",""https://www.ctb.uscourts.gov/cmecf-information"",""https://www.ctb.uscourts.gov/preferred-forms-proposed-orders"",""https://www.ctb.uscourts.gov/local-rules-bankruptcy-procedure"",""https://www.ctb.uscourts.gov/application-payment-unclaimed-funds"",""https://www.ctb.uscourts.gov/how-obtain-electronic-filing-privileges-cmecf"",""https://www.ctb.uscourts.gov/local-form-chapter-13-plan-and-certificate-service"",""https://www.ctb.uscourts.gov/procedures-and-instructions-appearing-remotely-court"",""https://www.ctb.uscourts.gov/petition-forms-individuals-file-bankruptcy-and-filing-guidelines""]",https://www.uscourts.gov/about-federal-courts/court-role-and-structure/court-website-links,Official directory observed through Firecrawl on 2026-09-12; forms pages from prior source manifest unless otherwise recorded.,,False,94 district entries and 94 bankruptcy jurisdictions are tracked separately; shared websites and territorial bankruptcy jurisdiction do not imply 94 separate bankruptcy courts.,Connecticut bankruptcy court,28,0,28,113,28,0,1,0,0,85,English documents available; wider coverage unverified,Logo/seal available,05-Court-and-Judge-Assets/images/c4/c4748454ede8f9d98f4fe841e9c3a0e501001888c66a6e1a48947c209af80133.png,court_seal,https://www.ctb.uscourts.gov/,Statewide source collections do not establish coverage of every county/division/judge; federal shared-site jurisdiction entries are not counts of distinct courts. Counts cover only retained English documents with supported titles. Source-link counts distinguish URLs associated with a retained file from source links without a local copy; source observations do not establish complete coverage.,light,CTB,28,0,112,,,,,,,,
FB:deb,United States Bankruptcy Court — Delaware,bankruptcy,Federal,https://www.deb.uscourts.gov/,"[""https://www.deb.uscourts.gov/local-forms"",""https://www.deb.uscourts.gov/claims-information"",""https://www.deb.uscourts.gov/general-information"",""https://www.deb.uscourts.gov/nextgen-information"",""https://www.deb.uscourts.gov/noticing-information"",""https://www.deb.uscourts.gov/mediation-information"",""https://www.deb.uscourts.gov/unclaimed-funds-information"",""https://www.deb.uscourts.gov/general-information-for-attorneys"",""https://www.deb.uscourts.gov/information-pro-se-individuals-filing-bankruptcy""]",https://www.uscourts.gov/about-federal-courts/court-role-and-structure/court-website-links,Official directory observed through Firecrawl on 2026-09-12; forms pages from prior source manifest unless otherwise recorded.,,False,94 district entries and 94 bankruptcy jurisdictions are tracked separately; shared websites and territorial bankruptcy jurisdiction do not imply 94 separate bankruptcy courts.,Delaware bankruptcy court,16,1,15,93,16,0,4,0,0,77,English documents available; wider coverage unverified,Logo/seal available,05-Court-and-Judge-Assets/images/ef/ef25159ec976ff975d8693ce4be9cd29dcc82a2445cf1bcdc4e7cf73b525735d.png,court_logo,https://www.deb.uscourts.gov/,Statewide source collections do not establish coverage of every county/division/judge; federal shared-site jurisdiction entries are not counts of distinct courts. Counts cover only retained English documents with supported titles. Source-link counts distinguish URLs associated with a retained file from source links without a local copy; source observations do not establish complete coverage.,light,DEB,16,0,89,,,,,,,,
FB:dcb,United States Bankruptcy Court — District of Columbia,bankruptcy,Federal,https://www.dcb.uscourts.gov/,"[""https://www.dcb.uscourts.gov/forms"",""https://www.dcb.uscourts.gov/local-forms"",""https://www.dcb.uscourts.gov/""]",https://www.uscourts.gov/about-federal-courts/court-role-and-structure/court-website-links,Official directory observed through Firecrawl on 2026-09-12; forms pages from prior source manifest unless otherwise recorded.,,False,94 district entries and 94 bankruptcy jurisdictions are tracked separately; shared websites and territorial bankruptcy jurisdiction do not imply 94 separate bankruptcy courts.,District of Columbia bankruptcy court,9,0,9,81,9,0,9,0,0,72,English documents available; wider coverage unverified,Logo/seal available,05-Court-and-Judge-Assets/images/07/079f46c625b5d7752f9be2c0a4260ae888849674bb5497f8dfbe7f5295f136bb.png,judiciary_logo,https://www.dcb.uscourts.gov/,Statewide source collections do not establish coverage of every county/division/judge; federal shared-site jurisdiction entries are not counts of distinct courts. Counts cover only retained English documents with supported titles. Source-link counts distinguish URLs associated with a retained file from source links without a local copy; source observations do not establish complete coverage.,light,DCB,9,0,72,,,,,,,,
FB:flmb,United States Bankruptcy Court — Florida Middle,bankruptcy,Federal,http://www.flmb.uscourts.gov/,"[""https://www.flmb.uscourts.gov/proguide/index.asp"",""http://www.flmb.uscourts.gov/forms/december-form-changes/"",""https://www.flmb.uscourts.gov/proguide/documents.asp?ID=11"",""https://www.flmb.uscourts.gov/proguide/documents.asp?ID=110"",""https://www.flmb.uscourts.gov/proguide/documents.asp?ID=121"",""https://www.flmb.uscourts.gov/proguide/documents.asp?ID=151"",""https://www.flmb.uscourts.gov/proguide/documents.asp?ID=168"",""https://www.flmb.uscourts.gov/proguide/documents.asp?ID=172"",""https://www.flmb.uscourts.gov/proguide/documents.asp?ID=192"",""https://www.flmb.uscourts.gov/proguide/documents.asp?ID=237"",""https://www.flmb.uscourts.gov/proguide/documents.asp?ID=238"",""https://www.flmb.uscourts.gov/proguide/documents.asp?ID=241""]",https://www.uscourts.gov/about-federal-courts/court-role-and-structure/court-website-links,Official directory observed through Firecrawl on 2026-09-12; forms pages from prior source manifest unless otherwise recorded.,,False,94 district entries and 94 bankruptcy jurisdictions are tracked separately; shared websites and territorial bankruptcy jurisdiction do not imply 94 separate bankruptcy courts.,Florida Middle bankruptcy court,1,0,1,24,1,0,0,0,0,23,English documents available; wider coverage unverified,Text fallback,,,,Statewide source collections do not establish coverage of every county/division/judge; federal shared-site jurisdiction entries are not counts of distinct courts. Counts cover only retained English documents with supported titles. Source-link counts distinguish URLs associated with a retained file from source links without a local copy; source observations do not establish complete coverage.,light,FLMB,1,0,24,,,,,,,,
FB:flnb,United States Bankruptcy Court — Florida Northern,bankruptcy,Federal,https://www.flnb.uscourts.gov/,"[""https://www.flnb.uscourts.gov/forms"",""https://www.flnb.uscourts.gov/bnc-information"",""https://www.flnb.uscourts.gov/filing-without-attorney"",""https://www.flnb.uscourts.gov/nextgen-information-hub"",""https://www.flnb.uscourts.gov/general-hearing-information"",""https://www.flnb.uscourts.gov/instructions-and-procedures-chambers"",""https://www.flnb.uscourts.gov/judicial-seminar-disclosure-information""]",https://www.uscourts.gov/about-federal-courts/court-role-and-structure/court-website-links,Official directory observed through Firecrawl on 2026-09-12; forms pages from prior source manifest unless otherwise recorded.,,False,94 district entries and 94 bankruptcy jurisdictions are tracked separately; shared websites and territorial bankruptcy jurisdiction do not imply 94 separate bankruptcy courts.,Florida Northern bankruptcy court,7,0,7,110,7,1,1,0,0,103,English documents available; wider coverage unverified,Logo/seal available,05-Court-and-Judge-Assets/images/fa/fa67dbc1adbbcfed110088f1f6b2f1b778259187898658294a01b1c1a41510a3.png,court_logo,https://www.flnb.uscourts.gov/,Statewide source collections do not establish coverage of every county/division/judge; federal shared-site jurisdiction entries are not counts of distinct courts. Counts cover only retained English documents with supported titles. Source-link counts distinguish URLs associated with a retained file from source links without a local copy; source observations do not establish complete coverage.,light,FLNB,7,0,108,,,,,,,,
FB:flsb,United States Bankruptcy Court — Florida Southern,bankruptcy,Federal,https://www.flsb.uscourts.gov/,"[""https://www.flsb.uscourts.gov/forms"",""https://www.flsb.uscourts.gov/forms/local-forms"",""https://www.flsb.uscourts.gov/cmecf"",""https://www.flsb.uscourts.gov/node/231"",""https://www.flsb.uscourts.gov/node/1706"",""https://www.flsb.uscourts.gov/court/locations"",""https://www.flsb.uscourts.gov/applicant-information"",""https://www.flsb.uscourts.gov/filing-fees-and-acceptable-forms-payment"",""https://www.flsb.uscourts.gov/new-and-amended-local-bankruptcy-forms-effective-06012026"",""https://www.flsb.uscourts.gov/clerk%E2%80%99s-instructions-and-court%E2%80%99s-guidelines"",""https://www.flsb.uscourts.gov/new-and-amended-court-guidelines-and-clerks-instructions-effective-06012026""]",https://www.uscourts.gov/about-federal-courts/court-role-and-structure/court-website-links,Official directory observed through Firecrawl on 2026-09-12; forms pages from prior source manifest unless otherwise recorded.,,False,94 district entries and 94 bankruptcy jurisdictions are tracked separately; shared websites and territorial bankruptcy jurisdiction do not imply 94 separate bankruptcy courts.,Florida Southern bankruptcy court,97,2,95,380,100,0,14,0,0,280,English documents available; wider coverage unverified,Logo/seal available,05-Court-and-Judge-Assets/images/a7/a7d9217775b69072a478b016124070180701154446603a8dac0cc63740cee418.png,court_seal,https://www.flsb.uscourts.gov/,Statewide source collections do not establish coverage of every county/division/judge; federal shared-site jurisdiction entries are not counts of distinct courts. Counts cover only retained English documents with supported titles. Source-link counts distinguish URLs associated with a retained file from source links without a local copy; source observations do not establish complete coverage.,light,FLSB,97,0,366,,,,,,,,
FB:gamb,United States Bankruptcy Court — Georgia Middle,bankruptcy,Federal,http://www.gamb.uscourts.gov/,"[""https://www.gamb.uscourts.gov/USCourts/forms"",""https://www.gamb.uscourts.gov/USCourts/electronic-summons"",""https://www.gamb.uscourts.gov/USCourts/noticing-information"",""https://www.gamb.uscourts.gov/USCourts/electronic-proof-claim-form"",""https://www.gamb.uscourts.gov/USCourts/programs-general-information"",""https://www.gamb.uscourts.gov/USCourts/local-rules-and-clerks-instructions"",""https://www.gamb.uscourts.gov/USCourts/dial-and-virtual-bankruptcy-hearing-information""]",https://www.uscourts.gov/about-federal-courts/court-role-and-structure/court-website-links,Official directory observed through Firecrawl on 2026-09-12; forms pages from prior source manifest unless otherwise recorded.,,False,94 district entries and 94 bankruptcy jurisdictions are tracked separately; shared websites and territorial bankruptcy jurisdiction do not imply 94 separate bankruptcy courts.,Georgia Middle bankruptcy court,18,1,17,46,18,1,1,0,0,28,English documents available; wider coverage unverified,Logo/seal available,05-Court-and-Judge-Assets/images/35/35394897f831bc4c92d9b719f46f3c749fb9f70013c59dc654c1c39d6fae2dc5.gif,court_seal,https://www.gamb.uscourts.gov/USCourts/,Statewide source collections do not establish coverage of every county/division/judge; federal shared-site jurisdiction entries are not counts of distinct courts. Counts cover only retained English documents with supported titles. Source-link counts distinguish URLs associated with a retained file from source links without a local copy; source observations do not establish complete coverage.,light,GAMB,18,0,44,,,,,,,,
FB:ganb,United States Bankruptcy Court — Georgia Northern,bankruptcy,Federal,https://www.ganb.uscourts.gov/,"[""https://www.ganb.uscourts.gov/forms"",""https://www.ganb.uscourts.gov/file/1386"",""https://www.ganb.uscourts.gov/file/1388"",""https://www.ganb.uscourts.gov/file/1391"",""https://www.ganb.uscourts.gov/file/1499"",""https://www.ganb.uscourts.gov/ganb-local-forms"",""https://www.ganb.uscourts.gov/court-information"",""https://www.ganb.uscourts.gov/service-pleadings"",""https://www.ganb.uscourts.gov/means-test-information"",""https://www.ganb.uscourts.gov/cmecf-help-desk-information"",""https://www.ganb.uscourts.gov/bankruptcy-hearing-information"",""https://www.ganb.uscourts.gov/filing-requirements-chapter-7-petition""]",https://www.uscourts.gov/about-federal-courts/court-role-and-structure/court-website-links,Official directory observed through Firecrawl on 2026-09-12; forms pages from prior source manifest unless otherwise recorded.,,False,94 district entries and 94 bankruptcy jurisdictions are tracked separately; shared websites and territorial bankruptcy jurisdiction do not imply 94 separate bankruptcy courts.,Georgia Northern bankruptcy court,19,0,19,44,20,0,0,0,0,24,English documents available; wider coverage unverified,Logo/seal available,05-Court-and-Judge-Assets/images/d8/d8e85785c553021b88426268608ea54062619df16605691a4aa899fec231ef0e.png,court_seal,https://www.ganb.uscourts.gov/,Statewide source collections do not establish coverage of every county/division/judge; federal shared-site jurisdiction entries are not counts of distinct courts. Counts cover only retained English documents with supported titles. Source-link counts distinguish URLs associated with a retained file from source links without a local copy; source observations do not establish complete coverage.,light,GANB,19,0,44,,,,,,,,
FB:gasb,United States Bankruptcy Court — Georgia Southern,bankruptcy,Federal,https://www.gasb.uscourts.gov/,"[""https://www.gasb.uscourts.gov/local-forms"",""https://www.gasb.uscourts.gov/"",""https://www.gasb.uscourts.gov/local-rules"",""https://www.gasb.uscourts.gov/filing-agents"",""https://www.gasb.uscourts.gov/required-forms"",""https://www.gasb.uscourts.gov/general-information"",""https://www.gasb.uscourts.gov/nextgen-information"",""https://www.gasb.uscourts.gov/unclaimed-funds-information"",""https://www.gasb.uscourts.gov/cmecf-registration-information"",""https://www.gasb.uscourts.gov/filing-requirements-chapter-7-petition"",""https://www.gasb.uscourts.gov/information-regarding-covid-19-and-court-operations""]",https://www.uscourts.gov/about-federal-courts/court-role-and-structure/court-website-links,Official directory observed through Firecrawl on 2026-09-12; forms pages from prior source manifest unless otherwise recorded.,,False,94 district entries and 94 bankruptcy jurisdictions are tracked separately; shared websites and territorial bankruptcy jurisdiction do not imply 94 separate bankruptcy courts.,Georgia Southern bankruptcy court,33,7,26,72,33,0,0,0,0,39,English documents available; wider coverage unverified,Logo/seal available,05-Court-and-Judge-Assets/images/0b/0b697e23bae4fd575f2db1a49cf03ffb6e7c4c6829220a0024b58f58da118798.png,court_seal,https://www.gasb.uscourts.gov/,Statewide source collections do not establish coverage of every county/division/judge; federal shared-site jurisdiction entries are not counts of distinct courts. Counts cover only retained English documents with supported titles. Source-link counts distinguish URLs associated with a retained file from source links without a local copy; source observations do not establish complete coverage.,light,GASB,33,0,72,,,,,,,,
FB:gub,United States Bankruptcy Court — Guam,bankruptcy,Federal,https://www.gud.uscourts.gov/,"[""https://www.gud.uscourts.gov/forms/all-forms/all_bankr"",""https://www.gud.uscourts.gov/content/local-bankruptcy-forms"",""https://www.gud.uscourts.gov/forms/2024-bankruptcy-academy-chapter-7-forms"",""https://www.gud.uscourts.gov/forms/2024-bankruptcy-academy-chapter-13-forms"",""https://www.gud.uscourts.gov/forms/national-official-forms-bankruptcy-cases"",""https://www.gud.uscourts.gov/forms/district-guam-bankruptcy-forms-effective-march-13-2025""]",https://www.uscourts.gov/about-federal-courts/court-role-and-structure/court-website-links,Official directory observed through Firecrawl on 2026-09-12; forms pages from prior source manifest unless otherwise recorded.,Official directory points to a shared court website; collection ID distinguishes district and bankruptcy jurisdiction.,True,94 district entries and 94 bankruptcy jurisdictions are tracked separately; shared websites and territorial bankruptcy jurisdiction do not imply 94 separate bankruptcy courts.,Guam bankruptcy court,3,0,3,9,3,0,0,0,0,6,English documents available; wider coverage unverified,Logo/seal available,05-Court-and-Judge-Assets/images/e8/e82bd676eefb7bf01a687db4127a0489519899124a8642836f5922e0779315df.png,judiciary_logo,https://www.gud.uscourts.gov/,Statewide source collections do not establish coverage of every county/division/judge; federal shared-site jurisdiction entries are not counts of distinct courts. Counts cover only retained English documents with supported titles. Source-link counts distinguish URLs associated with a retained file from source links without a local copy; source observations do not establish complete coverage.,light,GUB,3,0,9,"{""https://www.gud.uscourts.gov/forms/all-forms/all_bankr"":""Official public HTML page fetched on 2026-09-12; TLS verified, robots allowed; HTTP 200"",""https://www.gud.uscourts.gov/content/local-bankruptcy-forms"":""Official public HTML page fetched on 2026-09-12; TLS verified, robots allowed; HTTP 200"",""https://www.gud.uscourts.gov/forms/district-guam-bankruptcy-forms-effective-march-13-2025"":""Official public HTML page fetched on 2026-09-12; TLS verified, robots allowed; HTTP 200"",""https://www.gud.uscourts.gov/forms/2024-bankruptcy-academy-chapter-7-forms"":""Official public HTML page fetched on 2026-09-12; TLS verified, robots allowed; HTTP 200"",""https://www.gud.uscourts.gov/forms/2024-bankruptcy-academy-chapter-13-forms"":""Official public HTML page fetched on 2026-09-12; TLS verified, robots allowed; HTTP 200"",""https://www.gud.uscourts.gov/forms/national-official-forms-bankruptcy-cases"":""Official public HTML page fetched on 2026-09-12; TLS verified, robots allowed; HTTP 200""}",,,,,,,
FB:hib,United States Bankruptcy Court — Hawaii,bankruptcy,Federal,https://www.hib.uscourts.gov/,"[""https://www.hib.uscourts.gov/forms"",""https://www.hib.uscourts.gov/forms/all""]",https://www.uscourts.gov/about-federal-courts/court-role-and-structure/court-website-links,Official directory observed through Firecrawl on 2026-09-12; forms pages from prior source manifest unless otherwise recorded.,,False,94 district entries and 94 bankruptcy jurisdictions are tracked separately; shared websites and territorial bankruptcy jurisdiction do not imply 94 separate bankruptcy courts.,Hawaii bankruptcy court,79,1,78,132,79,0,0,0,0,53,English documents available; wider coverage unverified,Logo/seal available,05-Court-and-Judge-Assets/images/02/027c8d4bf895eb03dbc02825d06934b138be30ce9eb746d9ca912de747f598fc.png,court_logo,https://www.hib.uscourts.gov/,Statewide source collections do not establish coverage of every county/division/judge; federal shared-site jurisdiction entries are not counts of distinct courts. Counts cover only retained English documents with supported titles. Source-link counts distinguish URLs associated with a retained file from source links without a local copy; source observations do not establish complete coverage.,light,HIB,79,0,132,,,,,,,,
FB:idb,United States Bankruptcy Court — Idaho,bankruptcy,Federal,https://www.id.uscourts.gov/,"[""https://www.id.uscourts.gov/bankruptcy/forms_fees_rules"",""https://www.id.uscourts.gov/bankruptcy/pro_se/Forms.cfm"",""https://www.id.uscourts.gov/bankruptcy/forms_fees_rules/Fees.cfm"",""https://www.id.uscourts.gov/bankruptcy/forms_fees_rules/Rules.cfm"",""https://www.id.uscourts.gov/bankruptcy/forms_fees_rules/General_Orders.cfm"",""https://www.id.uscourts.gov/bankruptcy/forms_fees_rules/Miscellaneous_Forms.cfm"",""https://www.id.uscourts.gov/bankruptcy/forms_fees_rules/Retrieve_a_Court_File.cfm""]",https://www.uscourts.gov/about-federal-courts/court-role-and-structure/court-website-links,Official directory observed through Firecrawl on 2026-09-12; forms pages from prior source manifest unless otherwise recorded.,Official directory points to a shared court website; collection ID distinguishes district and bankruptcy jurisdiction.,True,94 district entries and 94 bankruptcy jurisdictions are tracked separately; shared websites and territorial bankruptcy jurisdiction do not imply 94 separate bankruptcy courts.,Idaho bankruptcy court,40,5,35,102,40,0,0,0,0,62,English documents available; wider coverage unverified,Logo/seal available,05-Court-and-Judge-Assets/images/b6/b65df614f4d15a242ece247a967aecf616a8c696d3900af302f639cce20310d2.png,judiciary_logo,https://www.id.uscourts.gov/clerks/Welcome.cfm,Statewide source collections do not establish coverage of every county/division/judge; federal shared-site jurisdiction entries are not counts of distinct courts. Counts cover only retained English documents with supported titles. Source-link counts distinguish URLs associated with a retained file from source links without a local copy; source observations do not establish complete coverage.,light,IDB,40,0,102,"{""https://www.id.uscourts.gov/bankruptcy/forms_fees_rules"":""Official public HTML page fetched on 2026-09-12; TLS verified, robots allowed; HTTP 200"",""https://www.id.uscourts.gov/bankruptcy/forms_fees_rules/Miscellaneous_Forms.cfm"":""Official public HTML page fetched on 2026-09-12; TLS verified, robots allowed; HTTP 200"",""https://www.id.uscourts.gov/bankruptcy/forms_fees_rules/Rules.cfm"":""Official public HTML page fetched on 2026-09-12; TLS verified, robots allowed; HTTP 200"",""https://www.id.uscourts.gov/bankruptcy/forms_fees_rules/Retrieve_a_Court_File.cfm"":""Official public HTML page fetched on 2026-09-12; TLS verified, robots allowed; HTTP 200"",""https://www.id.uscourts.gov/bankruptcy/pro_se/Forms.cfm"":""Official public HTML page fetched on 2026-09-12; TLS verified, robots allowed; HTTP 200"",""https://www.id.uscourts.gov/bankruptcy/forms_fees_rules/General_Orders.cfm"":""Official public HTML page fetched on 2026-09-12; TLS verified, robots allowed; HTTP 200"",""https://www.id.uscourts.gov/bankruptcy/forms_fees_rules/Fees.cfm"":""Official public HTML page fetched on 2026-09-12; TLS verified, robots allowed; HTTP 200""}",,,,,,,
FB:ilcb,United States Bankruptcy Court — Illinois Central,bankruptcy,Federal,https://www.ilcb.uscourts.gov/,"[""https://www.ilcb.uscourts.gov/local-forms"",""https://www.ilcb.uscourts.gov/debn"",""https://www.ilcb.uscourts.gov/voice-case-information-system-vcis"",""https://www.ilcb.uscourts.gov/content/electronic-document-submission-system"",""https://www.ilcb.uscourts.gov/electronic-self-representation-esr-bankruptcy-petition-preparation-system-chapter-7-and-chapter-13""]",https://www.uscourts.gov/about-federal-courts/court-role-and-structure/court-website-links,Official directory observed through Firecrawl on 2026-09-12; forms pages from prior source manifest unless otherwise recorded.,,False,94 district entries and 94 bankruptcy jurisdictions are tracked separately; shared websites and territorial bankruptcy jurisdiction do not imply 94 separate bankruptcy courts.,Illinois Central bankruptcy court,0,0,0,24,0,0,3,0,0,24,No verified English documents in the active library,Logo/seal available,05-Court-and-Judge-Assets/images/c5/c513953c189130db9ab32091f87a62847490c8bb1b84743e1fdb94e0c638b15b.png,court_seal,https://www.ilcb.uscourts.gov/,Statewide source collections do not establish coverage of every county/division/judge; federal shared-site jurisdiction entries are not counts of distinct courts. Counts cover only retained English documents with supported titles. Source-link counts distinguish URLs associated with a retained file from source links without a local copy; source observations do not establish complete coverage.,light,ILCB,0,0,21,,,,,,,,
FB:ilnb,United States Bankruptcy Court — Illinois Northern,bankruptcy,Federal,https://www.ilnb.uscourts.gov/,"[""https://www.ilnb.uscourts.gov/forms/all-forms"",""https://www.ilnb.uscourts.gov/cmecf-information"",""https://www.ilnb.uscourts.gov/forms/general_forms"",""https://www.ilnb.uscourts.gov/chapter-7-information"",""https://www.ilnb.uscourts.gov/forms/chapter_7_forms"",""https://www.ilnb.uscourts.gov/chapter-13-information"",""https://www.ilnb.uscourts.gov/forms/chapter_11_forms"",""https://www.ilnb.uscourts.gov/forms/chapter_13_forms"",""https://www.ilnb.uscourts.gov/forms/unclaimed_funds_forms"",""https://www.ilnb.uscourts.gov/credit-reporting-information"",""https://www.ilnb.uscourts.gov/forms/trustee_unclaimed_funds_forms"",""https://www.ilnb.uscourts.gov/forms/chapter_13_mortgage_modification_forms""]",https://www.uscourts.gov/about-federal-courts/court-role-and-structure/court-website-links,Official directory observed through Firecrawl on 2026-09-12; forms pages from prior source manifest unless otherwise recorded.,,False,94 district entries and 94 bankruptcy jurisdictions are tracked separately; shared websites and territorial bankruptcy jurisdiction do not imply 94 separate bankruptcy courts.,Illinois Northern bankruptcy court,1,0,1,76,1,0,0,0,0,75,English documents available; wider coverage unverified,Logo/seal available,05-Court-and-Judge-Assets/images/07/079f46c625b5d7752f9be2c0a4260ae888849674bb5497f8dfbe7f5295f136bb.png,judiciary_logo,https://www.ilnb.uscourts.gov/,Statewide source collections do not establish coverage of every county/division/judge; federal shared-site jurisdiction entries are not counts of distinct courts. Counts cover only retained English documents with supported titles. Source-link counts distinguish URLs associated with a retained file from source links without a local copy; source observations do not establish complete coverage.,light,ILNB,1,0,76,,,,,,,,
FB:ilsb,United States Bankruptcy Court — Illinois Southern,bankruptcy,Federal,http://www.ilsb.uscourts.gov/,"[""https://www.ilsb.uscourts.gov/forms/all-forms"",""https://www.ilsb.uscourts.gov/nextgen-cmecf"",""https://www.ilsb.uscourts.gov/court-locations"",""https://www.ilsb.uscourts.gov/hearing-information"",""https://www.ilsb.uscourts.gov/cmecf-registration-training-information""]",https://www.uscourts.gov/about-federal-courts/court-role-and-structure/court-website-links,Official directory observed through Firecrawl on 2026-09-12; forms pages from prior source manifest unless otherwise recorded.,,False,94 district entries and 94 bankruptcy jurisdictions are tracked separately; shared websites and territorial bankruptcy jurisdiction do not imply 94 separate bankruptcy courts.,Illinois Southern bankruptcy court,30,0,30,48,31,0,0,0,0,17,English documents available; wider coverage unverified,Logo/seal available,05-Court-and-Judge-Assets/images/4c/4c7c01208279394f594cfa048597946a116cce4e0fdda5daea57cd4809ccf8b2.png,court_seal,https://www.ilsb.uscourts.gov/,Statewide source collections do not establish coverage of every county/division/judge; federal shared-site jurisdiction entries are not counts of distinct courts. Counts cover only retained English documents with supported titles. Source-link counts distinguish URLs associated with a retained file from source links without a local copy; source observations do not establish complete coverage.,light,ILSB,30,0,48,,,,,,,,
FB:innb,United States Bankruptcy Court — Indiana Northern,bankruptcy,Federal,https://www.innb.uscourts.gov/,"[""https://www.innb.uscourts.gov/forms/local-forms"",""https://www.innb.uscourts.gov/multi-court-voice-case-information-mcvcis""]",https://www.uscourts.gov/about-federal-courts/court-role-and-structure/court-website-links,Official directory observed through Firecrawl on 2026-09-12; forms pages from prior source manifest unless otherwise recorded.,,False,94 district entries and 94 bankruptcy jurisdictions are tracked separately; shared websites and territorial bankruptcy jurisdiction do not imply 94 separate bankruptcy courts.,Indiana Northern bankruptcy court,2,0,2,12,2,0,2,0,0,10,English documents available; wider coverage unverified,Logo/seal available,05-Court-and-Judge-Assets/images/bb/bb6eccda14988a6ad7abd7ee298c35b4b996018e6a58210cecec41562b57ed61.png,court_seal,https://www.innb.uscourts.gov/,Statewide source collections do not establish coverage of every county/division/judge; federal shared-site jurisdiction entries are not counts of distinct courts. Counts cover only retained English documents with supported titles. Source-link counts distinguish URLs associated with a retained file from source links without a local copy; source observations do not establish complete coverage.,light,INNB,2,0,10,,,,,,,,
FB:insb,United States Bankruptcy Court — Indiana Southern,bankruptcy,Federal,https://www.insb.uscourts.gov/,"[""https://www.insb.uscourts.gov/trustee-forms"",""https://www.insb.uscourts.gov/case-information"",""https://www.insb.uscourts.gov/petition-preparers"",""https://www.insb.uscourts.gov/unclaimed-funds-forms"",""https://www.insb.uscourts.gov/adversary-proceedings-forms"",""https://www.insb.uscourts.gov/debn-request-form-docket-event"",""https://www.insb.uscourts.gov/initial-case-documents-captions""]",https://www.uscourts.gov/about-federal-courts/court-role-and-structure/court-website-links,Official directory observed through Firecrawl on 2026-09-12; forms pages from prior source manifest unless otherwise recorded.,,False,94 district entries and 94 bankruptcy jurisdictions are tracked separately; shared websites and territorial bankruptcy jurisdiction do not imply 94 separate bankruptcy courts.,Indiana Southern bankruptcy court,13,0,13,34,13,0,2,0,0,21,English documents available; wider coverage unverified,Logo/seal available,05-Court-and-Judge-Assets/images/a8/a8403a68b76d651075ccd429125658d57b81009523aa93b22af96e2b08c34e84.png,court_seal,https://www.insb.uscourts.gov/,Statewide source collections do not establish coverage of every county/division/judge; federal shared-site jurisdiction entries are not counts of distinct courts. Counts cover only retained English documents with supported titles. Source-link counts distinguish URLs associated with a retained file from source links without a local copy; source observations do not establish complete coverage.,light,INSB,13,0,32,,,,,,,,
FB:ianb,United States Bankruptcy Court — Iowa Northern,bankruptcy,Federal,https://www.ianb.uscourts.gov/,"[""https://www.ianb.uscourts.gov/local-forms"",""https://www.ianb.uscourts.gov/office-us-trustee"",""https://www.ianb.uscourts.gov/forms-other-resources"",""https://www.ianb.uscourts.gov/voice-case-information-system-vcis""]",https://www.uscourts.gov/about-federal-courts/court-role-and-structure/court-website-links,Official directory observed through Firecrawl on 2026-09-12; forms pages from prior source manifest unless otherwise recorded.,,False,94 district entries and 94 bankruptcy jurisdictions are tracked separately; shared websites and territorial bankruptcy jurisdiction do not imply 94 separate bankruptcy courts.,Iowa Northern bankruptcy court,10,0,10,28,10,0,1,0,0,18,English documents available; wider coverage unverified,Logo/seal available,05-Court-and-Judge-Assets/images/b2/b2f6624ee066991a48ee500cdd74ec618dbd54463b042c7e74f6bf4adba3ea2f.png,court_seal,https://www.ianb.uscourts.gov/,Statewide source collections do not establish coverage of every county/division/judge; federal shared-site jurisdiction entries are not counts of distinct courts. Counts cover only retained English documents with supported titles. Source-link counts distinguish URLs associated with a retained file from source links without a local copy; source observations do not establish complete coverage.,light,IANB,10,0,27,,,,,,,,
FB:iasb,United States Bankruptcy Court — Iowa Southern,bankruptcy,Federal,https://www.iasb.uscourts.gov/,"[""https://www.iasb.uscourts.gov/unclaimed-funds"",""https://www.iasb.uscourts.gov/bankruptcy-official-forms"",""https://www.iasb.uscourts.gov/information-pro-se-creditors"",""https://www.iasb.uscourts.gov/general-information-all-e-filers"",""https://www.iasb.uscourts.gov/electronic-filing-e-filing-proof-claim""]",https://www.uscourts.gov/about-federal-courts/court-role-and-structure/court-website-links,Official directory observed through Firecrawl on 2026-09-12; forms pages from prior source manifest unless otherwise recorded.,,False,94 district entries and 94 bankruptcy jurisdictions are tracked separately; shared websites and territorial bankruptcy jurisdiction do not imply 94 separate bankruptcy courts.,Iowa Southern bankruptcy court,15,0,15,20,15,0,0,0,0,5,English documents available; wider coverage unverified,Logo/seal available,05-Court-and-Judge-Assets/images/75/75dc63447af1ca9715ca4eaa2c33cad274acbaf99d046227b1edb2795846b00a.png,court_seal,https://www.iasb.uscourts.gov/,Statewide source collections do not establish coverage of every county/division/judge; federal shared-site jurisdiction entries are not counts of distinct courts. Counts cover only retained English documents with supported titles. Source-link counts distinguish URLs associated with a retained file from source links without a local copy; source observations do not establish complete coverage.,light,IASB,15,0,20,,,,,,,,
FB:ksb,United States Bankruptcy Court — Kansas,bankruptcy,Federal,https://www.ksb.uscourts.gov/,"[""https://www.ksb.uscourts.gov/forms"",""https://www.ksb.uscourts.gov/unclaimed-funds-instructions-and-forms""]",https://www.uscourts.gov/about-federal-courts/court-role-and-structure/court-website-links,Official directory observed through Firecrawl on 2026-09-12; forms pages from prior source manifest unless otherwise recorded.,,False,94 district entries and 94 bankruptcy jurisdictions are tracked separately; shared websites and territorial bankruptcy jurisdiction do not imply 94 separate bankruptcy courts.,Kansas bankruptcy court,24,0,24,39,24,0,2,0,0,15,English documents available; wider coverage unverified,Logo/seal available,05-Court-and-Judge-Assets/images/07/079f46c625b5d7752f9be2c0a4260ae888849674bb5497f8dfbe7f5295f136bb.png,judiciary_logo,https://www.ksb.uscourts.gov/,Statewide source collections do not establish coverage of every county/division/judge; federal shared-site jurisdiction entries are not counts of distinct courts. Counts cover only retained English documents with supported titles. Source-link counts distinguish URLs associated with a retained file from source links without a local copy; source observations do not establish complete coverage.,light,KSB,24,0,37,,,,,,,,
FB:kyeb,United States Bankruptcy Court — Kentucky Eastern,bankruptcy,Federal,https://www.kyeb.uscourts.gov/,"[""https://www.kyeb.uscourts.gov/local-forms"",""https://www.kyeb.uscourts.gov/special-instructions"",""https://www.kyeb.uscourts.gov/telephonic-hearing-instructions"",""https://www.kyeb.uscourts.gov/forms/ordering-written-transcript"",""https://www.kyeb.uscourts.gov/credit-report-information-and-disputes"",""https://www.kyeb.uscourts.gov/employee-dispute-resolution-information"",""https://www.kyeb.uscourts.gov/chapter-13-form-plan-and-other-practice-aids""]",https://www.uscourts.gov/about-federal-courts/court-role-and-structure/court-website-links,Official directory observed through Firecrawl on 2026-09-12; forms pages from prior source manifest unless otherwise recorded.,,False,94 district entries and 94 bankruptcy jurisdictions are tracked separately; shared websites and territorial bankruptcy jurisdiction do not imply 94 separate bankruptcy courts.,Kentucky Eastern bankruptcy court,4,0,4,38,4,0,11,0,0,34,English documents available; wider coverage unverified,Logo/seal available,05-Court-and-Judge-Assets/images/07/079f46c625b5d7752f9be2c0a4260ae888849674bb5497f8dfbe7f5295f136bb.png,judiciary_logo,https://www.kyeb.uscourts.gov/,Statewide source collections do not establish coverage of every county/division/judge; federal shared-site jurisdiction entries are not counts of distinct courts. Counts cover only retained English documents with supported titles. Source-link counts distinguish URLs associated with a retained file from source links without a local copy; source observations do not establish complete coverage.,light,KYEB,4,0,27,,,,,,,,
FB:kywb,United States Bankruptcy Court — Kentucky Western,bankruptcy,Federal,https://www.kywb.uscourts.gov/,"[""https://www.kywb.uscourts.gov/local-forms"",""https://www.kywb.uscourts.gov/forms-fees"",""https://www.kywb.uscourts.gov/trustees-section-341-meetings""]",https://www.uscourts.gov/about-federal-courts/court-role-and-structure/court-website-links,Official directory observed through Firecrawl on 2026-09-12; forms pages from prior source manifest unless otherwise recorded.,,False,94 district entries and 94 bankruptcy jurisdictions are tracked separately; shared websites and territorial bankruptcy jurisdiction do not imply 94 separate bankruptcy courts.,Kentucky Western bankruptcy court,15,0,15,53,15,0,0,0,0,38,English documents available; wider coverage unverified,Logo/seal available,05-Court-and-Judge-Assets/images/07/079f46c625b5d7752f9be2c0a4260ae888849674bb5497f8dfbe7f5295f136bb.png,judiciary_logo,https://www.kywb.uscourts.gov/,Statewide source collections do not establish coverage of every county/division/judge; federal shared-site jurisdiction entries are not counts of distinct courts. Counts cover only retained English documents with supported titles. Source-link counts distinguish URLs associated with a retained file from source links without a local copy; source observations do not establish complete coverage.,light,KYWB,15,0,53,,,,,,,,
FB:laeb,United States Bankruptcy Court — Louisiana Eastern,bankruptcy,Federal,https://www.laeb.uscourts.gov/,"[""https://www.laeb.uscourts.gov/forms"",""https://www.laeb.uscourts.gov/forms/all-forms"",""https://www.laeb.uscourts.gov/court-information"",""https://www.laeb.uscourts.gov/filing-information"",""https://www.laeb.uscourts.gov/nextgen-information"",""https://www.laeb.uscourts.gov/attorney-information"",""https://www.laeb.uscourts.gov/nextgen-cmecf-information"",""https://www.laeb.uscourts.gov/court-info/court-locations"",""https://www.laeb.uscourts.gov/forms/mailing-matrix-instructions-and-sample""]",https://www.uscourts.gov/about-federal-courts/court-role-and-structure/court-website-links,Official directory observed through Firecrawl on 2026-09-12; forms pages from prior source manifest unless otherwise recorded.,,False,94 district entries and 94 bankruptcy jurisdictions are tracked separately; shared websites and territorial bankruptcy jurisdiction do not imply 94 separate bankruptcy courts.,Louisiana Eastern bankruptcy court,5,0,5,46,5,0,0,0,0,41,English documents available; wider coverage unverified,Logo/seal available,05-Court-and-Judge-Assets/images/c6/c657bb3ede1cbe78be06b82e884fe84907626b8b495e32fccfb5bb9ec81ba416.png,court_seal,https://www.laeb.uscourts.gov/,Statewide source collections do not establish coverage of every county/division/judge; federal shared-site jurisdiction entries are not counts of distinct courts. Counts cover only retained English documents with supported titles. Source-link counts distinguish URLs associated with a retained file from source links without a local copy; source observations do not establish complete coverage.,light,LAEB,5,0,45,,,,,,,,
FB:lamb,United States Bankruptcy Court — Louisiana Middle,bankruptcy,Federal,https://www.lamb.uscourts.gov/,"[""https://www.lamb.uscourts.gov/forms/local-forms"",""https://www.lamb.uscourts.gov/forms/misc-forms"",""https://www.lamb.uscourts.gov/forms/local-form-09"",""https://www.lamb.uscourts.gov/forms/local-form-10"",""https://www.lamb.uscourts.gov/forms/local-form-10a"",""https://www.lamb.uscourts.gov/order-caption-template"",""https://www.lamb.uscourts.gov/content/court-information"",""https://www.lamb.uscourts.gov/forms/generic-verification-mailing-list"",""https://www.lamb.uscourts.gov/forms/electronic-self-representation-declaration""]",https://www.uscourts.gov/about-federal-courts/court-role-and-structure/court-website-links,Official directory observed through Firecrawl on 2026-09-12; forms pages from prior source manifest unless otherwise recorded.,,False,94 district entries and 94 bankruptcy jurisdictions are tracked separately; shared websites and territorial bankruptcy jurisdiction do not imply 94 separate bankruptcy courts.,Louisiana Middle bankruptcy court,3,1,2,31,3,0,1,0,0,28,English documents available; wider coverage unverified,Logo/seal available,05-Court-and-Judge-Assets/images/be/be4f792ec2fd2a1022f4f49ae3bb011df511a2571f870fac1b6aa95ccbd86224.png,court_seal,https://www.lamb.uscourts.gov/,Statewide source collections do not establish coverage of every county/division/judge; federal shared-site jurisdiction entries are not counts of distinct courts. Counts cover only retained English documents with supported titles. Source-link counts distinguish URLs associated with a retained file from source links without a local copy; source observations do not establish complete coverage.,light,LAMB,3,0,30,,,,,,,,
FB:lawb,United States Bankruptcy Court — Louisiana Western,bankruptcy,Federal,https://www.lawb.uscourts.gov/,"[""https://www.lawb.uscourts.gov/forms"",""https://www.lawb.uscourts.gov/fees"",""https://www.lawb.uscourts.gov/court-information"",""https://www.lawb.uscourts.gov/bankruptcy-forms-individuals"",""https://www.lawb.uscourts.gov/bankruptcy-creditor-information"",""https://www.lawb.uscourts.gov/debtor-information-and-services"",""https://www.lawb.uscourts.gov/registering-and-managing-cmecf-account-information"",""https://www.lawb.uscourts.gov/content/notice-service-information-united-states-america-and-its-agencies-pursuant-standing-order""]",https://www.uscourts.gov/about-federal-courts/court-role-and-structure/court-website-links,Official directory observed through Firecrawl on 2026-09-12; forms pages from prior source manifest unless otherwise recorded.,,False,94 district entries and 94 bankruptcy jurisdictions are tracked separately; shared websites and territorial bankruptcy jurisdiction do not imply 94 separate bankruptcy courts.,Louisiana Western bankruptcy court,26,0,26,47,27,0,0,0,0,20,English documents available; wider coverage unverified,Site icon only,05-Court-and-Judge-Assets/images/aa/aa4633d5292b29853183a90b60f66edbaa517dd9eb0756fba05380f20cfb5880.png,favicon,https://www.lawb.uscourts.gov/,Statewide source collections do not establish coverage of every county/division/judge; federal shared-site jurisdiction entries are not counts of distinct courts. Counts cover only retained English documents with supported titles. Source-link counts distinguish URLs associated with a retained file from source links without a local copy; source observations do not establish complete coverage.,light,LAWB,26,0,47,,,,,,,,
FB:meb,United States Bankruptcy Court — Maine,bankruptcy,Federal,https://www.meb.uscourts.gov/,"[""https://www.meb.uscourts.gov/forms"",""https://www.meb.uscourts.gov/self-filing-information"",""https://www.meb.uscourts.gov/credit-reporting-information""]",https://www.uscourts.gov/about-federal-courts/court-role-and-structure/court-website-links,Official directory observed through Firecrawl on 2026-09-12; forms pages from prior source manifest unless otherwise recorded.,,False,94 district entries and 94 bankruptcy jurisdictions are tracked separately; shared websites and territorial bankruptcy jurisdiction do not imply 94 separate bankruptcy courts.,Maine bankruptcy court,4,0,4,60,4,0,1,0,0,56,English documents available; wider coverage unverified,Logo/seal available,05-Court-and-Judge-Assets/images/d7/d71a86ee19f21065d5e4c0ec61a79abd11b6ac535bfb8c96e1525c3eac08f64e.png,court_logo,https://www.meb.uscourts.gov/,Statewide source collections do not establish coverage of every county/division/judge; federal shared-site jurisdiction entries are not counts of distinct courts. Counts cover only retained English documents with supported titles. Source-link counts distinguish URLs associated with a retained file from source links without a local copy; source observations do not establish complete coverage.,light,MEB,4,0,59,,,,,,,,
FB:mdb,United States Bankruptcy Court — Maryland,bankruptcy,Federal,https://www.mdb.uscourts.gov/,"[""https://www.mdb.uscourts.gov/forms"",""https://www.mdb.uscourts.gov/case-info/trustee-deposit-forms"",""https://www.mdb.uscourts.gov/case-info/credit-reporting-information"",""https://www.mdb.uscourts.gov/for-attorneys/cmecf-nextgen-information"",""https://www.mdb.uscourts.gov/general-info/contact-information-for-trustees"",""https://www.mdb.uscourts.gov/pro-se/bankruptcy-petition-preparer-injunctions""]",https://www.uscourts.gov/about-federal-courts/court-role-and-structure/court-website-links,Official directory observed through Firecrawl on 2026-09-12; forms pages from prior source manifest unless otherwise recorded.,,False,94 district entries and 94 bankruptcy jurisdictions are tracked separately; shared websites and territorial bankruptcy jurisdiction do not imply 94 separate bankruptcy courts.,Maryland bankruptcy court,60,24,36,150,60,0,0,0,0,90,English documents available; wider coverage unverified,Logo/seal available,05-Court-and-Judge-Assets/images/c0/c0d41f0e32d39057dbdf6e1845204efb31c385190200d10105990bc00468066d.png,court_logo,https://www.mdb.uscourts.gov/,Statewide source collections do not establish coverage of every county/division/judge; federal shared-site jurisdiction entries are not counts of distinct courts. Counts cover only retained English documents with supported titles. Source-link counts distinguish URLs associated with a retained file from source links without a local copy; source observations do not establish complete coverage.,light,MDB,60,0,150,,,,,,,,
FB:mab,United States Bankruptcy Court — Massachusetts,bankruptcy,Federal,https://www.mab.uscourts.gov/,"[""https://www.mab.uscourts.gov/court-info"",""https://www.mab.uscourts.gov/judges-information"",""https://www.mab.uscourts.gov/creditor-information"",""https://www.mab.uscourts.gov/official-local-forms"",""https://www.mab.uscourts.gov/nextgen-cm-ecf-information"",""https://www.mab.uscourts.gov/credit-reporting-information"",""https://www.mab.uscourts.gov/sample-forms-and-other-forms"",""https://www.mab.uscourts.gov/information-regarding-chapter-13"",""https://www.mab.uscourts.gov/bankruptcy-court-local-rules-orders-forms""]",https://www.uscourts.gov/about-federal-courts/court-role-and-structure/court-website-links,Official directory observed through Firecrawl on 2026-09-12; forms pages from prior source manifest unless otherwise recorded.,,False,94 district entries and 94 bankruptcy jurisdictions are tracked separately; shared websites and territorial bankruptcy jurisdiction do not imply 94 separate bankruptcy courts.,Massachusetts bankruptcy court,10,0,10,57,10,0,0,0,0,47,English documents available; wider coverage unverified,Logo/seal available,05-Court-and-Judge-Assets/images/3a/3a3d053c530eb93437037eadefe5fa140dc256a15177f95c7aa140a82178a4f9.png,court_seal,https://www.mab.uscourts.gov/,Statewide source collections do not establish coverage of every county/division/judge; federal shared-site jurisdiction entries are not counts of distinct courts. Counts cover only retained English documents with supported titles. Source-link counts distinguish URLs associated with a retained file from source links without a local copy; source observations do not establish complete coverage.,light,MAB,10,0,57,,,,,,,,
FB:mieb,United States Bankruptcy Court — Michigan Eastern,bankruptcy,Federal,https://www.mieb.uscourts.gov/,"[""https://www.mieb.uscourts.gov/local-forms"",""https://www.mieb.uscourts.gov/office-us-trustee"",""https://www.mieb.uscourts.gov/judges-information/judge-paul-r-hage"",""https://www.mieb.uscourts.gov/prose/section/bankruptcy-information"",""https://www.mieb.uscourts.gov/judges-information/judge-mark-a-randon"",""https://www.mieb.uscourts.gov/judges-information/judge-maria-l-oxholm"",""https://www.mieb.uscourts.gov/judges-information/judge-lisa-s-gretchko"",""https://www.mieb.uscourts.gov/judges-information/judge-thomas-j-tucker"",""https://www.mieb.uscourts.gov/judges-information/judge-joel-d-applebaum"",""https://www.mieb.uscourts.gov/additional-forms-filings-and-fees-information"",""https://www.mieb.uscourts.gov/judges-information/chief-judge-daniel-s-opperman"",""https://www.mieb.uscourts.gov/prose/amending-schedules-and-forms-local-rule-1009-1""]",https://www.uscourts.gov/about-federal-courts/court-role-and-structure/court-website-links,Official directory observed through Firecrawl on 2026-09-12; forms pages from prior source manifest unless otherwise recorded.,,False,94 district entries and 94 bankruptcy jurisdictions are tracked separately; shared websites and territorial bankruptcy jurisdiction do not imply 94 separate bankruptcy courts.,Michigan Eastern bankruptcy court,52,0,52,126,52,0,3,0,0,74,English documents available; wider coverage unverified,Logo/seal available,05-Court-and-Judge-Assets/images/f7/f7843cf2d6879416ff349dd7d741b7d046a3a4531415f849d2448d0bd2df69fb.png,court_seal,https://www.mieb.uscourts.gov/,Statewide source collections do not establish coverage of every county/division/judge; federal shared-site jurisdiction entries are not counts of distinct courts. Counts cover only retained English documents with supported titles. Source-link counts distinguish URLs associated with a retained file from source links without a local copy; source observations do not establish complete coverage.,light,MIEB,52,0,123,,,,,,,,
FB:miwb,United States Bankruptcy Court — Michigan Western,bankruptcy,Federal,https://www.miwb.uscourts.gov/,"[""https://www.miwb.uscourts.gov/forms/all-forms"",""https://www.miwb.uscourts.gov/filing-checklists"",""https://www.miwb.uscourts.gov/forms/all-forms?page=1"",""https://www.miwb.uscourts.gov/transcript-information"",""https://www.miwb.uscourts.gov/nextgen-cmecf-information"",""https://www.miwb.uscourts.gov/credit-reporting-information"",""https://www.miwb.uscourts.gov/forms/list-qualified-neutrals"",""https://www.miwb.uscourts.gov/forms/chapter-13-plan-model-plan"",""https://www.miwb.uscourts.gov/forms/application-release-unclaimed-funds-locator"",""https://www.miwb.uscourts.gov/forms/application-release-unclaimed-funds-claimant"",""https://www.miwb.uscourts.gov/content/local-bankruptcy-rules-former-version-effective-february-1-2019""]",https://www.uscourts.gov/about-federal-courts/court-role-and-structure/court-website-links,Official directory observed through Firecrawl on 2026-09-12; forms pages from prior source manifest unless otherwise recorded.,,False,94 district entries and 94 bankruptcy jurisdictions are tracked separately; shared websites and territorial bankruptcy jurisdiction do not imply 94 separate bankruptcy courts.,Michigan Western bankruptcy court,2,0,2,28,2,0,0,0,0,26,English documents available; wider coverage unverified,Logo/seal available,05-Court-and-Judge-Assets/images/07/079f46c625b5d7752f9be2c0a4260ae888849674bb5497f8dfbe7f5295f136bb.png,judiciary_logo,https://www.miwb.uscourts.gov/,Statewide source collections do not establish coverage of every county/division/judge; federal shared-site jurisdiction entries are not counts of distinct courts. Counts cover only retained English documents with supported titles. Source-link counts distinguish URLs associated with a retained file from source links without a local copy; source observations do not establish complete coverage.,light,MIWB,2,0,28,,,,,,,,
FB:mnb,United States Bankruptcy Court — Minnesota,bankruptcy,Federal,https://www.mnb.uscourts.gov/,"[""https://www.mnb.uscourts.gov/local-forms"",""https://www.mnb.uscourts.gov/national-forms"",""https://www.mnb.uscourts.gov/content/local-rules"",""https://www.mnb.uscourts.gov/information-trustees""]",https://www.uscourts.gov/about-federal-courts/court-role-and-structure/court-website-links,Official directory observed through Firecrawl on 2026-09-12; forms pages from prior source manifest unless otherwise recorded.,,False,94 district entries and 94 bankruptcy jurisdictions are tracked separately; shared websites and territorial bankruptcy jurisdiction do not imply 94 separate bankruptcy courts.,Minnesota bankruptcy court,98,0,98,150,98,0,2,0,0,52,English documents available; wider coverage unverified,Logo/seal available,05-Court-and-Judge-Assets/images/c4/c44b6a87204b67124140ec334f1392442435bd2b4b286b3d561c155b6ce6dfb5.png,court_seal,https://www.mnb.uscourts.gov/,Statewide source collections do not establish coverage of every county/division/judge; federal shared-site jurisdiction entries are not counts of distinct courts. Counts cover only retained English documents with supported titles. Source-link counts distinguish URLs associated with a retained file from source links without a local copy; source observations do not establish complete coverage.,light,MNB,98,0,148,,,,,,,,
FB:msnb,United States Bankruptcy Court — Mississippi Northern,bankruptcy,Federal,https://www.msnb.uscourts.gov/,"[""https://www.msnb.uscourts.gov/bankruptcy-forms"",""https://www.msnb.uscourts.gov/e-order-information""]",https://www.uscourts.gov/about-federal-courts/court-role-and-structure/court-website-links,Official directory observed through Firecrawl on 2026-09-12; forms pages from prior source manifest unless otherwise recorded.,,False,94 district entries and 94 bankruptcy jurisdictions are tracked separately; shared websites and territorial bankruptcy jurisdiction do not imply 94 separate bankruptcy courts.,Mississippi Northern bankruptcy court,32,0,32,55,32,0,4,0,0,23,English documents available; wider coverage unverified,Logo/seal available,05-Court-and-Judge-Assets/images/a3/a3ca8b3b8f61fabf0e9a6f551a334313666673fd5a3d141271b8d8a91173b576.png,court_seal,https://www.msnb.uscourts.gov/,Statewide source collections do not establish coverage of every county/division/judge; federal shared-site jurisdiction entries are not counts of distinct courts. Counts cover only retained English documents with supported titles. Source-link counts distinguish URLs associated with a retained file from source links without a local copy; source observations do not establish complete coverage.,light,MSNB,32,0,51,,,,,,,,
FB:mssb,United States Bankruptcy Court — Mississippi Southern,bankruptcy,Federal,https://www.mssb.uscourts.gov/,"[""https://www.mssb.uscourts.gov/forms/all-forms"",""https://www.mssb.uscourts.gov/local-rules"",""https://www.mssb.uscourts.gov/case-information""]",https://www.uscourts.gov/about-federal-courts/court-role-and-structure/court-website-links,Official directory observed through Firecrawl on 2026-09-12; forms pages from prior source manifest unless otherwise recorded.,,False,94 district entries and 94 bankruptcy jurisdictions are tracked separately; shared websites and territorial bankruptcy jurisdiction do not imply 94 separate bankruptcy courts.,Mississippi Southern bankruptcy court,6,0,6,74,6,0,1,0,0,68,English documents available; wider coverage unverified,Logo/seal available,05-Court-and-Judge-Assets/images/07/079f46c625b5d7752f9be2c0a4260ae888849674bb5497f8dfbe7f5295f136bb.png,judiciary_logo,https://www.mssb.uscourts.gov/,Statewide source collections do not establish coverage of every county/division/judge; federal shared-site jurisdiction entries are not counts of distinct courts. Counts cover only retained English documents with supported titles. Source-link counts distinguish URLs associated with a retained file from source links without a local copy; source observations do not establish complete coverage.,light,MSSB,6,0,73,,,,,,,,
FB:moeb,United States Bankruptcy Court — Missouri Eastern,bankruptcy,Federal,https://www.moeb.uscourts.gov/,"[""https://www.moeb.uscourts.gov/forms-0"",""https://www.moeb.uscourts.gov/pro-se-forms"",""https://www.moeb.uscourts.gov/court-information"",""https://www.moeb.uscourts.gov/chapter-7-local-forms"",""https://www.moeb.uscourts.gov/attorney-information-0"",""https://www.moeb.uscourts.gov/chapter-11-local-forms"",""https://www.moeb.uscourts.gov/chapter-12-local-forms"",""https://www.moeb.uscourts.gov/chapter-13-local-forms"",""https://www.moeb.uscourts.gov/cmecf-nextgen-information"",""https://www.moeb.uscourts.gov/naturalization-information"",""https://www.moeb.uscourts.gov/us-trustee-trustee-information"",""https://www.moeb.uscourts.gov/judge-and-courtroom-information""]",https://www.uscourts.gov/about-federal-courts/court-role-and-structure/court-website-links,Official directory observed through Firecrawl on 2026-09-12; forms pages from prior source manifest unless otherwise recorded.,,False,94 district entries and 94 bankruptcy jurisdictions are tracked separately; shared websites and territorial bankruptcy jurisdiction do not imply 94 separate bankruptcy courts.,Missouri Eastern bankruptcy court,14,0,14,202,14,0,15,0,0,188,English documents available; wider coverage unverified,Logo/seal available,05-Court-and-Judge-Assets/images/57/573f32673e2be3a708226bdd2b2dcf4c1049bb75b74a9934434ed24aca269916.png,court_seal,https://www.moeb.uscourts.gov/,Statewide source collections do not establish coverage of every county/division/judge; federal shared-site jurisdiction entries are not counts of distinct courts. Counts cover only retained English documents with supported titles. Source-link counts distinguish URLs associated with a retained file from source links without a local copy; source observations do not establish complete coverage.,light,MOEB,14,0,187,,,,,,,,
FB:mowb,United States Bankruptcy Court — Missouri Western,bankruptcy,Federal,https://www.mow.uscourts.gov/,"[""https://www.mow.uscourts.gov/forms"",""https://www.mow.uscourts.gov/forms/bankruptcy"",""https://www.mow.uscourts.gov/bankruptcy/free%20forms"",""https://www.mow.uscourts.gov/forms/bankruptcy%20pro%20se"",""https://www.mow.uscourts.gov/bankruptcy-timelines-and-forms-needed-file-chapter-7-or-chapter-13""]",https://www.uscourts.gov/about-federal-courts/court-role-and-structure/court-website-links,Official directory observed through Firecrawl on 2026-09-12; forms pages from prior source manifest unless otherwise recorded.,Official directory points to a shared court website; collection ID distinguishes district and bankruptcy jurisdiction.,True,94 district entries and 94 bankruptcy jurisdictions are tracked separately; shared websites and territorial bankruptcy jurisdiction do not imply 94 separate bankruptcy courts.,Missouri Western bankruptcy court,130,2,128,217,130,0,7,0,0,87,English documents available; wider coverage unverified,Logo/seal available,05-Court-and-Judge-Assets/images/60/60abf2e9f08f7d942f78c9223816812277f8ede31caca828766eb25a28f4829e.png,judiciary_logo,https://www.mow.uscourts.gov/,Statewide source collections do not establish coverage of every county/division/judge; federal shared-site jurisdiction entries are not counts of distinct courts. Counts cover only retained English documents with supported titles. Source-link counts distinguish URLs associated with a retained file from source links without a local copy; source observations do not establish complete coverage.,light,MOWB,130,0,210,"{""https://www.mow.uscourts.gov/forms"":""Official public HTML page fetched on 2026-09-12; TLS verified, robots allowed; HTTP 200"",""https://www.mow.uscourts.gov/forms/bankruptcy"":""Official public HTML page fetched on 2026-09-12; TLS verified, robots allowed; HTTP 200"",""https://www.mow.uscourts.gov/bankruptcy/free%20forms"":""Official public HTML page fetched on 2026-09-12; TLS verified, robots allowed; HTTP 200"",""https://www.mow.uscourts.gov/forms/bankruptcy%20pro%20se"":""Official public HTML page fetched on 2026-09-12; TLS verified, robots allowed; HTTP 200"",""https://www.mow.uscourts.gov/bankruptcy-timelines-and-forms-needed-file-chapter-7-or-chapter-13"":""Official public HTML page fetched on 2026-09-12; TLS verified, robots allowed; HTTP 200""}",,,,,,,
FB:mtb,United States Bankruptcy Court — Montana,bankruptcy,Federal,https://www.mtb.uscourts.gov/,"[""https://www.mtb.uscourts.gov/local-forms"",""https://www.mtb.uscourts.gov/matrix-format"",""https://www.mtb.uscourts.gov/national-forms"",""https://www.mtb.uscourts.gov/edr-and-workplace-conduct-information"",""https://www.mtb.uscourts.gov/national-creditor-registration-service""]",https://www.uscourts.gov/about-federal-courts/court-role-and-structure/court-website-links,Official directory observed through Firecrawl on 2026-09-12; forms pages from prior source manifest unless otherwise recorded.,,False,94 district entries and 94 bankruptcy jurisdictions are tracked separately; shared websites and territorial bankruptcy jurisdiction do not imply 94 separate bankruptcy courts.,Montana bankruptcy court,55,47,8,71,55,0,0,0,0,16,English documents available; wider coverage unverified,Logo/seal available,05-Court-and-Judge-Assets/images/9f/9fec0ff0025e453e1c67b2cb0459f41b821d5b0be326975082c985291cf210b6.png,court_seal,https://www.mtb.uscourts.gov/,Statewide source collections do not establish coverage of every county/division/judge; federal shared-site jurisdiction entries are not counts of distinct courts. Counts cover only retained English documents with supported titles. Source-link counts distinguish URLs associated with a retained file from source links without a local copy; source observations do not establish complete coverage.,light,MTB,55,0,71,,,,,,,,
FB:neb,United States Bankruptcy Court — Nebraska,bankruptcy,Federal,https://www.neb.uscourts.gov/,"[""https://www.neb.uscourts.gov/ust-forms"",""https://www.neb.uscourts.gov/nebraska-local-forms"",""https://www.neb.uscourts.gov/noticing-information""]",https://www.uscourts.gov/about-federal-courts/court-role-and-structure/court-website-links,Official directory observed through Firecrawl on 2026-09-12; forms pages from prior source manifest unless otherwise recorded.,,False,94 district entries and 94 bankruptcy jurisdictions are tracked separately; shared websites and territorial bankruptcy jurisdiction do not imply 94 separate bankruptcy courts.,Nebraska bankruptcy court,15,0,15,41,15,0,0,0,0,26,English documents available; wider coverage unverified,Logo/seal available,05-Court-and-Judge-Assets/images/56/56e726bf4e5c228d79edca0c30b64d782a71fd27163adad9f056691fb8d997b3.png,court_seal,https://www.neb.uscourts.gov/,Statewide source collections do not establish coverage of every county/division/judge; federal shared-site jurisdiction entries are not counts of distinct courts. Counts cover only retained English documents with supported titles. Source-link counts distinguish URLs associated with a retained file from source links without a local copy; source observations do not establish complete coverage.,light,NEB,15,0,41,,,,,,,,
FB:nvb,United States Bankruptcy Court — Nevada,bankruptcy,Federal,https://www.nvb.uscourts.gov/,"[""https://www.nvb.uscourts.gov/rules-forms/forms/local-forms/"",""https://www.nvb.uscourts.gov/case-info/"",""https://www.nvb.uscourts.gov/rules-forms/rules/local-rules/"",""https://www.nvb.uscourts.gov/electronic-case-filing/nextgen/"",""https://www.nvb.uscourts.gov/rules-forms/rules/administrative-orders/""]",https://www.uscourts.gov/about-federal-courts/court-role-and-structure/court-website-links,Official directory observed through Firecrawl on 2026-09-12; forms pages from prior source manifest unless otherwise recorded.,,False,94 district entries and 94 bankruptcy jurisdictions are tracked separately; shared websites and territorial bankruptcy jurisdiction do not imply 94 separate bankruptcy courts.,Nevada bankruptcy court,60,0,60,205,60,1,0,0,0,145,English documents available; wider coverage unverified,Site icon only,05-Court-and-Judge-Assets/images/8f/8f338cf2e62d070110cdebcff31c1d6c3d340ac45f2cf687e83ff884d829ce9e.ico,favicon,https://www.nvb.uscourts.gov/,Statewide source collections do not establish coverage of every county/division/judge; federal shared-site jurisdiction entries are not counts of distinct courts. Counts cover only retained English documents with supported titles. Source-link counts distinguish URLs associated with a retained file from source links without a local copy; source observations do not establish complete coverage.,light,NVB,60,0,204,,,,,,,,
FB:nhb,United States Bankruptcy Court — New Hampshire,bankruptcy,Federal,https://www.nhb.uscourts.gov/,"[""https://www.nhb.uscourts.gov/rules-and-forms"",""https://www.nhb.uscourts.gov/judges-info"",""https://www.nhb.uscourts.gov/motion-information"",""https://www.nhb.uscourts.gov/local-bankruptcy-forms"",""https://www.nhb.uscourts.gov/national-bankruptcy-forms-0"",""https://www.nhb.uscourts.gov/fee-waiver-information-poverty-guidelines""]",https://www.uscourts.gov/about-federal-courts/court-role-and-structure/court-website-links,Official directory observed through Firecrawl on 2026-09-12; forms pages from prior source manifest unless otherwise recorded.,,False,94 district entries and 94 bankruptcy jurisdictions are tracked separately; shared websites and territorial bankruptcy jurisdiction do not imply 94 separate bankruptcy courts.,New Hampshire bankruptcy court,26,1,25,72,26,0,2,0,0,46,English documents available; wider coverage unverified,Logo/seal available,05-Court-and-Judge-Assets/images/fd/fd28fab7d6d37d5c8daa0e9b887495e973d6aae3cee49033c18b901ef6f84f4c.png,court_seal,https://www.nhb.uscourts.gov/,Statewide source collections do not establish coverage of every county/division/judge; federal shared-site jurisdiction entries are not counts of distinct courts. Counts cover only retained English documents with supported titles. Source-link counts distinguish URLs associated with a retained file from source links without a local copy; source observations do not establish complete coverage.,light,NHB,26,0,70,,,,,,,,
FB:njb,United States Bankruptcy Court — New Jersey,bankruptcy,Federal,https://www.njb.uscourts.gov/,"[""https://www.njb.uscourts.gov/forms/all-forms"",""https://www.njb.uscourts.gov/forms/all-forms/c"",""https://www.njb.uscourts.gov/forms/all-forms/d"",""https://www.njb.uscourts.gov/forms/all-forms/l"",""https://www.njb.uscourts.gov/forms/all-forms/m"",""https://www.njb.uscourts.gov/forms/all-forms/n"",""https://www.njb.uscourts.gov/forms/all-forms/o"",""https://www.njb.uscourts.gov/forms/all-forms/p"",""https://www.njb.uscourts.gov/forms/all-forms/chap_13"",""https://www.njb.uscourts.gov/forms/all-forms/adversary"",""https://www.njb.uscourts.gov/forms/all-forms/mandatory_forms"",""https://www.njb.uscourts.gov/forms/all-forms/recommended_forms""]",https://www.uscourts.gov/about-federal-courts/court-role-and-structure/court-website-links,Official directory observed through Firecrawl on 2026-09-12; forms pages from prior source manifest unless otherwise recorded.,,False,94 district entries and 94 bankruptcy jurisdictions are tracked separately; shared websites and territorial bankruptcy jurisdiction do not imply 94 separate bankruptcy courts.,New Jersey bankruptcy court,2,0,2,140,2,0,5,0,0,138,English documents available; wider coverage unverified,Text fallback,,,,Statewide source collections do not establish coverage of every county/division/judge; federal shared-site jurisdiction entries are not counts of distinct courts. Counts cover only retained English documents with supported titles. Source-link counts distinguish URLs associated with a retained file from source links without a local copy; source observations do not establish complete coverage.,light,NJB,2,0,135,,,,,,,,
FB:nmb,United States Bankruptcy Court — New Mexico,bankruptcy,Federal,https://www.nmb.uscourts.gov/,"[""https://www.nmb.uscourts.gov/forms/local-forms"",""https://www.nmb.uscourts.gov/forms/clerk-forms"",""https://www.nmb.uscourts.gov/forms/required-forms"",""https://www.nmb.uscourts.gov/forms/recommended-forms"",""https://www.nmb.uscourts.gov/forms/local-forms?page=1"",""https://www.nmb.uscourts.gov/forms/local-forms?page=2"",""https://www.nmb.uscourts.gov/forms/local-forms?page=3"",""https://www.nmb.uscourts.gov/forms/local-forms?page=4"",""https://www.nmb.uscourts.gov/forms/local-forms?page=5"",""https://www.nmb.uscourts.gov/forms/local-forms?page=6"",""https://www.nmb.uscourts.gov/forms/local-forms?order=body&sort=asc"",""https://www.nmb.uscourts.gov/forms/local-forms?order=title&sort=desc""]",https://www.uscourts.gov/about-federal-courts/court-role-and-structure/court-website-links,Official directory observed through Firecrawl on 2026-09-12; forms pages from prior source manifest unless otherwise recorded.,,False,94 district entries and 94 bankruptcy jurisdictions are tracked separately; shared websites and territorial bankruptcy jurisdiction do not imply 94 separate bankruptcy courts.,New Mexico bankruptcy court,103,51,52,155,103,0,0,0,0,52,English documents available; wider coverage unverified,Logo/seal available,05-Court-and-Judge-Assets/images/1f/1fc505176560d6f81397cb55cbbd6d41000dbff434b6ec5e3d1926f68074ce16.png,court_logo,https://www.nmb.uscourts.gov/,Statewide source collections do not establish coverage of every county/division/judge; federal shared-site jurisdiction entries are not counts of distinct courts. Counts cover only retained English documents with supported titles. Source-link counts distinguish URLs associated with a retained file from source links without a local copy; source observations do not establish complete coverage.,light,NMB,103,0,155,,,,,,,,
FB:nyeb,United States Bankruptcy Court — New York Eastern,bankruptcy,Federal,https://www.nyeb.uscourts.gov/,"[""https://www.nyeb.uscourts.gov/about-us"",""https://www.nyeb.uscourts.gov/practice-and-forms"",""https://www.nyeb.uscourts.gov/information-attorneys"",""https://www.nyeb.uscourts.gov/chapter-11-information"",""https://www.nyeb.uscourts.gov/transcript-information"",""https://www.nyeb.uscourts.gov/nextgen-ecf-information-and-procedures"",""https://www.nyeb.uscourts.gov/forms/chapter-13-plan-effective-starting-june-1-2026"",""https://www.nyeb.uscourts.gov/unclaimed-funds-general-information-effective-december-1-2019""]",https://www.uscourts.gov/about-federal-courts/court-role-and-structure/court-website-links,Official directory observed through Firecrawl on 2026-09-12; forms pages from prior source manifest unless otherwise recorded.,,False,94 district entries and 94 bankruptcy jurisdictions are tracked separately; shared websites and territorial bankruptcy jurisdiction do not imply 94 separate bankruptcy courts.,New York Eastern bankruptcy court,35,0,35,65,35,0,1,0,0,30,English documents available; wider coverage unverified,Logo/seal available,05-Court-and-Judge-Assets/images/81/8161385bf67fcb03ec8e48f404d0370c3520cb624ff9f30d17259edabd551f0d.png,court_seal,https://www.nyeb.uscourts.gov/,Statewide source collections do not establish coverage of every county/division/judge; federal shared-site jurisdiction entries are not counts of distinct courts. Counts cover only retained English documents with supported titles. Source-link counts distinguish URLs associated with a retained file from source links without a local copy; source observations do not establish complete coverage.,light,NYEB,35,0,64,,,,,,,,
FB:nynb,United States Bankruptcy Court — New York Northern,bankruptcy,Federal,https://www.nynb.uscourts.gov/,"[""https://www.nynb.uscourts.gov/forms/all-forms/lossmitigation_forms"",""https://www.nynb.uscourts.gov/transcript-information"",""https://www.nynb.uscourts.gov/pro-se-petitioners-packet"",""https://www.nynb.uscourts.gov/credit-reporting-information"",""https://www.nynb.uscourts.gov/federal-record-center-frc-information"",""https://www.nynb.uscourts.gov/form/adversary-proceeding-cover-sheet"",""https://www.nynb.uscourts.gov/form/application-proceed-forma-pauperis-adversary-proceeding-0"",""https://www.nynb.uscourts.gov/form/order-approving-application-proceed-forma-pauperis-adversary-proceeding-0"",""https://www.nynb.uscourts.gov/form/adjournment-requestwithdrawalsettlement-notification-confirmation-hearings"",""https://www.nynb.uscourts.gov/form/adjournment-requestwithdrawalsettlement-notification-motion-calendar-related-matters""]",https://www.uscourts.gov/about-federal-courts/court-role-and-structure/court-website-links,Official directory observed through Firecrawl on 2026-09-12; forms pages from prior source manifest unless otherwise recorded.,,False,94 district entries and 94 bankruptcy jurisdictions are tracked separately; shared websites and territorial bankruptcy jurisdiction do not imply 94 separate bankruptcy courts.,New York Northern bankruptcy court,3,0,3,16,3,0,1,0,0,13,English documents available; wider coverage unverified,Logo/seal available,05-Court-and-Judge-Assets/images/07/079f46c625b5d7752f9be2c0a4260ae888849674bb5497f8dfbe7f5295f136bb.png,judiciary_logo,https://www.nynb.uscourts.gov/,Statewide source collections do not establish coverage of every county/division/judge; federal shared-site jurisdiction entries are not counts of distinct courts. Counts cover only retained English documents with supported titles. Source-link counts distinguish URLs associated with a retained file from source links without a local copy; source observations do not establish complete coverage.,light,NYNB,3,0,15,,,,,,,,
FB:nysb,United States Bankruptcy Court — New York Southern,bankruptcy,Federal,https://www.nysb.uscourts.gov/,"[""https://www.nysb.uscourts.gov/forms"",""https://www.nysb.uscourts.gov/loss-mitigation"",""https://www.nysb.uscourts.gov/chapter-13-forms"",""https://www.nysb.uscourts.gov/claims-agent-forms"",""https://www.nysb.uscourts.gov/noticing-information"",""https://www.nysb.uscourts.gov/unclaimed-funds-info"",""https://www.nysb.uscourts.gov/bankruptcy-information"",""https://www.nysb.uscourts.gov/credit-counseling-forms"",""https://www.nysb.uscourts.gov/information-petitioners"",""https://www.nysb.uscourts.gov/judge-morris-forms-and-orders"",""https://www.nysb.uscourts.gov/chapter-13-filing-and-plan-information"",""https://www.nysb.uscourts.gov/e-filing-instructions-and-filing-information""]",https://www.uscourts.gov/about-federal-courts/court-role-and-structure/court-website-links,Official directory observed through Firecrawl on 2026-09-12; forms pages from prior source manifest unless otherwise recorded.,,False,94 district entries and 94 bankruptcy jurisdictions are tracked separately; shared websites and territorial bankruptcy jurisdiction do not imply 94 separate bankruptcy courts.,New York Southern bankruptcy court,35,16,19,109,36,3,1,0,0,73,English documents available; wider coverage unverified,Logo/seal available,05-Court-and-Judge-Assets/images/03/03fc31f7b2126e28e8068680f2a55781fef4483d06c6b6d18ca394c97dc86c9d.png,court_seal,https://www.nysb.uscourts.gov/,Statewide source collections do not establish coverage of every county/division/judge; federal shared-site jurisdiction entries are not counts of distinct courts. Counts cover only retained English documents with supported titles. Source-link counts distinguish URLs associated with a retained file from source links without a local copy; source observations do not establish complete coverage.,light,NYSB,35,0,105,,,,,,,,
FB:nywb,United States Bankruptcy Court — New York Western,bankruptcy,Federal,https://www.nywb.uscourts.gov/,"[""https://www.nywb.uscourts.gov/financial-information"",""https://www.nywb.uscourts.gov/new-york-western-trustee-forms"",""https://www.nywb.uscourts.gov/new-york-western-procedural-forms"",""https://www.nywb.uscourts.gov/content/unclaimed-funds-information"",""https://www.nywb.uscourts.gov/instructions-retrieving-copies-case-files-case-documents""]",https://www.uscourts.gov/about-federal-courts/court-role-and-structure/court-website-links,Official directory observed through Firecrawl on 2026-09-12; forms pages from prior source manifest unless otherwise recorded.,,False,94 district entries and 94 bankruptcy jurisdictions are tracked separately; shared websites and territorial bankruptcy jurisdiction do not imply 94 separate bankruptcy courts.,New York Western bankruptcy court,24,0,24,39,24,0,0,0,0,15,English documents available; wider coverage unverified,Logo/seal available,05-Court-and-Judge-Assets/images/5e/5e87b080cfec28295d8f10e025e803cd492133abb30b645e908359f94f6799b6.png,court_seal,https://www.nywb.uscourts.gov/,Statewide source collections do not establish coverage of every county/division/judge; federal shared-site jurisdiction entries are not counts of distinct courts. Counts cover only retained English documents with supported titles. Source-link counts distinguish URLs associated with a retained file from source links without a local copy; source observations do not establish complete coverage.,light,NYWB,24,0,39,,,,,,,,
FB:nceb,United States Bankruptcy Court — North Carolina Eastern,bankruptcy,Federal,https://www.nceb.uscourts.gov/,"[""https://www.nceb.uscourts.gov/forms"",""https://www.nceb.uscourts.gov/local-forms"",""https://www.nceb.uscourts.gov/forms/all-forms"",""https://www.nceb.uscourts.gov/forms/all-forms/recommended_forms""]",https://www.uscourts.gov/about-federal-courts/court-role-and-structure/court-website-links,Official directory observed through Firecrawl on 2026-09-12; forms pages from prior source manifest unless otherwise recorded.,,True,94 district entries and 94 bankruptcy jurisdictions are tracked separately; shared websites and territorial bankruptcy jurisdiction do not imply 94 separate bankruptcy courts.,North Carolina Eastern bankruptcy court,41,10,31,175,41,0,3,0,0,134,English documents available; wider coverage unverified,Text fallback,,,,Statewide source collections do not establish coverage of every county/division/judge; federal shared-site jurisdiction entries are not counts of distinct courts. Counts cover only retained English documents with supported titles. Source-link counts distinguish URLs associated with a retained file from source links without a local copy; source observations do not establish complete coverage.,light,NCEB,41,0,172,"{""https://www.nceb.uscourts.gov/local-forms"":""Official public HTML page fetched on 2026-09-12; TLS verified, robots allowed; HTTP 200"",""https://www.nceb.uscourts.gov/forms"":""Official public HTML page fetched on 2026-09-12; TLS verified, robots allowed; HTTP 200"",""https://www.nceb.uscourts.gov/forms/all-forms/recommended_forms"":""Official public HTML page fetched on 2026-09-12; TLS verified, robots allowed; HTTP 200"",""https://www.nceb.uscourts.gov/forms/all-forms"":""Official public HTML page fetched on 2026-09-12; TLS verified, robots allowed; HTTP 200""}",,,,,,,
FB:ncmb,United States Bankruptcy Court — North Carolina Middle,bankruptcy,Federal,https://www.ncmb.uscourts.gov/,"[""https://www.ncmb.uscourts.gov/forms/all-forms"",""https://www.ncmb.uscourts.gov/forms/forms-table"",""https://www.ncmb.uscourts.gov/bankruptcy-reform-act-2005-0""]",https://www.uscourts.gov/about-federal-courts/court-role-and-structure/court-website-links,Official directory observed through Firecrawl on 2026-09-12; forms pages from prior source manifest unless otherwise recorded.,,False,94 district entries and 94 bankruptcy jurisdictions are tracked separately; shared websites and territorial bankruptcy jurisdiction do not imply 94 separate bankruptcy courts.,North Carolina Middle bankruptcy court,31,10,21,96,31,0,1,0,0,65,English documents available; wider coverage unverified,Logo/seal available,05-Court-and-Judge-Assets/images/5c/5cd305182250dc5f09f64e78084d547a6561ce0deac50ff74f8f6b946e31dafc.png,court_seal,https://www.ncmb.uscourts.gov/,Statewide source collections do not establish coverage of every county/division/judge; federal shared-site jurisdiction entries are not counts of distinct courts. Counts cover only retained English documents with supported titles. Source-link counts distinguish URLs associated with a retained file from source links without a local copy; source observations do not establish complete coverage.,light,NCMB,31,0,95,,,,,,,,
FB:ncwb,United States Bankruptcy Court — North Carolina Western,bankruptcy,Federal,https://www.ncwb.uscourts.gov/,"[""https://www.ncwb.uscourts.gov/forms/all-forms/Local%20Forms"",""https://www.ncwb.uscourts.gov/forms/all-forms/Local%20Forms?page=1"",""https://www.ncwb.uscourts.gov/filing-without-attorney"",""https://www.ncwb.uscourts.gov/lmm-procedures-and-forms"",""https://www.ncwb.uscourts.gov/covid-19-orders-and-information"",""https://www.ncwb.uscourts.gov/voice-case-information-system-vcis"",""https://www.ncwb.uscourts.gov/vendor-informationtin-certification""]",https://www.uscourts.gov/about-federal-courts/court-role-and-structure/court-website-links,Official directory observed through Firecrawl on 2026-09-12; forms pages from prior source manifest unless otherwise recorded.,,False,94 district entries and 94 bankruptcy jurisdictions are tracked separately; shared websites and territorial bankruptcy jurisdiction do not imply 94 separate bankruptcy courts.,North Carolina Western bankruptcy court,5,1,4,63,5,0,1,0,0,58,English documents available; wider coverage unverified,Logo/seal available,05-Court-and-Judge-Assets/images/65/651912c11c1a662f370be92ef291ab0d02a73d4bab76eb4d519f75dda673bc9a.png,court_seal,https://www.ncwb.uscourts.gov/,Statewide source collections do not establish coverage of every county/division/judge; federal shared-site jurisdiction entries are not counts of distinct courts. Counts cover only retained English documents with supported titles. Source-link counts distinguish URLs associated with a retained file from source links without a local copy; source observations do not establish complete coverage.,light,NCWB,5,0,62,,,,,,,,
FB:ndb,United States Bankruptcy Court — North Dakota,bankruptcy,Federal,https://www.ndb.uscourts.gov/,"[""https://www.ndb.uscourts.gov/forms"",""https://www.ndb.uscourts.gov/local-forms"",""https://www.ndb.uscourts.gov/chapter-13-forms-and-documents"",""https://www.ndb.uscourts.gov/important-information-all-vendors-and-contractors""]",https://www.uscourts.gov/about-federal-courts/court-role-and-structure/court-website-links,Official directory observed through Firecrawl on 2026-09-12; forms pages from prior source manifest unless otherwise recorded.,,False,94 district entries and 94 bankruptcy jurisdictions are tracked separately; shared websites and territorial bankruptcy jurisdiction do not imply 94 separate bankruptcy courts.,North Dakota bankruptcy court,22,2,20,34,22,0,0,0,0,12,English documents available; wider coverage unverified,Logo/seal available,05-Court-and-Judge-Assets/images/4b/4b5372eee866f27a9ff9eb17c0c51f808e5a181ad93d7d1d2f8467222a957d08.png,court_logo,https://www.ndb.uscourts.gov/,Statewide source collections do not establish coverage of every county/division/judge; federal shared-site jurisdiction entries are not counts of distinct courts. Counts cover only retained English documents with supported titles. Source-link counts distinguish URLs associated with a retained file from source links without a local copy; source observations do not establish complete coverage.,light,NDB,22,0,34,,,,,,,,
FB:ohnb,United States Bankruptcy Court — Ohio Northern,bankruptcy,Federal,https://www.ohnb.uscourts.gov/,"[""https://www.ohnb.uscourts.gov/content/changes-bankruptcy-forms"",""https://www.ohnb.uscourts.gov/content/bankruptcy-form-instructions-individuals"",""https://www.ohnb.uscourts.gov/local-bankruptcy-forms/bankruptcy-petition-preparers""]",https://www.uscourts.gov/about-federal-courts/court-role-and-structure/court-website-links,Official directory observed through Firecrawl on 2026-09-12; forms pages from prior source manifest unless otherwise recorded.,,False,94 district entries and 94 bankruptcy jurisdictions are tracked separately; shared websites and territorial bankruptcy jurisdiction do not imply 94 separate bankruptcy courts.,Ohio Northern bankruptcy court,1,0,1,9,1,0,1,0,0,8,English documents available; wider coverage unverified,Logo/seal available,05-Court-and-Judge-Assets/images/5e/5ee3ba841b5ef1415e1528626791bd157d7d0d8e9076a12c25a0f29d2dbc386b.png,court_seal,https://www.ohnb.uscourts.gov/,Statewide source collections do not establish coverage of every county/division/judge; federal shared-site jurisdiction entries are not counts of distinct courts. Counts cover only retained English documents with supported titles. Source-link counts distinguish URLs associated with a retained file from source links without a local copy; source observations do not establish complete coverage.,light,OHNB,1,0,8,,,,,,,,
FB:ohsb,United States Bankruptcy Court — Ohio Southern,bankruptcy,Federal,https://www.ohsb.uscourts.gov/,"[""https://www.ohsb.uscourts.gov/local-forms""]",https://www.uscourts.gov/about-federal-courts/court-role-and-structure/court-website-links,Official directory observed through Firecrawl on 2026-09-12; forms pages from prior source manifest unless otherwise recorded.,,False,94 district entries and 94 bankruptcy jurisdictions are tracked separately; shared websites and territorial bankruptcy jurisdiction do not imply 94 separate bankruptcy courts.,Ohio Southern bankruptcy court,0,0,0,55,0,0,0,0,0,55,No verified English documents in the active library,Logo/seal available,05-Court-and-Judge-Assets/images/07/079f46c625b5d7752f9be2c0a4260ae888849674bb5497f8dfbe7f5295f136bb.png,judiciary_logo,https://www.ohsb.uscourts.gov/,Statewide source collections do not establish coverage of every county/division/judge; federal shared-site jurisdiction entries are not counts of distinct courts. Counts cover only retained English documents with supported titles. Source-link counts distinguish URLs associated with a retained file from source links without a local copy; source observations do not establish complete coverage.,light,OHSB,0,0,55,,,,,,,,
FB:okeb,United States Bankruptcy Court — Oklahoma Eastern,bankruptcy,Federal,https://www.okeb.uscourts.gov/,"[""https://www.okeb.uscourts.gov/local-forms-list"",""https://www.okeb.uscourts.gov/transcript-forms"",""https://www.okeb.uscourts.gov/nextgen-information"",""https://www.okeb.uscourts.gov/security-information"",""https://www.okeb.uscourts.gov/content/frcrequestform90"",""https://www.okeb.uscourts.gov/credit-report-information"",""https://www.okeb.uscourts.gov/adversary-proceeding-forms"",""https://www.okeb.uscourts.gov/chapter-13-plan-information-0""]",https://www.uscourts.gov/about-federal-courts/court-role-and-structure/court-website-links,Official directory observed through Firecrawl on 2026-09-12; forms pages from prior source manifest unless otherwise recorded.,,False,94 district entries and 94 bankruptcy jurisdictions are tracked separately; shared websites and territorial bankruptcy jurisdiction do not imply 94 separate bankruptcy courts.,Oklahoma Eastern bankruptcy court,13,4,9,63,13,0,2,0,0,50,English documents available; wider coverage unverified,Logo/seal available,05-Court-and-Judge-Assets/images/75/75e6c900f72e83984e00e54249a0a12d5bab22e5ce2b93f9c8ad70083950b8d9.png,court_seal,https://www.okeb.uscourts.gov/,Statewide source collections do not establish coverage of every county/division/judge; federal shared-site jurisdiction entries are not counts of distinct courts. Counts cover only retained English documents with supported titles. Source-link counts distinguish URLs associated with a retained file from source links without a local copy; source observations do not establish complete coverage.,light,OKEB,13,0,61,,,,,,,,
FB:oknb,United States Bankruptcy Court — Oklahoma Northern,bankruptcy,Federal,https://www.oknb.uscourts.gov/,"[""https://www.oknb.uscourts.gov/attorney-forms"",""https://www.oknb.uscourts.gov/content/NextGenInformation"",""https://www.oknb.uscourts.gov/filing-without-attorney-forms"",""https://www.oknb.uscourts.gov/cmecf-registration-information"",""https://www.oknb.uscourts.gov/forms/local-form-1007-1e-pro-se-disclosure"",""https://www.oknb.uscourts.gov/forms/local-form-1007-1f-payment-advices-certification"",""https://www.oknb.uscourts.gov/forms/local-form-3015-3-pre-confirmation-certification"",""https://www.oknb.uscourts.gov/forms/local-form-3070-1d-order-wage-deduction-pdf-format"",""https://www.oknb.uscourts.gov/forms/local-form-3070-1d-order-wage-deduction-microsoft-word-format"",""https://www.oknb.uscourts.gov/forms/local-form-3015-1-chapter-13-plan-2018-revised-plain-fillable-pdf-format"",""https://www.oknb.uscourts.gov/forms/local-form-4002-1b-affidavit-and-disclosure-domestic-support-obligations"",""https://www.oknb.uscourts.gov/forms/local-form-3015-1-chapter-13-plan-2018-revised-fillable-expandable-pdf-xml-format""]",https://www.uscourts.gov/about-federal-courts/court-role-and-structure/court-website-links,Official directory observed through Firecrawl on 2026-09-12; forms pages from prior source manifest unless otherwise recorded.,,False,94 district entries and 94 bankruptcy jurisdictions are tracked separately; shared websites and territorial bankruptcy jurisdiction do not imply 94 separate bankruptcy courts.,Oklahoma Northern bankruptcy court,8,0,8,35,8,0,0,0,0,27,English documents available; wider coverage unverified,Logo/seal available,05-Court-and-Judge-Assets/images/0f/0fe712e8e754a4eeb897638d0b0608d2c014c139696ed37ef6f0c7e7fc77bc26.png,court_seal,https://www.oknb.uscourts.gov/,Statewide source collections do not establish coverage of every county/division/judge; federal shared-site jurisdiction entries are not counts of distinct courts. Counts cover only retained English documents with supported titles. Source-link counts distinguish URLs associated with a retained file from source links without a local copy; source observations do not establish complete coverage.,light,OKNB,8,0,35,,,,,,,,
FB:okwb,United States Bankruptcy Court — Oklahoma Western,bankruptcy,Federal,https://www.okwb.uscourts.gov/,"[""https://www.okwb.uscourts.gov/forms"",""https://www.okwb.uscourts.gov/nextgen-cmecf"",""https://www.okwb.uscourts.gov/paygov-online-payment"",""https://www.okwb.uscourts.gov/bankruptcy-information"",""https://www.okwb.uscourts.gov/cmecf-case-information"",""https://www.okwb.uscourts.gov/transcript-and-multimedia-order-forms""]",https://www.uscourts.gov/about-federal-courts/court-role-and-structure/court-website-links,Official directory observed through Firecrawl on 2026-09-12; forms pages from prior source manifest unless otherwise recorded.,,False,94 district entries and 94 bankruptcy jurisdictions are tracked separately; shared websites and territorial bankruptcy jurisdiction do not imply 94 separate bankruptcy courts.,Oklahoma Western bankruptcy court,22,1,21,47,22,0,0,0,0,25,English documents available; wider coverage unverified,Logo/seal available,05-Court-and-Judge-Assets/images/f4/f463054e0a7f5cc0f77468c3a7f9dbe14825e4e4014af7753efabd4b52d310f7.png,court_seal,https://www.okwb.uscourts.gov/,Statewide source collections do not establish coverage of every county/division/judge; federal shared-site jurisdiction entries are not counts of distinct courts. Counts cover only retained English documents with supported titles. Source-link counts distinguish URLs associated with a retained file from source links without a local copy; source observations do not establish complete coverage.,light,OKWB,22,0,47,,,,,,,,
FB:orb,United States Bankruptcy Court — Oregon,bankruptcy,Federal,https://www.orb.uscourts.gov/,"[""https://www.orb.uscourts.gov/checklist"",""https://www.orb.uscourts.gov/forms/all-local-forms"",""https://www.orb.uscourts.gov/forms-filing-bankruptcy-case"",""https://www.orb.uscourts.gov/judges-telephone-hearing-information"",""https://www.orb.uscourts.gov/electronic-self-representation-esr-bankruptcy-petition-preparation-system-chapter-7-only""]",https://www.uscourts.gov/about-federal-courts/court-role-and-structure/court-website-links,Official directory observed through Firecrawl on 2026-09-12; forms pages from prior source manifest unless otherwise recorded.,,False,94 district entries and 94 bankruptcy jurisdictions are tracked separately; shared websites and territorial bankruptcy jurisdiction do not imply 94 separate bankruptcy courts.,Oregon bankruptcy court,77,0,77,117,77,0,0,0,0,40,English documents available; wider coverage unverified,Logo/seal available,05-Court-and-Judge-Assets/images/07/079f46c625b5d7752f9be2c0a4260ae888849674bb5497f8dfbe7f5295f136bb.png,judiciary_logo,https://www.orb.uscourts.gov/,Statewide source collections do not establish coverage of every county/division/judge; federal shared-site jurisdiction entries are not counts of distinct courts. Counts cover only retained English documents with supported titles. Source-link counts distinguish URLs associated with a retained file from source links without a local copy; source observations do not establish complete coverage.,light,ORB,77,0,117,,,,,,,,
FB:paeb,United States Bankruptcy Court — Pennsylvania Eastern,bankruptcy,Federal,https://www.paeb.uscourts.gov/,"[""https://www.paeb.uscourts.gov/chapter-7-checklist"",""https://www.paeb.uscourts.gov/chapter-13-checklist"",""https://www.paeb.uscourts.gov/content/filing-information"",""https://www.paeb.uscourts.gov/content/mediation-information"",""https://www.paeb.uscourts.gov/content/local-bankruptcy-forms"",""https://www.paeb.uscourts.gov/nextgen-cmecf-registration-forms"",""https://www.paeb.uscourts.gov/court-info/local-rules-and-orders"",""https://www.paeb.uscourts.gov/requirements-filing-bankruptcy-petition"",""https://www.paeb.uscourts.gov/content/local-rules-standing-orders-archived-information""]",https://www.uscourts.gov/about-federal-courts/court-role-and-structure/court-website-links,Official directory observed through Firecrawl on 2026-09-12; forms pages from prior source manifest unless otherwise recorded.,,False,94 district entries and 94 bankruptcy jurisdictions are tracked separately; shared websites and territorial bankruptcy jurisdiction do not imply 94 separate bankruptcy courts.,Pennsylvania Eastern bankruptcy court,54,0,54,95,54,0,3,0,0,41,English documents available; wider coverage unverified,Logo/seal available,05-Court-and-Judge-Assets/images/65/65b065cca2d6a7b6b64d1e56b34788195d9851199c020af51279eaee3f104ec1.png,court_seal,https://www.paeb.uscourts.gov/,Statewide source collections do not establish coverage of every county/division/judge; federal shared-site jurisdiction entries are not counts of distinct courts. Counts cover only retained English documents with supported titles. Source-link counts distinguish URLs associated with a retained file from source links without a local copy; source observations do not establish complete coverage.,light,PAEB,54,0,92,,,,,,,,
FB:pamb,United States Bankruptcy Court — Pennsylvania Middle,bankruptcy,Federal,https://www.pamb.uscourts.gov/,"[""https://www.pamb.uscourts.gov/forms-fees/financial"",""https://www.pamb.uscourts.gov/cmecf-filing-instructions"",""https://www.pamb.uscourts.gov/forms-fees/unclaimed-funds"",""https://www.pamb.uscourts.gov/case-filingsinfo/noticing-information""]",https://www.uscourts.gov/about-federal-courts/court-role-and-structure/court-website-links,Official directory observed through Firecrawl on 2026-09-12; forms pages from prior source manifest unless otherwise recorded.,,False,94 district entries and 94 bankruptcy jurisdictions are tracked separately; shared websites and territorial bankruptcy jurisdiction do not imply 94 separate bankruptcy courts.,Pennsylvania Middle bankruptcy court,4,0,4,5,4,0,0,0,0,1,English documents available; wider coverage unverified,Logo/seal available,05-Court-and-Judge-Assets/images/18/18f37799f14dffd6273b46af1d108f24c85f30c94d311371da079ac76a300f7d.png,court_seal,https://www.pamb.uscourts.gov/,Statewide source collections do not establish coverage of every county/division/judge; federal shared-site jurisdiction entries are not counts of distinct courts. Counts cover only retained English documents with supported titles. Source-link counts distinguish URLs associated with a retained file from source links without a local copy; source observations do not establish complete coverage.,light,PAMB,4,0,5,,,,,,,,
FB:pawb,United States Bankruptcy Court — Pennsylvania Western,bankruptcy,Federal,https://www.pawb.uscourts.gov/,"[""https://www.pawb.uscourts.gov/local-forms"",""https://www.pawb.uscourts.gov/easi.htm"",""https://www.pawb.uscourts.gov/miscellaneous-forms"",""https://www.pawb.uscourts.gov/nextgen-cmecf-information"",""https://www.pawb.uscourts.gov/local-forms-currently-effect"",""https://www.pawb.uscourts.gov/attorney-training-information""]",https://www.uscourts.gov/about-federal-courts/court-role-and-structure/court-website-links,Official directory observed through Firecrawl on 2026-09-12; forms pages from prior source manifest unless otherwise recorded.,,False,94 district entries and 94 bankruptcy jurisdictions are tracked separately; shared websites and territorial bankruptcy jurisdiction do not imply 94 separate bankruptcy courts.,Pennsylvania Western bankruptcy court,118,57,61,145,118,0,3,0,0,27,English documents available; wider coverage unverified,Logo/seal available,05-Court-and-Judge-Assets/images/b0/b0d0aac1b702f1c1c27038cbae6906cbdcab5981cd183bb9f2fa47182acb7742.png,court_seal,https://www.pawb.uscourts.gov/,Statewide source collections do not establish coverage of every county/division/judge; federal shared-site jurisdiction entries are not counts of distinct courts. Counts cover only retained English documents with supported titles. Source-link counts distinguish URLs associated with a retained file from source links without a local copy; source observations do not establish complete coverage.,light,PAWB,118,0,142,,,,,,,,
FB:prb,United States Bankruptcy Court — Puerto Rico,bankruptcy,Federal,https://www.prb.uscourts.gov/,"[""https://www.prb.uscourts.gov/""]",https://www.uscourts.gov/about-federal-courts/court-role-and-structure/court-website-links,Official directory observed through Firecrawl on 2026-09-12; forms pages from prior source manifest unless otherwise recorded.,,True,94 district entries and 94 bankruptcy jurisdictions are tracked separately; shared websites and territorial bankruptcy jurisdiction do not imply 94 separate bankruptcy courts.,Puerto Rico bankruptcy court,26,0,26,67,27,0,1,0,0,40,English documents available; wider coverage unverified,Logo/seal available,05-Court-and-Judge-Assets/images/4b/4bc85446741970ee0d5d46e8a8ab1e2ee8832c04ca8fb8a3a1230ddbeb288e92.png,court_seal,https://www.prb.uscourts.gov/,Statewide source collections do not establish coverage of every county/division/judge; federal shared-site jurisdiction entries are not counts of distinct courts. Counts cover only retained English documents with supported titles. Source-link counts distinguish URLs associated with a retained file from source links without a local copy; source observations do not establish complete coverage.,light,PRB,26,0,66,"{""https://www.prb.uscourts.gov/"":""Official public HTML page fetched on 2026-09-12; TLS verified, robots allowed; HTTP 200""}",,,,,,,
FB:rib,United States Bankruptcy Court — Rhode Island,bankruptcy,Federal,http://www.rib.uscourts.gov/,"[""https://www.rib.uscourts.gov/forms"",""https://www.rib.uscourts.gov/rules-and-forms"",""https://www.rib.uscourts.gov/node/1120"",""https://www.rib.uscourts.gov/local-form"",""https://www.rib.uscourts.gov/loss-mitigation-forms"",""https://www.rib.uscourts.gov/nextgen-cmecf-information"",""https://www.rib.uscourts.gov/microsoft-word-and-pdf-fillable-templates-commonly-used-forms""]",https://www.uscourts.gov/about-federal-courts/court-role-and-structure/court-website-links,Official directory observed through Firecrawl on 2026-09-12; forms pages from prior source manifest unless otherwise recorded.,,False,94 district entries and 94 bankruptcy jurisdictions are tracked separately; shared websites and territorial bankruptcy jurisdiction do not imply 94 separate bankruptcy courts.,Rhode Island bankruptcy court,11,1,10,121,11,0,6,0,0,110,English documents available; wider coverage unverified,Text fallback,,,,Statewide source collections do not establish coverage of every county/division/judge; federal shared-site jurisdiction entries are not counts of distinct courts. Counts cover only retained English documents with supported titles. Source-link counts distinguish URLs associated with a retained file from source links without a local copy; source observations do not establish complete coverage.,light,RIB,11,0,115,,,,,,,,
FB:scb,United States Bankruptcy Court — South Carolina,bankruptcy,Federal,https://www.scb.uscourts.gov/,"[""https://www.scb.uscourts.gov/local-forms"",""https://www.scb.uscourts.gov/case-information"",""https://www.scb.uscourts.gov/trustee-information"",""https://www.scb.uscourts.gov/chambers-guidelines-information""]",https://www.uscourts.gov/about-federal-courts/court-role-and-structure/court-website-links,Official directory observed through Firecrawl on 2026-09-12; forms pages from prior source manifest unless otherwise recorded.,,False,94 district entries and 94 bankruptcy jurisdictions are tracked separately; shared websites and territorial bankruptcy jurisdiction do not imply 94 separate bankruptcy courts.,South Carolina bankruptcy court,60,36,24,87,60,0,0,0,0,27,English documents available; wider coverage unverified,Logo/seal available,05-Court-and-Judge-Assets/images/02/02b3c7b5a5e61b90dc9c3c9df273c1e77bb1b40b7fc61b6eae0d1b51245fd042.png,court_seal,https://www.scb.uscourts.gov/,Statewide source collections do not establish coverage of every county/division/judge; federal shared-site jurisdiction entries are not counts of distinct courts. Counts cover only retained English documents with supported titles. Source-link counts distinguish URLs associated with a retained file from source links without a local copy; source observations do not establish complete coverage.,light,SCB,60,0,87,,,,,,,,
FB:sdb,United States Bankruptcy Court — South Dakota,bankruptcy,Federal,https://www.sdb.uscourts.gov/,"[""https://www.sdb.uscourts.gov/forms/adversary-caption-sample-pdf"",""https://www.sdb.uscourts.gov/forms/adversary-caption-template-word"",""https://www.sdb.uscourts.gov/forms/ch-12-13-joint-debtors-plan-word"",""https://www.sdb.uscourts.gov/forms/ch-12-13-single-debtor-plan-word"",""https://www.sdb.uscourts.gov/forms/abandonment-local-rules-appendix-6d"",""https://www.sdb.uscourts.gov/forms/ch-12-13-joint-debtors-plan-wordperfect"",""https://www.sdb.uscourts.gov/forms/avoid-judicial-lien-local-rules-appendix-4k"",""https://www.sdb.uscourts.gov/forms/certificate-service-local-rules-appendix-9d"",""https://www.sdb.uscourts.gov/forms/amendment-social-security-number-and-notice-amendment-local-rules-appendix-1k"",""https://www.sdb.uscourts.gov/forms/certificate-service-regarding-returned-or-undeliverable-mail-local-rules-appendix-2j"",""https://www.sdb.uscourts.gov/forms/chapter-11-small-business-case-sec-11161-records-cover-sheet-local-rules-appendix-1d"",""https://www.sdb.uscourts.gov/forms/debtors-certification-and-request-discharge-nonindividual-chapter-11-or-12-case-local-rules""]",https://www.uscourts.gov/about-federal-courts/court-role-and-structure/court-website-links,Official directory observed through Firecrawl on 2026-09-12; forms pages from prior source manifest unless otherwise recorded.,,False,94 district entries and 94 bankruptcy jurisdictions are tracked separately; shared websites and territorial bankruptcy jurisdiction do not imply 94 separate bankruptcy courts.,South Dakota bankruptcy court,1,0,1,13,1,0,0,0,0,12,English documents available; wider coverage unverified,Logo/seal available,05-Court-and-Judge-Assets/images/d7/d7c612d033249893e9d89c04b6cef63ec26157a5871226852f34bcb13065ecae.png,court_seal,https://www.sdb.uscourts.gov/,Statewide source collections do not establish coverage of every county/division/judge; federal shared-site jurisdiction entries are not counts of distinct courts. Counts cover only retained English documents with supported titles. Source-link counts distinguish URLs associated with a retained file from source links without a local copy; source observations do not establish complete coverage.,light,SDB,1,0,13,,,,,,,,
FB:tneb,United States Bankruptcy Court — Tennessee Eastern,bankruptcy,Federal,http://www.tneb.uscourts.gov/,"[""https://www.tneb.uscourts.gov/forms/all-forms/mandatory_forms"",""https://www.tneb.uscourts.gov/"",""https://www.tneb.uscourts.gov/matrix"",""https://www.tneb.uscourts.gov/suggested-forms"",""https://www.tneb.uscourts.gov/garnishment-forms"",""https://www.tneb.uscourts.gov/forms-required-local-rules"",""https://www.tneb.uscourts.gov/trustee-zoom-341-meeting-information""]",https://www.uscourts.gov/about-federal-courts/court-role-and-structure/court-website-links,Official directory observed through Firecrawl on 2026-09-12; forms pages from prior source manifest unless otherwise recorded.,,False,94 district entries and 94 bankruptcy jurisdictions are tracked separately; shared websites and territorial bankruptcy jurisdiction do not imply 94 separate bankruptcy courts.,Tennessee Eastern bankruptcy court,42,17,25,70,42,0,3,0,0,28,English documents available; wider coverage unverified,Logo/seal available,05-Court-and-Judge-Assets/images/1d/1d05638c82678f3febfee41f1e291fcc7b123b905bd48e99a4de9e6f0b9ea3fd.gif,court_seal,https://www.tneb.uscourts.gov/,Statewide source collections do not establish coverage of every county/division/judge; federal shared-site jurisdiction entries are not counts of distinct courts. Counts cover only retained English documents with supported titles. Source-link counts distinguish URLs associated with a retained file from source links without a local copy; source observations do not establish complete coverage.,light,TNEB,42,0,66,,,,,,,,
FB:tnmb,United States Bankruptcy Court — Tennessee Middle,bankruptcy,Federal,https://www.tnmb.uscourts.gov/,"[""https://www.tnmb.uscourts.gov/forms/all-forms/admin_intake_forms"",""https://www.tnmb.uscourts.gov/forms/all-forms/local_bankruptcy_forms"",""https://www.tnmb.uscourts.gov/contact-us"",""https://www.tnmb.uscourts.gov/forms/new-9013-form"",""https://www.tnmb.uscourts.gov/nextgen-cmecf-information"",""https://www.tnmb.uscourts.gov/forms/tnmb-certificate-service"",""https://www.tnmb.uscourts.gov/forms/lbr-9075-emergency-motions"",""https://www.tnmb.uscourts.gov/instructions-specific-ecf-filing-events"",""https://www.tnmb.uscourts.gov/forms/unrepresented-party-how-object-9013-motion""]",https://www.uscourts.gov/about-federal-courts/court-role-and-structure/court-website-links,Official directory observed through Firecrawl on 2026-09-12; forms pages from prior source manifest unless otherwise recorded.,,False,94 district entries and 94 bankruptcy jurisdictions are tracked separately; shared websites and territorial bankruptcy jurisdiction do not imply 94 separate bankruptcy courts.,Tennessee Middle bankruptcy court,14,1,13,46,15,0,0,0,0,31,English documents available; wider coverage unverified,Logo/seal available,05-Court-and-Judge-Assets/images/a3/a35bab282ec8c98fa49502466d4f3e41deaf175b1f0e3e7bf7dabe99c1cc46de.png,court_seal,https://www.tnmb.uscourts.gov/,Statewide source collections do not establish coverage of every county/division/judge; federal shared-site jurisdiction entries are not counts of distinct courts. Counts cover only retained English documents with supported titles. Source-link counts distinguish URLs associated with a retained file from source links without a local copy; source observations do not establish complete coverage.,light,TNMB,14,0,46,,,,,,,,
FB:tnwb,United States Bankruptcy Court — Tennessee Western,bankruptcy,Federal,https://www.tnwb.uscourts.gov/,"[""https://www.tnwb.uscourts.gov/TNW/Forms.aspx"",""https://www.tnwb.uscourts.gov/TNW/Trustee.aspx"",""https://www.tnwb.uscourts.gov/TNW/AttorneyECF.aspx""]",https://www.uscourts.gov/about-federal-courts/court-role-and-structure/court-website-links,Official directory observed through Firecrawl on 2026-09-12; forms pages from prior source manifest unless otherwise recorded.,,False,94 district entries and 94 bankruptcy jurisdictions are tracked separately; shared websites and territorial bankruptcy jurisdiction do not imply 94 separate bankruptcy courts.,Tennessee Western bankruptcy court,32,0,32,122,32,0,2,0,0,90,English documents available; wider coverage unverified,Logo/seal available,05-Court-and-Judge-Assets/images/12/12a09fc99bb8dd782a8c03974f139e2d37576e58912e7620fd4c705dfe18214b.png,court_logo,https://www.tnwb.uscourts.gov/TNW/index.aspx,Statewide source collections do not establish coverage of every county/division/judge; federal shared-site jurisdiction entries are not counts of distinct courts. Counts cover only retained English documents with supported titles. Source-link counts distinguish URLs associated with a retained file from source links without a local copy; source observations do not establish complete coverage.,light,TNWB,32,0,120,,,,,,,,
FB:txeb,United States Bankruptcy Court — Texas Eastern,bankruptcy,Federal,https://www.txeb.uscourts.gov/,"[""https://www.txeb.uscourts.gov/forms"",""https://www.txeb.uscourts.gov/forms/7016-exhibit-list"",""https://www.txeb.uscourts.gov/forms/4000-d-order-regarding-status-automatic-stay"",""https://www.txeb.uscourts.gov/forms/order-reopening-ch-13-case-completion-discharge-process""]",https://www.uscourts.gov/about-federal-courts/court-role-and-structure/court-website-links,Official directory observed through Firecrawl on 2026-09-12; forms pages from prior source manifest unless otherwise recorded.,,False,94 district entries and 94 bankruptcy jurisdictions are tracked separately; shared websites and territorial bankruptcy jurisdiction do not imply 94 separate bankruptcy courts.,Texas Eastern bankruptcy court,2,0,2,33,2,0,0,0,0,31,English documents available; wider coverage unverified,Logo/seal available,05-Court-and-Judge-Assets/images/2e/2e9bb0cb28851bd2377a1793dc0da57d80b152ec2fe6d8e891773a6673048a79.png,court_seal,https://www.txeb.uscourts.gov/,Statewide source collections do not establish coverage of every county/division/judge; federal shared-site jurisdiction entries are not counts of distinct courts. Counts cover only retained English documents with supported titles. Source-link counts distinguish URLs associated with a retained file from source links without a local copy; source observations do not establish complete coverage.,light,TXEB,2,0,33,,,,,,,,
FB:txnb,United States Bankruptcy Court — Texas Northern,bankruptcy,Federal,https://www.txnb.uscourts.gov/,"[""https://www.txnb.uscourts.gov/bankruptcy-reform"",""https://www.txnb.uscourts.gov/forms/btxn097-writ-execution"",""https://www.txnb.uscourts.gov/forms/btxn001-abstract-judgment"",""https://www.txnb.uscourts.gov/forms/btxn005-appearance-child-support-creditor"",""https://www.txnb.uscourts.gov/forms/btxn014-exemplification-certificate-adversary"",""https://www.txnb.uscourts.gov/forms/btxn105a-application-admission-pro-hac-vice-adv"",""https://www.txnb.uscourts.gov/forms/btxn002-alternative-dispute-resolution-adr-summary"",""https://www.txnb.uscourts.gov/forms/btxn002-alternative-dispute-resolution-adr-summary-0"",""https://www.txnb.uscourts.gov/information-debtors-without-attorney-representation-pro-se"",""https://www.txnb.uscourts.gov/forms/btxn146-motion-setting-and-request-expedited-hearing-adversary"",""https://www.txnb.uscourts.gov/copies-docket-sheets-claims-registers-certified-copies-information-requests""]",https://www.uscourts.gov/about-federal-courts/court-role-and-structure/court-website-links,Official directory observed through Firecrawl on 2026-09-12; forms pages from prior source manifest unless otherwise recorded.,,False,94 district entries and 94 bankruptcy jurisdictions are tracked separately; shared websites and territorial bankruptcy jurisdiction do not imply 94 separate bankruptcy courts.,Texas Northern bankruptcy court,7,0,7,32,7,0,0,0,0,25,English documents available; wider coverage unverified,Site icon only,05-Court-and-Judge-Assets/images/c9/c96c8cdea312b83693a9c59c47d8f646a4091dcd535dd137cdb30d22165ce852.png,favicon,https://www.txnb.uscourts.gov/,Statewide source collections do not establish coverage of every county/division/judge; federal shared-site jurisdiction entries are not counts of distinct courts. Counts cover only retained English documents with supported titles. Source-link counts distinguish URLs associated with a retained file from source links without a local copy; source observations do not establish complete coverage.,light,TXNB,7,0,32,,,,,,,,
FB:txsb,United States Bankruptcy Court — Texas Southern,bankruptcy,Federal,https://www.txs.uscourts.gov/bankruptcy,"[""https://www.txs.uscourts.gov/attorney-information"",""https://www.txs.uscourts.gov/page/forms-lift-stays"",""https://www.txs.uscourts.gov/offices/laredo-division"",""https://www.txs.uscourts.gov/offices/houston-division"",""https://www.txs.uscourts.gov/offices/mcallen-division"",""https://www.txs.uscourts.gov/offices/galveston-division"",""https://www.txs.uscourts.gov/offices/brownsville-division"",""https://www.txs.uscourts.gov/page/jury-service-information"",""https://www.txs.uscourts.gov/offices/corpus-christi-division"",""https://www.txs.uscourts.gov/district/district-forms-filing-fees"",""https://www.txs.uscourts.gov/page/miscellaneous-bankruptcy-forms"",""https://www.txs.uscourts.gov/bankruptcy/bankruptcy-forms-filing-fees""]",https://www.uscourts.gov/about-federal-courts/court-role-and-structure/court-website-links,Official directory observed through Firecrawl on 2026-09-12; forms pages from prior source manifest unless otherwise recorded.,Official directory points to a shared court website; collection ID distinguishes district and bankruptcy jurisdiction.,False,94 district entries and 94 bankruptcy jurisdictions are tracked separately; shared websites and territorial bankruptcy jurisdiction do not imply 94 separate bankruptcy courts.,Texas Southern bankruptcy court,124,40,84,243,127,0,4,0,0,116,English documents available; wider coverage unverified,Logo/seal available,05-Court-and-Judge-Assets/images/ae/ae74d274ee0a5836f10734632e2ba42ab557984f7b7c57d668502add096942df.png,judiciary_logo,https://www.txs.uscourts.gov/page/bankruptcy-court,Statewide source collections do not establish coverage of every county/division/judge; federal shared-site jurisdiction entries are not counts of distinct courts. Counts cover only retained English documents with supported titles. Source-link counts distinguish URLs associated with a retained file from source links without a local copy; source observations do not establish complete coverage.,light,TXSB,124,0,239,,,,,,,,
FB:txwb,United States Bankruptcy Court — Texas Western,bankruptcy,Federal,https://www.txwb.uscourts.gov/,"[""https://www.txwb.uscourts.gov/forms"",""https://www.txwb.uscourts.gov/registry-information"",""https://www.txwb.uscourts.gov/bankruptcy-reform-act"",""https://www.txwb.uscourts.gov/chapter-13-loan-modification-program"",""https://www.txwb.uscourts.gov/official-forms-western-district-texas""]",https://www.uscourts.gov/about-federal-courts/court-role-and-structure/court-website-links,Official directory observed through Firecrawl on 2026-09-12; forms pages from prior source manifest unless otherwise recorded.,,False,94 district entries and 94 bankruptcy jurisdictions are tracked separately; shared websites and territorial bankruptcy jurisdiction do not imply 94 separate bankruptcy courts.,Texas Western bankruptcy court,26,0,26,83,26,0,4,0,0,57,English documents available; wider coverage unverified,Logo/seal available,05-Court-and-Judge-Assets/images/07/079f46c625b5d7752f9be2c0a4260ae888849674bb5497f8dfbe7f5295f136bb.png,judiciary_logo,https://www.txwb.uscourts.gov/,Statewide source collections do not establish coverage of every county/division/judge; federal shared-site jurisdiction entries are not counts of distinct courts. Counts cover only retained English documents with supported titles. Source-link counts distinguish URLs associated with a retained file from source links without a local copy; source observations do not establish complete coverage.,light,TXWB,26,0,79,,,,,,,,
FB:utb,United States Bankruptcy Court — Utah,bankruptcy,Federal,https://www.utb.uscourts.gov/,"[""https://www.utb.uscourts.gov/forms/statement-issues"",""https://www.utb.uscourts.gov/motion-and-notice-forms"",""https://www.utb.uscourts.gov/forms/amended-matrix-cover-sheet"",""https://www.utb.uscourts.gov/forms/transcript-order-form-appeal"",""https://www.utb.uscourts.gov/forms/amendment-declaration-coversheet"",""https://www.utb.uscourts.gov/forms/designation-record-appeal-continuation"",""https://www.utb.uscourts.gov/post-petition-personal-financial-management-course"",""https://www.utb.uscourts.gov/forms/guidelines-appeal-procedures-united-states-district-court-district-utah""]",https://www.uscourts.gov/about-federal-courts/court-role-and-structure/court-website-links,Official directory observed through Firecrawl on 2026-09-12; forms pages from prior source manifest unless otherwise recorded.,,False,94 district entries and 94 bankruptcy jurisdictions are tracked separately; shared websites and territorial bankruptcy jurisdiction do not imply 94 separate bankruptcy courts.,Utah bankruptcy court,13,0,13,22,13,0,0,0,0,9,English documents available; wider coverage unverified,Logo/seal available,05-Court-and-Judge-Assets/images/61/618b7fe535753e7e2a01d0ddb3e1f8a1ab5afe910e48345878d33e04013b8f0d.png,court_seal,https://www.utb.uscourts.gov/,Statewide source collections do not establish coverage of every county/division/judge; federal shared-site jurisdiction entries are not counts of distinct courts. Counts cover only retained English documents with supported titles. Source-link counts distinguish URLs associated with a retained file from source links without a local copy; source observations do not establish complete coverage.,light,UTB,13,0,22,,,,,,,,
FB:vtb,United States Bankruptcy Court — Vermont,bankruptcy,Federal,https://www.vtb.uscourts.gov/,"[""https://www.vtb.uscourts.gov/debn"",""https://www.vtb.uscourts.gov/pro-se-information-debtors"",""https://www.vtb.uscourts.gov/overview-federal-rules-and-forms-changes"",""https://www.vtb.uscourts.gov/credit-counseling-debtor-education-information"",""https://www.vtb.uscourts.gov/local-bankruptcy-rules-supplement-appendices-forms"",""https://www.vtb.uscourts.gov/information-regarding-bankruptcy-case-malcolm-h-parker-case-12-10684"",""https://www.vtb.uscourts.gov/information-regarding-bankruptcy-case-koffee-kup-bakery-inc-case-21-10168""]",https://www.uscourts.gov/about-federal-courts/court-role-and-structure/court-website-links,Official directory observed through Firecrawl on 2026-09-12; forms pages from prior source manifest unless otherwise recorded.,,False,94 district entries and 94 bankruptcy jurisdictions are tracked separately; shared websites and territorial bankruptcy jurisdiction do not imply 94 separate bankruptcy courts.,Vermont bankruptcy court,35,22,13,88,35,0,0,0,0,53,English documents available; wider coverage unverified,Logo/seal available,05-Court-and-Judge-Assets/images/79/79a343f8c0fe5eeccf5c9c2d715fab65f0ff0b816d8434977af366d5e2e048b1.png,court_seal,https://www.vtb.uscourts.gov/,Statewide source collections do not establish coverage of every county/division/judge; federal shared-site jurisdiction entries are not counts of distinct courts. Counts cover only retained English documents with supported titles. Source-link counts distinguish URLs associated with a retained file from source links without a local copy; source observations do not establish complete coverage.,light,VTB,35,0,88,,,,,,,,
FB:vaeb,United States Bankruptcy Court — Virginia Eastern,bankruptcy,Federal,https://www.vaeb.uscourts.gov/,"[""https://www.vaeb.uscourts.gov/forms/all-forms/mandatory_forms"",""https://www.vaeb.uscourts.gov/forms/all-forms/recommended_forms"",""https://www.vaeb.uscourts.gov/"",""https://www.vaeb.uscourts.gov/bankruptcy-forms"",""https://www.vaeb.uscourts.gov/content/newport-news"",""https://www.vaeb.uscourts.gov/content/nextgen-information"",""https://www.vaeb.uscourts.gov/vcis-voice-case-information-system""]",https://www.uscourts.gov/about-federal-courts/court-role-and-structure/court-website-links,Official directory observed through Firecrawl on 2026-09-12; forms pages from prior source manifest unless otherwise recorded.,,False,94 district entries and 94 bankruptcy jurisdictions are tracked separately; shared websites and territorial bankruptcy jurisdiction do not imply 94 separate bankruptcy courts.,Virginia Eastern bankruptcy court,8,0,8,99,9,0,7,0,0,90,English documents available; wider coverage unverified,Logo/seal available,05-Court-and-Judge-Assets/images/07/079f46c625b5d7752f9be2c0a4260ae888849674bb5497f8dfbe7f5295f136bb.png,judiciary_logo,https://www.vaeb.uscourts.gov/,Statewide source collections do not establish coverage of every county/division/judge; federal shared-site jurisdiction entries are not counts of distinct courts. Counts cover only retained English documents with supported titles. Source-link counts distinguish URLs associated with a retained file from source links without a local copy; source observations do not establish complete coverage.,light,VAEB,8,0,90,,,,,,,,
FB:vawb,United States Bankruptcy Court — Virginia Western,bankruptcy,Federal,http://www.vawb.uscourts.gov/,"[""https://www.vawb.uscourts.gov/forms/"",""https://www.vawb.uscourts.gov/?q=forms"",""https://www.vawb.uscourts.gov/?q=general"",""https://www.vawb.uscourts.gov/?q=esr-information"",""https://www.vawb.uscourts.gov/?q=ecf-registration-forms"",""https://www.vawb.uscourts.gov/?q=appeal-information-sheet"",""https://www.vawb.uscourts.gov/?q=cmecf-nextgen-information-0"",""https://www.vawb.uscourts.gov/?q=e-orders-formatting-requirementssample-order"",""https://www.vawb.uscourts.gov/?q=zoom-video-conference-participation-judge-connelly""]",https://www.uscourts.gov/about-federal-courts/court-role-and-structure/court-website-links,Official directory observed through Firecrawl on 2026-09-12; forms pages from prior source manifest unless otherwise recorded.,,False,94 district entries and 94 bankruptcy jurisdictions are tracked separately; shared websites and territorial bankruptcy jurisdiction do not imply 94 separate bankruptcy courts.,Virginia Western bankruptcy court,6,0,6,99,6,0,40,0,0,93,English documents available; wider coverage unverified,Logo/seal available,05-Court-and-Judge-Assets/images/07/079f46c625b5d7752f9be2c0a4260ae888849674bb5497f8dfbe7f5295f136bb.png,judiciary_logo,https://www.vawb.uscourts.gov/,Statewide source collections do not establish coverage of every county/division/judge; federal shared-site jurisdiction entries are not counts of distinct courts. Counts cover only retained English documents with supported titles. Source-link counts distinguish URLs associated with a retained file from source links without a local copy; source observations do not establish complete coverage.,light,VAWB,6,0,59,,,,,,,,
FB:waeb,United States Bankruptcy Court — Washington Eastern,bankruptcy,Federal,https://www.waeb.uscourts.gov/,"[""https://www.waeb.uscourts.gov/forms/all-forms"",""https://www.waeb.uscourts.gov/""]",https://www.uscourts.gov/about-federal-courts/court-role-and-structure/court-website-links,Official directory observed through Firecrawl on 2026-09-12; forms pages from prior source manifest unless otherwise recorded.,,False,94 district entries and 94 bankruptcy jurisdictions are tracked separately; shared websites and territorial bankruptcy jurisdiction do not imply 94 separate bankruptcy courts.,Washington Eastern bankruptcy court,51,0,51,60,51,0,0,0,0,9,English documents available; wider coverage unverified,Logo/seal available,05-Court-and-Judge-Assets/images/63/63451484bae1c30557cd5e9efb2762fe49dfcc57139e03f944acf75dcd1120bd.png,court_logo,https://www.waeb.uscourts.gov/,Statewide source collections do not establish coverage of every county/division/judge; federal shared-site jurisdiction entries are not counts of distinct courts. Counts cover only retained English documents with supported titles. Source-link counts distinguish URLs associated with a retained file from source links without a local copy; source observations do not establish complete coverage.,light,WAEB,51,0,60,,,,,,,,
FB:wawb,United States Bankruptcy Court — Washington Western,bankruptcy,Federal,https://www.wawb.uscourts.gov/,"[""https://www.wawb.uscourts.gov/forms/all-forms"",""https://www.wawb.uscourts.gov/content/local-bankruptcy-forms"",""https://www.wawb.uscourts.gov/content/local-bankruptcy-rules"",""https://www.wawb.uscourts.gov/content/chapter-13-checklist-forms"",""https://www.wawb.uscourts.gov/content/judgments-orders-form-and-entry"",""https://www.wawb.uscourts.gov/content/local-mediation-rules-and-forms"",""https://www.wawb.uscourts.gov/content/chapter-7-checklist-forms-individuals"",""https://www.wawb.uscourts.gov/court-info/local-rules-and-orders/general-orders"",""https://www.wawb.uscourts.gov/content/court-adopts-amendments-local-bankruptcy-rules-and-forms-effective-dec-1-2023""]",https://www.uscourts.gov/about-federal-courts/court-role-and-structure/court-website-links,Official directory observed through Firecrawl on 2026-09-12; forms pages from prior source manifest unless otherwise recorded.,,True,94 district entries and 94 bankruptcy jurisdictions are tracked separately; shared websites and territorial bankruptcy jurisdiction do not imply 94 separate bankruptcy courts.,Washington Western bankruptcy court,63,0,63,144,71,0,4,0,0,73,English documents available; wider coverage unverified,Logo/seal available,05-Court-and-Judge-Assets/images/ab/ab357165c0f2dfce3bd4499a54f250189f8f16485b32ee09bff8ba82168368cc.png,court_seal,https://www.wawb.uscourts.gov/,Statewide source collections do not establish coverage of every county/division/judge; federal shared-site jurisdiction entries are not counts of distinct courts. Counts cover only retained English documents with supported titles. Source-link counts distinguish URLs associated with a retained file from source links without a local copy; source observations do not establish complete coverage.,light,WAWB,63,0,140,"{""https://www.wawb.uscourts.gov/content/chapter-13-checklist-forms"":""Official public HTML page fetched on 2026-09-12; TLS verified, robots allowed; HTTP 200"",""https://www.wawb.uscourts.gov/content/local-bankruptcy-forms"":""Official public HTML page fetched on 2026-09-12; TLS verified, robots allowed; HTTP 200"",""https://www.wawb.uscourts.gov/content/chapter-7-checklist-forms-individuals"":""Official public HTML page fetched on 2026-09-12; TLS verified, robots allowed; HTTP 200"",""https://www.wawb.uscourts.gov/forms/all-forms"":""Official public HTML page fetched on 2026-09-12; TLS verified, robots allowed; HTTP 200"",""https://www.wawb.uscourts.gov/content/local-mediation-rules-and-forms"":""Official public HTML page fetched on 2026-09-12; TLS verified, robots allowed; HTTP 200"",""https://www.wawb.uscourts.gov/content/court-adopts-amendments-local-bankruptcy-rules-and-forms-effective-dec-1-2023"":""Official public HTML page fetched on 2026-09-12; TLS verified, robots allowed; HTTP 200"",""https://www.wawb.uscourts.gov/content/local-bankruptcy-rules"":""Official public HTML page fetched on 2026-09-12; TLS verified, robots allowed; HTTP 200"",""https://www.wawb.uscourts.gov/content/judgments-orders-form-and-entry"":""Firecrawl map of official website, 2026-09-12; indexed URL, not yet fetched"",""https://www.wawb.uscourts.gov/court-info/local-rules-and-orders/general-orders"":""Official public HTML page fetched on 2026-09-12; TLS verified, robots allowed; HTTP 200""}",,,,,,,
FB:wvnb,United States Bankruptcy Court — West Virginia Northern,bankruptcy,Federal,https://www.wvnb.uscourts.gov/,"[""https://www.wvnb.uscourts.gov/forms"",""https://www.wvnb.uscourts.gov/noticing-information"",""https://www.wvnb.uscourts.gov/forms/362c3-form-motion"",""https://www.wvnb.uscourts.gov/forms/362h1a-form-order"",""https://www.wvnb.uscourts.gov/forms/362h1b-form-order"",""https://www.wvnb.uscourts.gov/forms/362h1a-form-motion"",""https://www.wvnb.uscourts.gov/forms/362h1b-form-motion"",""https://www.wvnb.uscourts.gov/cmecf-helpdesk-information"",""https://www.wvnb.uscourts.gov/ch-7-trustee-341-meeting-forms"",""https://www.wvnb.uscourts.gov/forms/362d-form-order-chapter-13"",""https://www.wvnb.uscourts.gov/forms/362d-form-motion-chapter-13"",""https://www.wvnb.uscourts.gov/clerks-instructions-practice-and-procedure""]",https://www.uscourts.gov/about-federal-courts/court-role-and-structure/court-website-links,Official directory observed through Firecrawl on 2026-09-12; forms pages from prior source manifest unless otherwise recorded.,,False,94 district entries and 94 bankruptcy jurisdictions are tracked separately; shared websites and territorial bankruptcy jurisdiction do not imply 94 separate bankruptcy courts.,West Virginia Northern bankruptcy court,11,1,10,32,11,0,0,0,0,21,English documents available; wider coverage unverified,Logo/seal available,05-Court-and-Judge-Assets/images/7d/7d5200a18c6c332a430aa7265d48bcf0f6ac61795b7f52fe3e9fe50aef61d7d3.png,court_seal,https://www.wvnb.uscourts.gov/,Statewide source collections do not establish coverage of every county/division/judge; federal shared-site jurisdiction entries are not counts of distinct courts. Counts cover only retained English documents with supported titles. Source-link counts distinguish URLs associated with a retained file from source links without a local copy; source observations do not establish complete coverage.,light,WVNB,11,0,32,,,,,,,,
FB:wvsb,United States Bankruptcy Court — West Virginia Southern,bankruptcy,Federal,https://www.wvsb.uscourts.gov/,"[""https://www.wvsb.uscourts.gov/forms"",""https://www.wvsb.uscourts.gov/forms/all-forms"",""https://www.wvsb.uscourts.gov/cmecf-information"",""https://www.wvsb.uscourts.gov/noticing-information"",""https://www.wvsb.uscourts.gov/how-redact-information-electronic-document""]",https://www.uscourts.gov/about-federal-courts/court-role-and-structure/court-website-links,Official directory observed through Firecrawl on 2026-09-12; forms pages from prior source manifest unless otherwise recorded.,,False,94 district entries and 94 bankruptcy jurisdictions are tracked separately; shared websites and territorial bankruptcy jurisdiction do not imply 94 separate bankruptcy courts.,West Virginia Southern bankruptcy court,2,0,2,25,2,0,0,0,0,23,English documents available; wider coverage unverified,Logo/seal available,05-Court-and-Judge-Assets/images/6f/6f9d0aa07746684fd9bf7b055b0e4dd626ff1d88eba04aed6606c490388922b2.png,court_seal,https://www.wvsb.uscourts.gov/,Statewide source collections do not establish coverage of every county/division/judge; federal shared-site jurisdiction entries are not counts of distinct courts. Counts cover only retained English documents with supported titles. Source-link counts distinguish URLs associated with a retained file from source links without a local copy; source observations do not establish complete coverage.,light,WVSB,2,0,24,,,,,,,,
FB:wieb,United States Bankruptcy Court — Wisconsin Eastern,bankruptcy,Federal,https://www.wieb.uscourts.gov/,"[""https://www.wieb.uscourts.gov/court-information"",""https://www.wieb.uscourts.gov/local-sample-forms"",""https://www.wieb.uscourts.gov/cmecf-case-information"",""https://www.wieb.uscourts.gov/training-and-registration"",""https://www.wieb.uscourts.gov/uniform-doomsday-procedures"",""https://www.wieb.uscourts.gov/bankruptcy-forms-required-filing""]",https://www.uscourts.gov/about-federal-courts/court-role-and-structure/court-website-links,Official directory observed through Firecrawl on 2026-09-12; forms pages from prior source manifest unless otherwise recorded.,,False,94 district entries and 94 bankruptcy jurisdictions are tracked separately; shared websites and territorial bankruptcy jurisdiction do not imply 94 separate bankruptcy courts.,Wisconsin Eastern bankruptcy court,74,40,34,123,74,0,2,0,0,49,English documents available; wider coverage unverified,Logo/seal available,05-Court-and-Judge-Assets/images/61/61d689e9fcd50ed17c0ce4bc4ad5df4dd901db1e9bcb90495e396b8dd79564c8.png,judiciary_logo,https://www.wieb.uscourts.gov/,Statewide source collections do not establish coverage of every county/division/judge; federal shared-site jurisdiction entries are not counts of distinct courts. Counts cover only retained English documents with supported titles. Source-link counts distinguish URLs associated with a retained file from source links without a local copy; source observations do not establish complete coverage.,light,WIEB,74,0,121,,,,,,,,
FB:wiwb,United States Bankruptcy Court — Wisconsin Western,bankruptcy,Federal,https://www.wiwb.uscourts.gov/,"[""https://www.wiwb.uscourts.gov/forms"",""https://www.wiwb.uscourts.gov/credit-reporting-information""]",https://www.uscourts.gov/about-federal-courts/court-role-and-structure/court-website-links,Official directory observed through Firecrawl on 2026-09-12; forms pages from prior source manifest unless otherwise recorded.,,False,94 district entries and 94 bankruptcy jurisdictions are tracked separately; shared websites and territorial bankruptcy jurisdiction do not imply 94 separate bankruptcy courts.,Wisconsin Western bankruptcy court,12,0,12,34,12,0,0,0,0,22,English documents available; wider coverage unverified,Logo/seal available,05-Court-and-Judge-Assets/images/07/079f46c625b5d7752f9be2c0a4260ae888849674bb5497f8dfbe7f5295f136bb.png,judiciary_logo,https://www.wiwb.uscourts.gov/,Statewide source collections do not establish coverage of every county/division/judge; federal shared-site jurisdiction entries are not counts of distinct courts. Counts cover only retained English documents with supported titles. Source-link counts distinguish URLs associated with a retained file from source links without a local copy; source observations do not establish complete coverage.,light,WIWB,12,0,34,,,,,,,,
FB:wyb,United States Bankruptcy Court — Wyoming,bankruptcy,Federal,https://www.wyb.uscourts.gov/,"[""https://www.wyb.uscourts.gov/forms"",""https://www.wyb.uscourts.gov/forms/local-bankruptcy-form"",""https://www.wyb.uscourts.gov/forms/local-bankruptcy-form-b"",""https://www.wyb.uscourts.gov/forms/local-bankruptcy-form-c"",""https://www.wyb.uscourts.gov/forms/local-bankruptcy-form-d"",""https://www.wyb.uscourts.gov/forms/local-bankruptcy-form-e"",""https://www.wyb.uscourts.gov/forms/local-bankruptcy-form-f""]",https://www.uscourts.gov/about-federal-courts/court-role-and-structure/court-website-links,Official directory observed through Firecrawl on 2026-09-12; forms pages from prior source manifest unless otherwise recorded.,,False,94 district entries and 94 bankruptcy jurisdictions are tracked separately; shared websites and territorial bankruptcy jurisdiction do not imply 94 separate bankruptcy courts.,Wyoming bankruptcy court,3,0,3,11,3,0,0,0,0,8,English documents available; wider coverage unverified,Site icon only,05-Court-and-Judge-Assets/images/aa/aa4633d5292b29853183a90b60f66edbaa517dd9eb0756fba05380f20cfb5880.png,favicon,https://www.wyb.uscourts.gov/,Statewide source collections do not establish coverage of every county/division/judge; federal shared-site jurisdiction entries are not counts of distinct courts. Counts cover only retained English documents with supported titles. Source-link counts distinguish URLs associated with a retained file from source links without a local copy; source observations do not establish complete coverage.,light,WYB,3,0,11,,,,,,,,
FB:nmib,United States Bankruptcy Jurisdiction — Northern Mariana Islands,bankruptcy,Federal,https://www.nmid.uscourts.gov/,"[""https://www.nmid.uscourts.gov/forms/all-forms/bankruptcy_forms""]",https://pacer.uscourts.gov/file-case/court-cmecf-lookup,Official directory observed through Firecrawl on 2026-09-12; forms pages from prior source manifest unless otherwise recorded.,Bankruptcy entry verified in official PACER public directory. Public homepage is the district court website listed by US Courts; no separate bankruptcy homepage asserted.,True,94 district entries and 94 bankruptcy jurisdictions are tracked separately; shared websites and territorial bankruptcy jurisdiction do not imply 94 separate bankruptcy courts.,Northern Mariana Islands bankruptcy court,1,0,1,2,1,0,0,0,0,1,English documents available; wider coverage unverified,Logo/seal available,05-Court-and-Judge-Assets/images/10/103eac7c2c7bcc698c87b1c75a9ef914d4552d731bce49e9c0f2c0bd6986cf62.png,judiciary_logo,https://www.nmid.uscourts.gov/,Statewide source collections do not establish coverage of every county/division/judge; federal shared-site jurisdiction entries are not counts of distinct courts. Counts cover only retained English documents with supported titles. Source-link counts distinguish URLs associated with a retained file from source links without a local copy; source observations do not establish complete coverage.,light,NMIB,1,0,2,"{""https://www.nmid.uscourts.gov/forms/all-forms/bankruptcy_forms"":""Official public HTML page fetched on 2026-09-12; TLS verified, robots allowed; HTTP 200""}",,,,,,,
FB:vib,United States Bankruptcy Jurisdiction — Virgin Islands,bankruptcy,Federal,https://www.vid.uscourts.gov/,"[""https://www.vid.uscourts.gov/forms/all-forms/bankruptcy_forms"",""https://www.vid.uscourts.gov/forms/bankruptcy-form-30""]",https://pacer.uscourts.gov/file-case/court-cmecf-lookup,Official directory observed through Firecrawl on 2026-09-12; forms pages from prior source manifest unless otherwise recorded.,Bankruptcy entry verified in official PACER public directory. Public homepage is the district court website listed by US Courts; no separate bankruptcy homepage asserted.,True,94 district entries and 94 bankruptcy jurisdictions are tracked separately; shared websites and territorial bankruptcy jurisdiction do not imply 94 separate bankruptcy courts.,Virgin Islands bankruptcy court,4,0,4,22,4,0,0,0,0,18,English documents available; wider coverage unverified,Logo/seal available,05-Court-and-Judge-Assets/images/0a/0a9d7b1a5b6fd62760d393eed8df61ad44cfaccd0b2e3faec9dbc58c236d6a82.png,judiciary_logo,https://www.vid.uscourts.gov/,Statewide source collections do not establish coverage of every county/division/judge; federal shared-site jurisdiction entries are not counts of distinct courts. Counts cover only retained English documents with supported titles. Source-link counts distinguish URLs associated with a retained file from source links without a local copy; source observations do not establish complete coverage.,light,VIB,4,0,22,"{""https://www.vid.uscourts.gov/forms/bankruptcy-form-30"":""Official public HTML page fetched on 2026-09-12; TLS verified, robots allowed; HTTP 200"",""https://www.vid.uscourts.gov/forms/all-forms/bankruptcy_forms"":""Official public HTML page fetched on 2026-09-12; TLS verified, robots allowed; HTTP 200""}",,,,,,,
FD:almd,United States District Court — Alabama Middle,district,Federal,https://www.almd.uscourts.gov/,"[""https://www.almd.uscourts.gov/forms"",""https://www.almd.uscourts.gov/forms?name=&category=14"",""https://www.almd.uscourts.gov/forms?name=&category=19"",""https://www.almd.uscourts.gov/forms?name=&category=14&order=name&sort=asc"",""https://www.almd.uscourts.gov/forms?name=&category=14&order=field_media_number&sort=asc""]",https://www.uscourts.gov/about-federal-courts/court-role-and-structure/court-website-links,Official directory observed through Firecrawl on 2026-09-12; forms pages from prior source manifest unless otherwise recorded.,,False,94 district entries and 94 bankruptcy jurisdictions are tracked separately; shared websites and territorial bankruptcy jurisdiction do not imply 94 separate bankruptcy courts.,Alabama Middle district court,1,0,1,43,1,0,1,0,0,42,English documents available; wider coverage unverified,Site icon only,05-Court-and-Judge-Assets/images/d5/d529c0d8a7f6e9981d3af1584c90e56a42640a3e3fd201376cbf0981c82e08fe.png,favicon,https://www.almd.uscourts.gov/,Statewide source collections do not establish coverage of every county/division/judge; federal shared-site jurisdiction entries are not counts of distinct courts. Counts cover only retained English documents with supported titles. Source-link counts distinguish URLs associated with a retained file from source links without a local copy; source observations do not establish complete coverage.,light,ALMD,1,0,42,,,,,,,,
FD:alnd,United States District Court — Alabama Northern,district,Federal,https://www.alnd.uscourts.gov/,"[""https://www.alnd.uscourts.gov/clerks-office-forms"",""https://www.alnd.uscourts.gov/welcome-jury-duty-0"",""https://www.alnd.uscourts.gov/summons-civil-action"",""https://www.alnd.uscourts.gov/eleventh-circuit-forms"",""https://www.alnd.uscourts.gov/forms/summons-birmingham"",""https://www.alnd.uscourts.gov/forms/evoucher-form-add-expert"",""https://www.alnd.uscourts.gov/forms/attorney-readmission-application"",""https://www.alnd.uscourts.gov/term-law-clerks-and-term-staff-attorneys"",""https://www.alnd.uscourts.gov/forms/eleventh-circuit-transcript-information"",""https://www.alnd.uscourts.gov/forms/complaint-judicial-misconduct-or-disability"",""https://www.alnd.uscourts.gov/forms/revised-plan-administration-non-appropriated-funds""]",https://www.uscourts.gov/about-federal-courts/court-role-and-structure/court-website-links,Official directory observed through Firecrawl on 2026-09-12; forms pages from prior source manifest unless otherwise recorded.,,False,94 district entries and 94 bankruptcy jurisdictions are tracked separately; shared websites and territorial bankruptcy jurisdiction do not imply 94 separate bankruptcy courts.,Alabama Northern district court,17,0,17,54,17,0,2,0,0,37,English documents available; wider coverage unverified,Logo/seal available,05-Court-and-Judge-Assets/images/5a/5a715a340e4d1e28db448739ede6447fa652c2d84818f348aa030d98f970b69b.png,court_seal,https://www.alnd.uscourts.gov/,Statewide source collections do not establish coverage of every county/division/judge; federal shared-site jurisdiction entries are not counts of distinct courts. Counts cover only retained English documents with supported titles. Source-link counts distinguish URLs associated with a retained file from source links without a local copy; source observations do not establish complete coverage.,light,ALND,17,0,52,,,,,,,,
FD:alsd,United States District Court — Alabama Southern,district,Federal,https://www.alsd.uscourts.gov/,"[""https://www.alsd.uscourts.gov/forms"",""https://www.alsd.uscourts.gov/forms/allforms"",""https://www.alsd.uscourts.gov/cmecf-pdf-functionality-information"",""https://www.alsd.uscourts.gov/best-practices-redaction-information"",""https://www.alsd.uscourts.gov/forms/civil-subpoena-produce-documents"",""https://www.alsd.uscourts.gov/forms/subpoena-produce-documents-information-or-objects-criminal-case""]",https://www.uscourts.gov/about-federal-courts/court-role-and-structure/court-website-links,Official directory observed through Firecrawl on 2026-09-12; forms pages from prior source manifest unless otherwise recorded.,,True,94 district entries and 94 bankruptcy jurisdictions are tracked separately; shared websites and territorial bankruptcy jurisdiction do not imply 94 separate bankruptcy courts.,Alabama Southern district court,29,0,29,46,29,0,1,0,0,17,English documents available; wider coverage unverified,Logo/seal available,05-Court-and-Judge-Assets/images/51/51d52a1f5abd62c4990beac6d305eccdcbf407f023a1ac83dafd810759df357a.png,court_seal,https://www.alsd.uscourts.gov/,Statewide source collections do not establish coverage of every county/division/judge; federal shared-site jurisdiction entries are not counts of distinct courts. Counts cover only retained English documents with supported titles. Source-link counts distinguish URLs associated with a retained file from source links without a local copy; source observations do not establish complete coverage.,light,ALSD,29,0,45,"{""https://www.alsd.uscourts.gov/forms/allforms"":""Official public HTML page fetched on 2026-09-12; TLS verified, robots allowed; HTTP 200"",""https://www.alsd.uscourts.gov/forms"":""Official public HTML page fetched on 2026-09-12; TLS verified, robots allowed; HTTP 200"",""https://www.alsd.uscourts.gov/forms/civil-subpoena-produce-documents"":""Firecrawl map of official website, 2026-09-12; indexed URL, not yet fetched"",""https://www.alsd.uscourts.gov/forms/subpoena-produce-documents-information-or-objects-criminal-case"":""Firecrawl map of official website, 2026-09-12; indexed URL, not yet fetched"",""https://www.alsd.uscourts.gov/best-practices-redaction-information"":""Firecrawl map of official website, 2026-09-12; indexed URL, not yet fetched"",""https://www.alsd.uscourts.gov/cmecf-pdf-functionality-information"":""Official public HTML page fetched on 2026-09-12; TLS verified, robots allowed; HTTP 200""}",,,,,,,
FD:akd,United States District Court — Alaska,district,Federal,https://www.akd.uscourts.gov/,"[""https://www.akd.uscourts.gov/forms"",""https://www.akd.uscourts.gov/forms/all-forms"",""https://www.akd.uscourts.gov/forms/all-forms/cja"",""https://www.akd.uscourts.gov/forms/all-forms/local"",""https://www.akd.uscourts.gov/forms/all-forms/prose"",""https://www.akd.uscourts.gov/forms/all-forms/prosep"",""https://www.akd.uscourts.gov/forms/all-forms/attorney"",""https://www.akd.uscourts.gov/forms/all-forms/national"",""https://www.akd.uscourts.gov/forms/all-forms?page=1"",""https://www.akd.uscourts.gov/forms/all-forms?page=3"",""https://www.akd.uscourts.gov/forms/all-forms?page=4""]",https://www.uscourts.gov/about-federal-courts/court-role-and-structure/court-website-links,Official directory observed through Firecrawl on 2026-09-12; forms pages from prior source manifest unless otherwise recorded.,,False,94 district entries and 94 bankruptcy jurisdictions are tracked separately; shared websites and territorial bankruptcy jurisdiction do not imply 94 separate bankruptcy courts.,Alaska district court,7,0,7,55,7,0,0,0,0,48,English documents available; wider coverage unverified,Logo/seal available,05-Court-and-Judge-Assets/images/42/4207edf68ebe55940c2efa83a267087fa6a9d85ebc8e5ae460f0f0b133318068.png,court_seal,https://www.akd.uscourts.gov/,Statewide source collections do not establish coverage of every county/division/judge; federal shared-site jurisdiction entries are not counts of distinct courts. Counts cover only retained English documents with supported titles. Source-link counts distinguish URLs associated with a retained file from source links without a local copy; source observations do not establish complete coverage.,light,AKD,7,0,55,,,,,,,,
FD:azd,United States District Court — Arizona,district,Federal,https://www.azd.uscourts.gov/,"[""https://www.azd.uscourts.gov/forms"",""https://www.azd.uscourts.gov/forms/all-forms"",""https://www.azd.uscourts.gov/form"",""https://www.azd.uscourts.gov/forms/cja-forms"",""https://www.azd.uscourts.gov/forms/ao-133-bill-costs"",""https://www.azd.uscourts.gov/employment-application-forms"",""https://www.azd.uscourts.gov/forms/ao-440-summons-civil-action"",""https://www.azd.uscourts.gov/forms/ao-436-audio-recording-order"",""https://www.azd.uscourts.gov/forms/ao-399-waiver-service-summons"",""https://www.azd.uscourts.gov/forms/forms-self-represented-litigants"",""https://www.azd.uscourts.gov/forms/ao-441-summons-third-party-complaint"",""https://www.azd.uscourts.gov/judge-orders/standard-forms-used-all-phoenix-judges"",""https://www.azd.uscourts.gov/forms/prisoner-form-civil-rights-complaint-prisoners"",""https://www.azd.uscourts.gov/forms/ao-398-notice-lawsuit-and-request-waive-service-summons"",""https://www.azd.uscourts.gov/forms/ao-085-consent-and-reference-civil-action-magistrate-judge"",""https://www.azd.uscourts.gov/forms/consent-exercise-jurisdiction-united-states-magistrate-judge"",""https://www.azd.uscourts.gov/forms/affidavit-accompanying-motion-permission-appeal-forma-pauperis"",""https://www.azd.uscourts.gov/forms/ao-088-subpoena-appear-and-testify-hearing-or-trial-civil-action""]",https://www.uscourts.gov/about-federal-courts/court-role-and-structure/court-website-links,Official directory observed through Firecrawl on 2026-09-12; forms pages from prior source manifest unless otherwise recorded.,,True,94 district entries and 94 bankruptcy jurisdictions are tracked separately; shared websites and territorial bankruptcy jurisdiction do not imply 94 separate bankruptcy courts.,Arizona district court,206,9,197,404,206,0,9,0,0,198,English documents available; wider coverage unverified,Logo/seal available,05-Court-and-Judge-Assets/images/4d/4dee01611cec156463824305629125a2e91be77e6b3e4c3105db737053f5f3df.png,court_seal,https://www.azd.uscourts.gov/,Statewide source collections do not establish coverage of every county/division/judge; federal shared-site jurisdiction entries are not counts of distinct courts. Counts cover only retained English documents with supported titles. Source-link counts distinguish URLs associated with a retained file from source links without a local copy; source observations do not establish complete coverage.,light,AZD,206,0,395,"{""https://www.azd.uscourts.gov/forms"":""Official public HTML page fetched on 2026-09-12; TLS verified, robots allowed; HTTP 200"",""https://www.azd.uscourts.gov/forms/forms-self-represented-litigants"":""Official public HTML page fetched on 2026-09-12; TLS verified, robots allowed; HTTP 200"",""https://www.azd.uscourts.gov/forms/cja-forms"":""Firecrawl map of official website, 2026-09-12; indexed URL, not yet fetched"",""https://www.azd.uscourts.gov/forms/prisoner-form-motion-vacate-set-aside-or-correct-sentence-person-federal-custody-pursuant-28"":""Firecrawl map of official website, 2026-09-12; indexed URL, not yet fetched"",""https://www.azd.uscourts.gov/judge-orders/standard-forms-used-all-phoenix-judges"":""Official public HTML page fetched on 2026-09-12; TLS verified, robots allowed; HTTP 200"",""https://www.azd.uscourts.gov/forms/prisoner-form-civil-rights-complaint-prisoners"":""Firecrawl map of official website, 2026-09-12; indexed URL, not yet fetched"",""https://www.azd.uscourts.gov/forms/all-forms"":""Official public HTML page fetched on 2026-09-12; TLS verified, robots allowed; HTTP 200"",""https://www.azd.uscourts.gov/forms/ao-239-application-proceed-district-court-without-prepaying-fees-or-costs"":""Firecrawl map of official website, 2026-09-12; indexed URL, not yet fetched"",""https://www.azd.uscourts.gov/forms/prisoner-form-application-proceed-forma-pauperis-prisoner-habeas-corpus"":""Firecrawl map of official website, 2026-09-12; indexed URL, not yet fetched"",""https://www.azd.uscourts.gov/forms/ao-085-consent-and-reference-civil-action-magistrate-judge"":""Official public HTML page fetched on 2026-09-12; TLS verified, robots allowed; HTTP 200"",""https://www.azd.uscourts.gov/forms/consent-exercise-jurisdiction-united-states-magistrate-judge"":""Official public HTML page fetched on 2026-09-12; TLS verified, robots allowed; HTTP 200"",""https://www.azd.uscourts.gov/forms/prisoner-form-petition-writ-habeas-corpus-person-federal-custody-pursuant-28-usc-%C2%A7-2241-1"":""Firecrawl map of official website, 2026-09-12; indexed URL, not yet fetched"",""https://www.azd.uscourts.gov/forms/ao-399-waiver-service-summons"":""Official public HTML page fetched on 2026-09-12; TLS verified, robots allowed; HTTP 200"",""https://www.azd.uscourts.gov/employment-application-forms"":""Firecrawl map of official website, 2026-09-12; indexed URL, not yet fetched"",""https://www.azd.uscourts.gov/forms/ao-441-summons-third-party-complaint"":""Firecrawl map of official website, 2026-09-12; indexed URL, not yet fetched"",""https://www.azd.uscourts.gov/forms/ao-440-summons-civil-action"":""Official public HTML page fetched on 2026-09-12; TLS verified, robots allowed; HTTP 200"",""https://www.azd.uscourts.gov/forms/affidavit-accompanying-motion-permission-appeal-forma-pauperis"":""Official public HTML page fetched on 2026-09-12; TLS verified, robots allowed; HTTP 200"",""https://www.azd.uscourts.gov/forms/ao-088-subpoena-appear-and-testify-hearing-or-trial-civil-action"":""Official public HTML page fetched on 2026-09-12; TLS verified, robots allowed; HTTP 200"",""https://www.azd.uscourts.gov/forms/ao-436-audio-recording-order"":""Official public HTML page fetched on 2026-09-12; TLS verified, robots allowed; HTTP 200"",""https://www.azd.uscourts.gov/forms/prisoner-form-application-proceed-forma-pauperis-prisoner-immigration-habeas-corpus"":""Firecrawl map of official website, 2026-09-12; indexed URL, not yet fetched"",""https://www.azd.uscourts.gov/forms/prisoner-form-petition-writ-habeas-corpus-person-state-custody-pursuant-28-usc-%C2%A7-2254"":""Firecrawl map of official website, 2026-09-12; indexed URL, not yet fetched"",""https://www.azd.uscourts.gov/forms/prisoner-form-petition-writ-habeas-corpus-person-federal-custody-pursuant-28-usc-%C2%A7-2241-0"":""Firecrawl map of official website, 2026-09-12; indexed URL, not yet fetched"",""https://www.azd.uscourts.gov/forms/ao-398-notice-lawsuit-and-request-waive-service-summons"":""Official public HTML page fetched on 2026-09-12; TLS verified, robots allowed; HTTP 200"",""https://www.azd.uscourts.gov/forms/ao-133-bill-costs"":""Official public HTML page fetched on 2026-09-12; TLS verified, robots allowed; HTTP 200"",""https://www.azd.uscourts.gov/form"":""Official public HTML page fetched on 2026-09-12; TLS verified, robots allowed; HTTP 200""}",,,,,,,
FD:ared,United States District Court — Arkansas Eastern,district,Federal,https://www.are.uscourts.gov/,"[""https://www.are.uscourts.gov/civil-forms"",""https://www.are.uscourts.gov/information"",""https://www.are.uscourts.gov/criminal-forms"",""https://www.are.uscourts.gov/prisoner-forms"",""https://www.are.uscourts.gov/jury-information"",""https://www.are.uscourts.gov/court-information"",""https://www.are.uscourts.gov/information-media"",""https://www.are.uscourts.gov/miscellaneous-forms"",""https://www.are.uscourts.gov/model-jury-instructions""]",https://www.uscourts.gov/about-federal-courts/court-role-and-structure/court-website-links,Official directory observed through Firecrawl on 2026-09-12; forms pages from prior source manifest unless otherwise recorded.,,False,94 district entries and 94 bankruptcy jurisdictions are tracked separately; shared websites and territorial bankruptcy jurisdiction do not imply 94 separate bankruptcy courts.,Arkansas Eastern district court,22,0,22,35,22,0,0,0,0,13,English documents available; wider coverage unverified,Logo/seal available,05-Court-and-Judge-Assets/images/01/0170bff0170f08a9573dd5782f5710056baf9270650b38cd0d890d1d24ac8884.png,court_seal,https://www.are.uscourts.gov/,Statewide source collections do not establish coverage of every county/division/judge; federal shared-site jurisdiction entries are not counts of distinct courts. Counts cover only retained English documents with supported titles. Source-link counts distinguish URLs associated with a retained file from source links without a local copy; source observations do not establish complete coverage.,light,ARED,22,0,35,,,,,,,,
FD:arwd,United States District Court — Arkansas Western,district,Federal,https://www.arwd.uscourts.gov/,"[""https://www.arwd.uscourts.gov/judge-ford-forms"",""https://www.arwd.uscourts.gov/jury-information"",""https://www.arwd.uscourts.gov/civil-case-filing"",""https://www.arwd.uscourts.gov/judge-brooks-forms"",""https://www.arwd.uscourts.gov/judge-fowlkes-forms"",""https://www.arwd.uscourts.gov/criminal-case-filing"",""https://www.arwd.uscourts.gov/admission-information"",""https://www.arwd.uscourts.gov/forms/ao-133-bill-costs"",""https://www.arwd.uscourts.gov/criminal-justice-act-info"",""https://www.arwd.uscourts.gov/forms/ao-120-patenttrademark"",""https://www.arwd.uscourts.gov/forms/ao-451-certification-judgment-registration-another-district"",""https://www.arwd.uscourts.gov/forms/ao-85-notice-and-consent-jurisdiction-u-s-magistrate-judge-fayetteville-and-harrison""]",https://www.uscourts.gov/about-federal-courts/court-role-and-structure/court-website-links,Official directory observed through Firecrawl on 2026-09-12; forms pages from prior source manifest unless otherwise recorded.,,False,94 district entries and 94 bankruptcy jurisdictions are tracked separately; shared websites and territorial bankruptcy jurisdiction do not imply 94 separate bankruptcy courts.,Arkansas Western district court,24,3,21,57,25,0,2,0,0,32,English documents available; wider coverage unverified,Text fallback,,,,Statewide source collections do not establish coverage of every county/division/judge; federal shared-site jurisdiction entries are not counts of distinct courts. Counts cover only retained English documents with supported titles. Source-link counts distinguish URLs associated with a retained file from source links without a local copy; source observations do not establish complete coverage.,light,ARWD,24,0,55,,,,,,,,
FD:cacd,United States District Court — California Central,district,Federal,https://www.cacd.uscourts.gov/,"[""https://www.cacd.uscourts.gov/interpreters"",""https://www.cacd.uscourts.gov/clerk-services/cvb"",""https://www.cacd.uscourts.gov/attorneys/cja/cja-forms"",""https://www.cacd.uscourts.gov/e-filing/updating-your-contact-information"",""https://www.cacd.uscourts.gov/attorneys/capital-habeas/forms-and-worksheets"",""https://www.cacd.uscourts.gov/court-reporting-services/transcript-information"",""https://www.cacd.uscourts.gov/attorneys/cja/cellblock-and-detention-facility-information"",""https://www.cacd.uscourts.gov/judges-requirements/court-programs/voluntary-consent-magistrate-judges""]",https://www.uscourts.gov/about-federal-courts/court-role-and-structure/court-website-links,Official directory observed through Firecrawl on 2026-09-12; forms pages from prior source manifest unless otherwise recorded.,,False,94 district entries and 94 bankruptcy jurisdictions are tracked separately; shared websites and territorial bankruptcy jurisdiction do not imply 94 separate bankruptcy courts.,California Central district court,17,2,15,40,13,0,0,0,0,27,English documents available; wider coverage unverified,Logo/seal available,05-Court-and-Judge-Assets/images/e0/e0041defab255fe3b7a96b51c177db8371ae90a517c7d520fb2d1bf6533a7777.png,court_seal,https://www.cacd.uscourts.gov/,Statewide source collections do not establish coverage of every county/division/judge; federal shared-site jurisdiction entries are not counts of distinct courts. Counts cover only retained English documents with supported titles. Source-link counts distinguish URLs associated with a retained file from source links without a local copy; source observations do not establish complete coverage.,light,CACD,17,0,40,,,,,,,,
FD:caed,United States District Court — California Eastern,district,Federal,https://www.caed.uscourts.gov/,"[""https://www.caed.uscourts.gov/caednew/index.cfm/forms/"",""https://www.caed.uscourts.gov/caednew/index.cfm/forms/civil/"",""https://www.caed.uscourts.gov/caednew/index.cfm/forms/criminal/"",""https://www.caed.uscourts.gov/caednew/index.cfm/attorney-info/word-format/"",""https://www.caed.uscourts.gov/caednew/index.cfm/forms/cja-capital-habeas-forms/"",""https://www.caed.uscourts.gov/caednew/index.cfm/rules/collateral-forfeiture-schedule/"",""https://www.caed.uscourts.gov/caednew/index.cfm/attorney-info/court-reporters-transcripts/"",""https://www.caed.uscourts.gov/caednew/index.cfm/cmecf-e-filing/representing-yourself-pro-se-litigant/"",""https://www.caed.uscourts.gov/caednew/index.cfm/clerks-office/paying-fees-and-financial-information/financial-unit-frequently-asked-questions/""]",https://www.uscourts.gov/about-federal-courts/court-role-and-structure/court-website-links,Official directory observed through Firecrawl on 2026-09-12; forms pages from prior source manifest unless otherwise recorded.,,False,94 district entries and 94 bankruptcy jurisdictions are tracked separately; shared websites and territorial bankruptcy jurisdiction do not imply 94 separate bankruptcy courts.,California Eastern district court,42,4,38,81,45,0,5,0,0,36,English documents available; wider coverage unverified,Logo/seal available,05-Court-and-Judge-Assets/images/82/82fb9d8af710f7d0b82cca28e3f7afbd84b1daf537d100d03c24247ab6f82927.png,court_logo,https://www.caed.uscourts.gov/caednew/,Statewide source collections do not establish coverage of every county/division/judge; federal shared-site jurisdiction entries are not counts of distinct courts. Counts cover only retained English documents with supported titles. Source-link counts distinguish URLs associated with a retained file from source links without a local copy; source observations do not establish complete coverage.,light,CAED,42,0,76,,,,,,,,
FD:cand,United States District Court — California Northern,district,Federal,https://www.cand.uscourts.gov/,"[""https://cand.uscourts.gov/rules-forms-fees/forms"",""https://cand.uscourts.gov/rules-forms-fees"",""https://cand.uscourts.gov/rules-forms-fees/local-rules"",""https://cand.uscourts.gov/rules-forms-fees/general-orders"",""https://cand.uscourts.gov/rules-forms-fees/miscellaneous-orders"",""https://cand.uscourts.gov/rules-forms-fees/local-rules/adr-local-rules"",""https://cand.uscourts.gov/rules-forms-fees/local-rules/civil-local-rules"",""https://cand.uscourts.gov/rules-forms-fees/forms?field_category_target_id=33"",""https://cand.uscourts.gov/rules-forms-fees/general-orders/abrogated-general-orders"",""https://cand.uscourts.gov/cases-e-filing/cmecf-information/preparing-your-cmecf-filing"",""https://cand.uscourts.gov/representing-yourself/privacy-protections-under-federal-rules"",""https://cand.uscourts.gov/rules-forms-fees/northern-district-guidelines/model-protective-orders"",""https://cand.uscourts.gov/cases-e-filing/obtaining-information-about-cases/transcripts-court-reporters"",""https://cand.uscourts.gov/rules-forms-fees/forms?combine=&field_category_target_id=All&order=title&sort=desc"",""https://cand.uscourts.gov/rules-forms-fees/northern-district-guidelines/procedural-guidance-class-action-settlements"",""https://cand.uscourts.gov/rules-forms-fees/forms?combine=&field_category_target_id=All&order=field_form_number&sort=asc"",""https://cand.uscourts.gov/rules-forms-fees/northern-district-guidelines/e-discovery-esi-guidelines-model-stipulated-orders""]",https://www.uscourts.gov/about-federal-courts/court-role-and-structure/court-website-links,Official directory observed through Firecrawl on 2026-09-12; forms pages from prior source manifest unless otherwise recorded.,,False,94 district entries and 94 bankruptcy jurisdictions are tracked separately; shared websites and territorial bankruptcy jurisdiction do not imply 94 separate bankruptcy courts.,California Northern district court,118,6,112,207,120,0,7,0,0,87,English documents available; wider coverage unverified,Logo/seal available,05-Court-and-Judge-Assets/images/39/39c8d5df694f50f5a45259250c923a16f7777fe8b7c82a9862fc94ec9d24dadd.svg,court_logo,https://cand.uscourts.gov/,Statewide source collections do not establish coverage of every county/division/judge; federal shared-site jurisdiction entries are not counts of distinct courts. Counts cover only retained English documents with supported titles. Source-link counts distinguish URLs associated with a retained file from source links without a local copy; source observations do not establish complete coverage.,light,CAND,118,0,199,"{""https://cand.uscourts.gov/rules-forms-fees"":""Firecrawl map of official website, 2026-09-12; indexed URL, not yet fetched"",""https://cand.uscourts.gov/rules-forms-fees/northern-district-guidelines/procedural-guidance-class-action-settlements"":""Firecrawl map of official website, 2026-09-12; indexed URL, not yet fetched"",""https://cand.uscourts.gov/rules-forms-fees/local-rules/civil-local-rules"":""Official public HTML page fetched on 2026-09-12; TLS verified, robots allowed; HTTP 200"",""https://cand.uscourts.gov/rules-forms-fees/local-rules/adr-local-rules"":""Official public HTML page fetched on 2026-09-12; TLS verified, robots allowed; HTTP 200"",""https://cand.uscourts.gov/representing-yourself/privacy-protections-under-federal-rules"":""Official public HTML page fetched on 2026-09-12; TLS verified, robots allowed; HTTP 200"",""https://cand.uscourts.gov/cases-e-filing/cmecf-information/preparing-your-cmecf-filing"":""Official public HTML page fetched on 2026-09-12; TLS verified, robots allowed; HTTP 200"",""https://cand.uscourts.gov/rules-forms-fees/forms"":""Official public HTML page fetched on 2026-09-12; TLS verified, robots allowed; HTTP 200"",""https://cand.uscourts.gov/rules-forms-fees/local-rules"":""Official public HTML page fetched on 2026-09-12; TLS verified, robots allowed; HTTP 200"",""https://cand.uscourts.gov/rules-forms-fees/general-orders"":""Official public HTML page fetched on 2026-09-12; TLS verified, robots allowed; HTTP 200"",""https://cand.uscourts.gov/rules-forms-fees/miscellaneous-orders"":""Official public HTML page fetched on 2026-09-12; TLS verified, robots allowed; HTTP 200"",""https://cand.uscourts.gov/rules-forms-fees/forms?field_category_target_id=33"":""Official public HTML page fetched on 2026-09-12; TLS verified, robots allowed; HTTP 200"",""https://cand.uscourts.gov/rules-forms-fees/general-orders/abrogated-general-orders"":""Official public HTML page fetched on 2026-09-12; TLS verified, robots allowed; HTTP 200"",""https://cand.uscourts.gov/rules-forms-fees/northern-district-guidelines/model-protective-orders"":""Official public HTML page fetched on 2026-09-12; TLS verified, robots allowed; HTTP 200"",""https://cand.uscourts.gov/cases-e-filing/obtaining-information-about-cases/transcripts-court-reporters"":""Official public HTML page fetched on 2026-09-12; TLS verified, robots allowed; HTTP 200"",""https://cand.uscourts.gov/rules-forms-fees/forms?combine=&field_category_target_id=All&order=title&sort=desc"":""Official public HTML page fetched on 2026-09-12; TLS verified, robots allowed; HTTP 200"",""https://cand.uscourts.gov/rules-forms-fees/forms?combine=&field_category_target_id=All&order=field_form_number&sort=asc"":""Official public HTML page fetched on 2026-09-12; TLS verified, robots allowed; HTTP 200"",""https://cand.uscourts.gov/rules-forms-fees/northern-district-guidelines/e-discovery-esi-guidelines-model-stipulated-orders"":""Official public HTML page fetched on 2026-09-12; TLS verified, robots allowed; HTTP 200""}",,,,,,,
FD:casd,United States District Court — California Southern,district,Federal,https://www.casd.uscourts.gov/,"[""https://www.casd.uscourts.gov/cmecf.aspx"",""https://www.casd.uscourts.gov/CourtNews.aspx"",""https://www.casd.uscourts.gov/attorney/cja.aspx"",""https://www.casd.uscourts.gov/clerksoffice.aspx"",""https://www.casd.uscourts.gov/interpreters.aspx"",""https://www.casd.uscourts.gov/accommodations.aspx"",""https://www.casd.uscourts.gov/forms.aspx?list=all"",""https://www.casd.uscourts.gov/forms/billofcost.aspx"",""https://www.casd.uscourts.gov/media-information.aspx""]",https://www.uscourts.gov/about-federal-courts/court-role-and-structure/court-website-links,Official directory observed through Firecrawl on 2026-09-12; forms pages from prior source manifest unless otherwise recorded.,,False,94 district entries and 94 bankruptcy jurisdictions are tracked separately; shared websites and territorial bankruptcy jurisdiction do not imply 94 separate bankruptcy courts.,California Southern district court,0,0,0,507,0,502,3,2,0,507,No verified English documents in the active library,Text fallback,,,,Statewide source collections do not establish coverage of every county/division/judge; federal shared-site jurisdiction entries are not counts of distinct courts. Counts cover only retained English documents with supported titles. Source-link counts distinguish URLs associated with a retained file from source links without a local copy; source observations do not establish complete coverage.,light,CASD,0,0,0,,,,,,,,
FD:cod,United States District Court — Colorado,district,Federal,http://www.cod.uscourts.gov/Home.aspx,"[""http://www.cod.uscourts.gov/AttorneyInformation/POWERAct.aspx"",""http://www.cod.uscourts.gov/AttorneyInformation/AttorneyFAQs.aspx"",""http://www.cod.uscourts.gov/CourtOperations/RulesProcedures/Forms.aspx"",""http://www.cod.uscourts.gov/AttorneyInformation/AttorneyDiscipline.aspx"",""http://www.cod.uscourts.gov/AttorneyInformation/LimitedRepresentation.aspx"",""http://www.cod.uscourts.gov/AttorneyInformation/GeneralAttorneyInformation.aspx"",""http://www.cod.uscourts.gov/AttorneyInformation/AttorneyAdmissionInformation.aspx"",""http://www.cod.uscourts.gov/CourtOperations/RulesProcedures/InterpreterInformation.aspx"",""http://www.cod.uscourts.gov/AttorneyInformation/CivilProBonoPanel-Details,andAvailableCases.aspx"",""http://www.cod.uscourts.gov/AttorneyInformation/AttorneyDiscipline/OrdersoftheDisciplinaryPanel.aspx"",""http://www.cod.uscourts.gov/AttorneyInformation/CertificatesofGoodStandingDuplicateBarCertificates.aspx"",""http://www.cod.uscourts.gov/CourtOperations/RulesProcedures/ElectronicDiscoveryGuidelinesandChecklist.aspx""]",https://www.uscourts.gov/about-federal-courts/court-role-and-structure/court-website-links,Official directory observed through Firecrawl on 2026-09-12; forms pages from prior source manifest unless otherwise recorded.,,False,94 district entries and 94 bankruptcy jurisdictions are tracked separately; shared websites and territorial bankruptcy jurisdiction do not imply 94 separate bankruptcy courts.,Colorado district court,32,1,31,323,34,0,5,0,0,289,English documents available; wider coverage unverified,Logo/seal available,05-Court-and-Judge-Assets/images/5d/5d3a81af50dcbd97b69121e0443b56c573d3f7e67e28da3900df51d7fb187b1c.png,court_seal,http://www.cod.uscourts.gov/Home.aspx,Statewide source collections do not establish coverage of every county/division/judge; federal shared-site jurisdiction entries are not counts of distinct courts. Counts cover only retained English documents with supported titles. Source-link counts distinguish URLs associated with a retained file from source links without a local copy; source observations do not establish complete coverage.,light,COD,32,0,318,,,,,,,,
FD:ctd,United States District Court — Connecticut,district,Federal,https://www.ctd.uscourts.gov/,"[""https://www.ctd.uscourts.gov/forms/all-forms"",""https://www.ctd.uscourts.gov/forms/all-forms/efile_forms"",""https://www.ctd.uscourts.gov/forms/all-forms/prose_forms"",""https://www.ctd.uscourts.gov/forms/all-forms/appeals_forms"",""https://www.ctd.uscourts.gov/forms/all-forms/prisoner_forms"",""https://www.ctd.uscourts.gov/forms/all-forms/court_techforms"",""https://www.ctd.uscourts.gov/forms/all-forms/execution_forms"",""https://www.ctd.uscourts.gov/forms/all-forms/misscella_forms"",""https://www.ctd.uscourts.gov/case-information"",""https://www.ctd.uscourts.gov/fee-information-0"",""https://www.ctd.uscourts.gov/resourcesrulesforms"",""https://www.ctd.uscourts.gov/forms-and-instructions""]",https://www.uscourts.gov/about-federal-courts/court-role-and-structure/court-website-links,Official directory observed through Firecrawl on 2026-09-12; forms pages from prior source manifest unless otherwise recorded.,,False,94 district entries and 94 bankruptcy jurisdictions are tracked separately; shared websites and territorial bankruptcy jurisdiction do not imply 94 separate bankruptcy courts.,Connecticut district court,29,0,29,91,32,0,1,0,0,59,English documents available; wider coverage unverified,Logo/seal available,05-Court-and-Judge-Assets/images/7e/7eec6892ee0e99b0ada96cfa8365f08bae24d6a985d840825f3b901b0077cd6e.png,court_seal,https://www.ctd.uscourts.gov/,Statewide source collections do not establish coverage of every county/division/judge; federal shared-site jurisdiction entries are not counts of distinct courts. Counts cover only retained English documents with supported titles. Source-link counts distinguish URLs associated with a retained file from source links without a local copy; source observations do not establish complete coverage.,light,CTD,29,0,90,,,,,,,,
FD:ded,United States District Court — Delaware,district,Federal,https://www.ded.uscourts.gov/,"[""https://www.ded.uscourts.gov/forms"",""https://www.ded.uscourts.gov/cmecf-information"",""https://www.ded.uscourts.gov/general-information"",""https://www.ded.uscourts.gov/information-employers"",""https://www.ded.uscourts.gov/limited-practice-privilege-instructions""]",https://www.uscourts.gov/about-federal-courts/court-role-and-structure/court-website-links,Official directory observed through Firecrawl on 2026-09-12; forms pages from prior source manifest unless otherwise recorded.,,False,94 district entries and 94 bankruptcy jurisdictions are tracked separately; shared websites and territorial bankruptcy jurisdiction do not imply 94 separate bankruptcy courts.,Delaware district court,38,0,38,71,42,0,2,0,0,29,English documents available; wider coverage unverified,Logo/seal available,05-Court-and-Judge-Assets/images/b8/b847d500b7d42944f230b4fb5b96bfe77ae498b157fe06517e607a93ee94d8ff.png,judiciary_logo,https://www.ded.uscourts.gov/,Statewide source collections do not establish coverage of every county/division/judge; federal shared-site jurisdiction entries are not counts of distinct courts. Counts cover only retained English documents with supported titles. Source-link counts distinguish URLs associated with a retained file from source links without a local copy; source observations do not establish complete coverage.,light,DED,38,0,69,,,,,,,,
FD:dcd,United States District Court — District of Columbia,district,Federal,https://www.dcd.uscourts.gov/,"[""https://www.dcd.uscourts.gov/forms/all-forms/mandatory_forms"",""https://www.dcd.uscourts.gov/rules-forms"",""https://www.dcd.uscourts.gov/attorney-forms"",""https://www.dcd.uscourts.gov/new-case-forms"",""https://www.dcd.uscourts.gov/pro-se-forms-0"",""https://www.dcd.uscourts.gov/media-information"",""https://www.dcd.uscourts.gov/general-information"",""https://www.dcd.uscourts.gov/payment-information"",""https://www.dcd.uscourts.gov/pro-bono-information"",""https://www.dcd.uscourts.gov/fee-and-payment-information"",""https://www.dcd.uscourts.gov/attorney-general-information"",""https://www.dcd.uscourts.gov/court-reporting-and-transcript-information""]",https://www.uscourts.gov/about-federal-courts/court-role-and-structure/court-website-links,Official directory observed through Firecrawl on 2026-09-12; forms pages from prior source manifest unless otherwise recorded.,,False,94 district entries and 94 bankruptcy jurisdictions are tracked separately; shared websites and territorial bankruptcy jurisdiction do not imply 94 separate bankruptcy courts.,District of Columbia district court,21,0,21,47,21,0,4,0,0,26,English documents available; wider coverage unverified,Logo/seal available,05-Court-and-Judge-Assets/images/b8/b847d500b7d42944f230b4fb5b96bfe77ae498b157fe06517e607a93ee94d8ff.png,judiciary_logo,https://www.dcd.uscourts.gov/,Statewide source collections do not establish coverage of every county/division/judge; federal shared-site jurisdiction entries are not counts of distinct courts. Counts cover only retained English documents with supported titles. Source-link counts distinguish URLs associated with a retained file from source links without a local copy; source observations do not establish complete coverage.,light,DCD,21,0,42,,,,,,,,
FD:flmd,United States District Court — Florida Middle,district,Federal,https://www.flmd.uscourts.gov/,"[""https://www.flmd.uscourts.gov/"",""https://www.flmd.uscourts.gov/forms/all/civil-forms"",""https://www.flmd.uscourts.gov/forms/all/lawyer-forms"",""https://www.flmd.uscourts.gov/forms/all/marshal-forms"",""https://www.flmd.uscourts.gov/forms/all/criminal-forms"",""https://www.flmd.uscourts.gov/forms/all/mediator-forms"",""https://www.flmd.uscourts.gov/forms/all/interpreter-forms"",""https://www.flmd.uscourts.gov/forms/all/filing-a-case-forms"",""https://www.flmd.uscourts.gov/laptop-connection-instructions"",""https://www.flmd.uscourts.gov/for-lawyers/2025-attorney-renewal-period"",""https://www.flmd.uscourts.gov/forms/all/criminal-justice-act-cja-forms"",""https://www.flmd.uscourts.gov/forms/all/litigants-without-lawyers-forms""]",https://www.uscourts.gov/about-federal-courts/court-role-and-structure/court-website-links,Official directory observed through Firecrawl on 2026-09-12; forms pages from prior source manifest unless otherwise recorded.,,False,94 district entries and 94 bankruptcy jurisdictions are tracked separately; shared websites and territorial bankruptcy jurisdiction do not imply 94 separate bankruptcy courts.,Florida Middle district court,19,4,15,67,19,1,1,0,0,48,English documents available; wider coverage unverified,Logo/seal available,05-Court-and-Judge-Assets/images/f1/f1fe935326c52dee5f9abbfd8c64c221bd55bc8813ca7f0529f00ebbd2d853e9.png,court_seal,https://www.flmd.uscourts.gov/,Statewide source collections do not establish coverage of every county/division/judge; federal shared-site jurisdiction entries are not counts of distinct courts. Counts cover only retained English documents with supported titles. Source-link counts distinguish URLs associated with a retained file from source links without a local copy; source observations do not establish complete coverage.,light,FLMD,19,0,65,,,,,,,,
FD:flnd,United States District Court — Florida Northern,district,Federal,http://www.flnd.uscourts.gov/,"[""https://www.flnd.uscourts.gov/form/bill-costs-ao-133"",""https://www.flnd.uscourts.gov/filing-without-attorney"",""https://www.flnd.uscourts.gov/form/habeas-corpus-checklists"",""https://www.flnd.uscourts.gov/form/cja-voucher-review-policy"",""https://www.flnd.uscourts.gov/form/notice-intent-request-redaction"",""https://www.flnd.uscourts.gov/form/eleventh-circuit-transcript-information-form"",""https://www.flnd.uscourts.gov/form/plan-random-selection-grand-and-petit-jurors"",""https://www.flnd.uscourts.gov/form/subpoena-testify-deposition-civil-action-ao-88a"",""https://www.flnd.uscourts.gov/form/subpoena-testify-hearing-or-trial-criminal-case-ao-89"",""https://www.flnd.uscourts.gov/form/eleventh-circuit-transcript-information-form-instructions"",""https://www.flnd.uscourts.gov/form/pro-se-notice-lawsuit-and-request-waive-service-summons-nusm-1-ndfl-pro-se-16"",""https://www.flnd.uscourts.gov/form/subpoena-produce-documents-information-or-objects-or-permit-inspection-premises-civil-action-ao""]",https://www.uscourts.gov/about-federal-courts/court-role-and-structure/court-website-links,Official directory observed through Firecrawl on 2026-09-12; forms pages from prior source manifest unless otherwise recorded.,,False,94 district entries and 94 bankruptcy jurisdictions are tracked separately; shared websites and territorial bankruptcy jurisdiction do not imply 94 separate bankruptcy courts.,Florida Northern district court,8,0,8,17,8,0,1,0,0,9,English documents available; wider coverage unverified,Logo/seal available,05-Court-and-Judge-Assets/images/2a/2aab8fee929fd8d5c4e1a3aba6832ce59fc4d03f4d60090ce3b783989c7d1ca2.png,court_seal,https://www.flnd.uscourts.gov/,Statewide source collections do not establish coverage of every county/division/judge; federal shared-site jurisdiction entries are not counts of distinct courts. Counts cover only retained English documents with supported titles. Source-link counts distinguish URLs associated with a retained file from source links without a local copy; source observations do not establish complete coverage.,light,FLND,8,0,16,,,,,,,,
FD:flsd,United States District Court — Florida Southern,district,Federal,https://www.flsd.uscourts.gov/,"[""https://www.flsd.uscourts.gov/forms/all-forms"",""https://www.flsd.uscourts.gov/jury-information"",""https://www.flsd.uscourts.gov/media-information"",""https://www.flsd.uscourts.gov/nextgen-information"",""https://www.flsd.uscourts.gov/information-cmecf-users"",""https://www.flsd.uscourts.gov/updating-your-information"",""https://www.flsd.uscourts.gov/post-judgment-instructions""]",https://www.uscourts.gov/about-federal-courts/court-role-and-structure/court-website-links,Official directory observed through Firecrawl on 2026-09-12; forms pages from prior source manifest unless otherwise recorded.,,False,94 district entries and 94 bankruptcy jurisdictions are tracked separately; shared websites and territorial bankruptcy jurisdiction do not imply 94 separate bankruptcy courts.,Florida Southern district court,73,23,50,115,73,0,0,0,0,42,English documents available; wider coverage unverified,Logo/seal available,05-Court-and-Judge-Assets/images/ea/eada1e9badb6ed9ff6dc85a3ad3c9844e8333e00d31b6cd3eaa854b8c806a7bc.png,court_seal,https://www.flsd.uscourts.gov/,Statewide source collections do not establish coverage of every county/division/judge; federal shared-site jurisdiction entries are not counts of distinct courts. Counts cover only retained English documents with supported titles. Source-link counts distinguish URLs associated with a retained file from source links without a local copy; source observations do not establish complete coverage.,light,FLSD,73,0,115,,,,,,,,
FD:gamd,United States District Court — Georgia Middle,district,Federal,https://www.gamd.uscourts.gov/,"[""https://www.gamd.uscourts.gov/forms"",""https://www.gamd.uscourts.gov/cmecf"",""https://www.gamd.uscourts.gov/jury-information"",""https://www.gamd.uscourts.gov/cja-evoucher-info"",""https://www.gamd.uscourts.gov/media-information"",""https://www.gamd.uscourts.gov/cja-panel-attorney-information""]",https://www.uscourts.gov/about-federal-courts/court-role-and-structure/court-website-links,Official directory observed through Firecrawl on 2026-09-12; forms pages from prior source manifest unless otherwise recorded.,,False,94 district entries and 94 bankruptcy jurisdictions are tracked separately; shared websites and territorial bankruptcy jurisdiction do not imply 94 separate bankruptcy courts.,Georgia Middle district court,15,0,15,77,15,0,23,0,0,62,English documents available; wider coverage unverified,Logo/seal available,05-Court-and-Judge-Assets/images/b6/b6f81daad0729afcf8d66567c90920a095fda9a9b2c170846945f300bd328572.png,court_seal,https://www.gamd.uscourts.gov/,Statewide source collections do not establish coverage of every county/division/judge; federal shared-site jurisdiction entries are not counts of distinct courts. Counts cover only retained English documents with supported titles. Source-link counts distinguish URLs associated with a retained file from source links without a local copy; source observations do not establish complete coverage.,light,GAMD,15,0,54,,,,,,,,
FD:gand,United States District Court — Georgia Northern,district,Federal,https://www.gand.uscourts.gov/,"[""https://www.gand.uscourts.gov/prisoner-forms"",""https://www.gand.uscourts.gov/commonly-used-forms"",""https://www.gand.uscourts.gov/nextgen-information"",""https://www.gand.uscourts.gov/atl-court-filing-instructions""]",https://www.uscourts.gov/about-federal-courts/court-role-and-structure/court-website-links,Official directory observed through Firecrawl on 2026-09-12; forms pages from prior source manifest unless otherwise recorded.,,False,94 district entries and 94 bankruptcy jurisdictions are tracked separately; shared websites and territorial bankruptcy jurisdiction do not imply 94 separate bankruptcy courts.,Georgia Northern district court,19,0,19,35,19,0,4,0,0,16,English documents available; wider coverage unverified,Logo/seal available,05-Court-and-Judge-Assets/images/14/14835d70f9b32b418d94767dc1a8f9feec078fc0c4635819d5d00afd0244f8e4.png,court_seal,https://www.gand.uscourts.gov/,Statewide source collections do not establish coverage of every county/division/judge; federal shared-site jurisdiction entries are not counts of distinct courts. Counts cover only retained English documents with supported titles. Source-link counts distinguish URLs associated with a retained file from source links without a local copy; source observations do not establish complete coverage.,light,GAND,19,0,31,,,,,,,,
FD:gasd,United States District Court — Georgia Southern,district,Federal,https://www.gasd.uscourts.gov/,"[""https://www.gasd.uscourts.gov/civil-forms"",""https://www.gasd.uscourts.gov/criminal-forms"",""https://www.gasd.uscourts.gov/covid-19-information"",""https://www.gasd.uscourts.gov/walk-payment-filing-information"",""https://www.gasd.uscourts.gov/judge-ray-instructions-and-forms""]",https://www.uscourts.gov/about-federal-courts/court-role-and-structure/court-website-links,Official directory observed through Firecrawl on 2026-09-12; forms pages from prior source manifest unless otherwise recorded.,,False,94 district entries and 94 bankruptcy jurisdictions are tracked separately; shared websites and territorial bankruptcy jurisdiction do not imply 94 separate bankruptcy courts.,Georgia Southern district court,28,4,24,68,28,0,2,0,0,40,English documents available; wider coverage unverified,Text fallback,,,,Statewide source collections do not establish coverage of every county/division/judge; federal shared-site jurisdiction entries are not counts of distinct courts. Counts cover only retained English documents with supported titles. Source-link counts distinguish URLs associated with a retained file from source links without a local copy; source observations do not establish complete coverage.,light,GASD,28,0,66,,,,,,,,
FD:gud,United States District Court — Guam,district,Federal,https://www.gud.uscourts.gov/,"[""https://www.gud.uscourts.gov/forms"",""https://www.gud.uscourts.gov/forms/all-forms"",""https://www.gud.uscourts.gov/forms/all-forms/general_form"",""https://www.gud.uscourts.gov/forms/all-forms/habeas_corpus"",""https://www.gud.uscourts.gov/Local_Rules_of_Practice"",""https://www.gud.uscourts.gov/forms/request-group-tour"",""https://www.gud.uscourts.gov/forms/ao458-appearance-counsel"",""https://www.gud.uscourts.gov/forms/transcript-redaction-request"",""https://www.gud.uscourts.gov/forms/criminal-justice-act-cja-forms"",""https://www.gud.uscourts.gov/forms/forms-local-rules-tax-practice"",""https://www.gud.uscourts.gov/forms/request-digital-audio-recording"",""https://www.gud.uscourts.gov/forms/declaration-re-electronic-filing"",""https://www.gud.uscourts.gov/forms/national-official-forms-civil-actions"",""https://www.gud.uscourts.gov/forms/national-official-forms-habeas-corpus"",""https://www.gud.uscourts.gov/forms/national-official-forms-pro-se-filers"",""https://www.gud.uscourts.gov/forms/national-official-forms-criminal-cases"",""https://www.gud.uscourts.gov/forms/application-refund-fees-paid-electronically"",""https://www.gud.uscourts.gov/forms/judicial-misconduct-disability-complaint-form""]",https://www.uscourts.gov/about-federal-courts/court-role-and-structure/court-website-links,Official directory observed through Firecrawl on 2026-09-12; forms pages from prior source manifest unless otherwise recorded.,Official directory points to a shared court website; collection ID distinguishes district and bankruptcy jurisdiction.,True,94 district entries and 94 bankruptcy jurisdictions are tracked separately; shared websites and territorial bankruptcy jurisdiction do not imply 94 separate bankruptcy courts.,Guam district court,40,0,40,115,41,1,9,0,0,74,English documents available; wider coverage unverified,Logo/seal available,05-Court-and-Judge-Assets/images/e8/e82bd676eefb7bf01a687db4127a0489519899124a8642836f5922e0779315df.png,judiciary_logo,https://www.gud.uscourts.gov/,Statewide source collections do not establish coverage of every county/division/judge; federal shared-site jurisdiction entries are not counts of distinct courts. Counts cover only retained English documents with supported titles. Source-link counts distinguish URLs associated with a retained file from source links without a local copy; source observations do not establish complete coverage.,light,GUD,40,0,105,"{""https://www.gud.uscourts.gov/forms/all-forms/general_form"":""Official public HTML page fetched on 2026-09-12; TLS verified, robots allowed; HTTP 200"",""https://www.gud.uscourts.gov/forms/all-forms/habeas_corpus"":""Official public HTML page fetched on 2026-09-12; TLS verified, robots allowed; HTTP 200"",""https://www.gud.uscourts.gov/forms/ao-85a-notice-consent-and-reference-dispositive-motion-magistrate-judge"":""Firecrawl map of official website, 2026-09-12; indexed URL, not yet fetched"",""https://www.gud.uscourts.gov/forms/ao458-appearance-counsel"":""Official public HTML page fetched on 2026-09-12; TLS verified, robots allowed; HTTP 200"",""https://www.gud.uscourts.gov/forms/transcript-redaction-request"":""Official public HTML page fetched on 2026-09-12; TLS verified, robots allowed; HTTP 200"",""https://www.gud.uscourts.gov/forms/all-forms"":""Official public HTML page fetched on 2026-09-12; TLS verified, robots allowed; HTTP 200"",""https://www.gud.uscourts.gov/forms/application-refund-fees-paid-electronically"":""Official public HTML page fetched on 2026-09-12; TLS verified, robots allowed; HTTP 200"",""https://www.gud.uscourts.gov/forms/ao-435-transcript-order-form-appeals-and-non-appeals"":""Firecrawl map of official website, 2026-09-12; indexed URL, not yet fetched"",""https://www.gud.uscourts.gov/forms/national-official-forms-pro-se-filers"":""Official public HTML page fetched on 2026-09-12; TLS verified, robots allowed; HTTP 200"",""https://www.gud.uscourts.gov/forms/ao-78-official-application-judicial-branch-federal-employment"":""Firecrawl map of official website, 2026-09-12; indexed URL, not yet fetched"",""https://www.gud.uscourts.gov/forms/judicial-misconduct-disability-complaint-form"":""Official public HTML page fetched on 2026-09-12; TLS verified, robots allowed; HTTP 200"",""https://www.gud.uscourts.gov/forms"":""Official public HTML page fetched on 2026-09-12; TLS verified, robots allowed; HTTP 200"",""https://www.gud.uscourts.gov/forms/national-official-forms-habeas-corpus"":""Official public HTML page fetched on 2026-09-12; TLS verified, robots allowed; HTTP 200"",""https://www.gud.uscourts.gov/forms/forms-local-rules-tax-practice"":""Official public HTML page fetched on 2026-09-12; TLS verified, robots allowed; HTTP 200"",""https://www.gud.uscourts.gov/forms/criminal-justice-act-cja-forms"":""Firecrawl map of official website, 2026-09-12; indexed URL, not yet fetched"",""https://www.gud.uscourts.gov/forms/request-group-tour"":""Official public HTML page fetched on 2026-09-12; TLS verified, robots allowed; HTTP 200"",""https://www.gud.uscourts.gov/forms/request-digital-audio-recording"":""Official public HTML page fetched on 2026-09-12; TLS verified, robots allowed; HTTP 200"",""https://www.gud.uscourts.gov/forms/national-official-forms-civil-actions"":""Official public HTML page fetched on 2026-09-12; TLS verified, robots allowed; HTTP 200"",""https://www.gud.uscourts.gov/forms/declaration-re-electronic-filing"":""Official public HTML page fetched on 2026-09-12; TLS verified, robots allowed; HTTP 200"",""https://www.gud.uscourts.gov/forms/national-official-forms-criminal-cases"":""Official public HTML page fetched on 2026-09-12; TLS verified, robots allowed; HTTP 200"",""https://www.gud.uscourts.gov/Local_Rules_of_Practice"":""Official public HTML page fetched on 2026-09-12; TLS verified, robots allowed; HTTP 200""}",,,,,,,
FD:hid,United States District Court — Hawaii,district,Federal,https://www.hid.uscourts.gov/,"[""https://www.hid.uscourts.gov/court-forms/civil"",""https://www.hid.uscourts.gov/court-forms/jurors"",""https://www.hid.uscourts.gov/court-forms/criminal"",""https://www.hid.uscourts.gov/court-forms/miscellaneous"",""https://www.hid.uscourts.gov/court-forms/reporters-and-transcripts"",""https://www.hid.uscourts.gov/court-forms/contract-court-interpreters""]",https://www.uscourts.gov/about-federal-courts/court-role-and-structure/court-website-links,Official directory observed through Firecrawl on 2026-09-12; forms pages from prior source manifest unless otherwise recorded.,,True,94 district entries and 94 bankruptcy jurisdictions are tracked separately; shared websites and territorial bankruptcy jurisdiction do not imply 94 separate bankruptcy courts.,Hawaii district court,19,0,19,55,19,0,0,0,0,36,English documents available; wider coverage unverified,Site icon only,05-Court-and-Judge-Assets/images/2c/2cbaea174a9e2383d16e1da52360d49b64d162e5bbe797a32b4be3d3cf917b3c.png,favicon,https://www.hid.uscourts.gov/,Statewide source collections do not establish coverage of every county/division/judge; federal shared-site jurisdiction entries are not counts of distinct courts. Counts cover only retained English documents with supported titles. Source-link counts distinguish URLs associated with a retained file from source links without a local copy; source observations do not establish complete coverage.,light,HID,19,0,55,"{""https://www.hid.uscourts.gov/court-forms/civil"":""Official public HTML page fetched on 2026-09-12; TLS verified, robots allowed; HTTP 200"",""https://www.hid.uscourts.gov/court-forms/miscellaneous"":""Official public HTML page fetched on 2026-09-12; TLS verified, robots allowed; HTTP 200"",""https://www.hid.uscourts.gov/court-forms/reporters-and-transcripts"":""Official public HTML page fetched on 2026-09-12; TLS verified, robots allowed; HTTP 200"",""https://www.hid.uscourts.gov/court-forms/criminal"":""Official public HTML page fetched on 2026-09-12; TLS verified, robots allowed; HTTP 200"",""https://www.hid.uscourts.gov/court-forms/contract-court-interpreters"":""Official public HTML page fetched on 2026-09-12; TLS verified, robots allowed; HTTP 200"",""https://www.hid.uscourts.gov/court-forms/jurors"":""Official public HTML page fetched on 2026-09-12; TLS verified, robots allowed; HTTP 200""}",,,,,,,
FD:idd,United States District Court — Idaho,district,Federal,https://www.id.uscourts.gov/,"[""https://www.id.uscourts.gov/district/forms_fees_rules/Fees.cfm"",""https://www.id.uscourts.gov/bankruptcy/forms_fees_rules/Fees.cfm"",""https://www.id.uscourts.gov/clerks/general/Media_Information.cfm"",""https://www.id.uscourts.gov/bankruptcy/forms_fees_rules/Forms.cfm"",""https://www.id.uscourts.gov/clerks/general/Obtaining_Case_Info.cfm"",""https://www.id.uscourts.gov/district/forms_fees_rules/Civil_Forms.cfm"",""https://www.id.uscourts.gov/district/forms_fees_rules/Criminal_Forms.cfm"",""https://www.id.uscourts.gov/district/forms_fees_rules/General_Orders.cfm"",""https://www.id.uscourts.gov/bankruptcy/forms_fees_rules/Archived_Rules.cfm"",""https://www.id.uscourts.gov/bankruptcy/forms_fees_rules/General_Orders.cfm"",""https://www.id.uscourts.gov/district/forms_fees_rules/Miscellaneous_Forms.cfm"",""https://www.id.uscourts.gov/bankruptcy/forms_fees_rules/Miscellaneous_Forms.cfm""]",https://www.uscourts.gov/about-federal-courts/court-role-and-structure/court-website-links,Official directory observed through Firecrawl on 2026-09-12; forms pages from prior source manifest unless otherwise recorded.,Official directory points to a shared court website; collection ID distinguishes district and bankruptcy jurisdiction.,False,94 district entries and 94 bankruptcy jurisdictions are tracked separately; shared websites and territorial bankruptcy jurisdiction do not imply 94 separate bankruptcy courts.,Idaho district court,106,9,97,230,110,0,0,0,0,120,English documents available; wider coverage unverified,Logo/seal available,05-Court-and-Judge-Assets/images/b6/b65df614f4d15a242ece247a967aecf616a8c696d3900af302f639cce20310d2.png,judiciary_logo,https://www.id.uscourts.gov/clerks/Welcome.cfm,Statewide source collections do not establish coverage of every county/division/judge; federal shared-site jurisdiction entries are not counts of distinct courts. Counts cover only retained English documents with supported titles. Source-link counts distinguish URLs associated with a retained file from source links without a local copy; source observations do not establish complete coverage.,light,IDD,106,0,230,,,,,,,,
FD:ilcd,United States District Court — Illinois Central,district,Federal,https://www.ilcd.uscourts.gov/,"[""https://www.ilcd.uscourts.gov/forms"",""https://www.ilcd.uscourts.gov/forms/all-forms"",""https://www.ilcd.uscourts.gov/appointed-cja-attorney-forms"",""https://www.ilcd.uscourts.gov/rock-island-jury-information"",""https://www.ilcd.uscourts.gov/springfield-jury-information"",""https://www.ilcd.uscourts.gov/federal-judges-general-information"",""https://www.ilcd.uscourts.gov/cja-panel-application-and-information""]",https://www.uscourts.gov/about-federal-courts/court-role-and-structure/court-website-links,Official directory observed through Firecrawl on 2026-09-12; forms pages from prior source manifest unless otherwise recorded.,,False,94 district entries and 94 bankruptcy jurisdictions are tracked separately; shared websites and territorial bankruptcy jurisdiction do not imply 94 separate bankruptcy courts.,Illinois Central district court,13,0,13,37,14,0,2,0,0,23,English documents available; wider coverage unverified,Logo/seal available,05-Court-and-Judge-Assets/images/80/8064a3de5eb23043181d085d1117679fc9f41a225bfbd942608b1535f6b90845.png,court_seal,https://www.ilcd.uscourts.gov/,Statewide source collections do not establish coverage of every county/division/judge; federal shared-site jurisdiction entries are not counts of distinct courts. Counts cover only retained English documents with supported titles. Source-link counts distinguish URLs associated with a retained file from source links without a local copy; source observations do not establish complete coverage.,light,ILCD,13,0,35,,,,,,,,
FD:ilnd,United States District Court — Illinois Northern,district,Federal,https://www.ilnd.uscourts.gov/,"[""https://www.ilnd.uscourts.gov/forms.php"",""https://www.ilnd.uscourts.gov/Plain2.aspx?page=idform"",""https://www.ilnd.uscourts.gov/Pages.aspx?page=Accessibility"",""https://www.ilnd.uscourts.gov/Pages.aspx?gZs7e3dRTkYUF23U0wSbO1RYqOawR0jF"",""https://www.ilnd.uscourts.gov/LandingPage.php?page=Information_Systems_Clerks_Office""]",https://www.uscourts.gov/about-federal-courts/court-role-and-structure/court-website-links,Official directory observed through Firecrawl on 2026-09-12; forms pages from prior source manifest unless otherwise recorded.,,False,94 district entries and 94 bankruptcy jurisdictions are tracked separately; shared websites and territorial bankruptcy jurisdiction do not imply 94 separate bankruptcy courts.,Illinois Northern district court,40,2,38,149,41,0,2,0,0,108,English documents available; wider coverage unverified,Logo/seal available,05-Court-and-Judge-Assets/images/02/0285f97dee8bc0668d58fd0e266603a79667f07bd1ec22de0db951000ff61a57.png,court_logo,https://www.ilnd.uscourts.gov/,Statewide source collections do not establish coverage of every county/division/judge; federal shared-site jurisdiction entries are not counts of distinct courts. Counts cover only retained English documents with supported titles. Source-link counts distinguish URLs associated with a retained file from source links without a local copy; source observations do not establish complete coverage.,light,ILND,40,0,147,,,,,,,,
FD:ilsd,United States District Court — Illinois Southern,district,Federal,https://www.ilsd.uscourts.gov/,"[""https://www.ilsd.uscourts.gov/forms-0"",""https://www.ilsd.uscourts.gov/local-court-rules"",""https://www.ilsd.uscourts.gov/media-information"",""https://www.ilsd.uscourts.gov/information-jurors"",""https://www.ilsd.uscourts.gov/general-information"",""https://www.ilsd.uscourts.gov/attorney-information"",""https://www.ilsd.uscourts.gov/human-resource-forms"",""https://www.ilsd.uscourts.gov/case-information-service""]",https://www.uscourts.gov/about-federal-courts/court-role-and-structure/court-website-links,Official directory observed through Firecrawl on 2026-09-12; forms pages from prior source manifest unless otherwise recorded.,,False,94 district entries and 94 bankruptcy jurisdictions are tracked separately; shared websites and territorial bankruptcy jurisdiction do not imply 94 separate bankruptcy courts.,Illinois Southern district court,45,10,35,76,45,0,3,0,0,31,English documents available; wider coverage unverified,Logo/seal available,05-Court-and-Judge-Assets/images/41/4160e5b1b8200bf8aae0bd95871d19d0bf2f13d66a274e5c4db8ffb55c462008.png,court_seal,https://www.ilsd.uscourts.gov/,Statewide source collections do not establish coverage of every county/division/judge; federal shared-site jurisdiction entries are not counts of distinct courts. Counts cover only retained English documents with supported titles. Source-link counts distinguish URLs associated with a retained file from source links without a local copy; source observations do not establish complete coverage.,light,ILSD,45,0,73,,,,,,,,
FD:innd,United States District Court — Indiana Northern,district,Federal,https://www.innd.uscourts.gov/,"[""https://www.innd.uscourts.gov/forms/ProSeForms"",""https://www.innd.uscourts.gov/court-information"",""https://www.innd.uscourts.gov/forms/CMECF_Forms"",""https://www.innd.uscourts.gov/CourtReportingForms"",""https://www.innd.uscourts.gov/forms/CivilCaseForms"",""https://www.innd.uscourts.gov/MagistrateConsentForms"",""https://www.innd.uscourts.gov/forms/InterpreterForms"",""https://www.innd.uscourts.gov/forms/AttorneyAdmissionForms"",""https://www.innd.uscourts.gov/application-and-employment-forms"",""https://www.innd.uscourts.gov/court-reporters-information-and-forms""]",https://www.uscourts.gov/about-federal-courts/court-role-and-structure/court-website-links,Official directory observed through Firecrawl on 2026-09-12; forms pages from prior source manifest unless otherwise recorded.,,False,94 district entries and 94 bankruptcy jurisdictions are tracked separately; shared websites and territorial bankruptcy jurisdiction do not imply 94 separate bankruptcy courts.,Indiana Northern district court,35,1,34,59,35,0,7,0,0,24,English documents available; wider coverage unverified,Logo/seal available,05-Court-and-Judge-Assets/images/b8/b847d500b7d42944f230b4fb5b96bfe77ae498b157fe06517e607a93ee94d8ff.png,judiciary_logo,https://www.innd.uscourts.gov/,Statewide source collections do not establish coverage of every county/division/judge; federal shared-site jurisdiction entries are not counts of distinct courts. Counts cover only retained English documents with supported titles. Source-link counts distinguish URLs associated with a retained file from source links without a local copy; source observations do not establish complete coverage.,light,INND,35,0,52,,,,,,,,
FD:insd,United States District Court — Indiana Southern,district,Federal,https://www.insd.uscourts.gov/,"[""https://www.insd.uscourts.gov/court-information"",""https://www.insd.uscourts.gov/judges-information"",""https://www.insd.uscourts.gov/mdl-case-information"",""https://www.insd.uscourts.gov/case-management-plans"",""https://www.insd.uscourts.gov/fees-financial-information"",""https://www.insd.uscourts.gov/naturalization-information"",""https://www.insd.uscourts.gov/guides-forms-prisoner-claims"",""https://www.insd.uscourts.gov/attorney-admission-information"",""https://www.insd.uscourts.gov/forms/court-interpreter-invoice"",""https://www.insd.uscourts.gov/forms/phv-admission-form-applicant"",""https://www.insd.uscourts.gov/guides-forms-all-other-civil-claims""]",https://www.uscourts.gov/about-federal-courts/court-role-and-structure/court-website-links,Official directory observed through Firecrawl on 2026-09-12; forms pages from prior source manifest unless otherwise recorded.,,False,94 district entries and 94 bankruptcy jurisdictions are tracked separately; shared websites and territorial bankruptcy jurisdiction do not imply 94 separate bankruptcy courts.,Indiana Southern district court,13,0,13,33,13,0,3,0,0,20,English documents available; wider coverage unverified,Text fallback,,,,Statewide source collections do not establish coverage of every county/division/judge; federal shared-site jurisdiction entries are not counts of distinct courts. Counts cover only retained English documents with supported titles. Source-link counts distinguish URLs associated with a retained file from source links without a local copy; source observations do not establish complete coverage.,light,INSD,13,0,30,,,,,,,,
FD:iand,United States District Court — Iowa Northern,district,Federal,https://www.iand.uscourts.gov/,"[""https://www.iand.uscourts.gov/forms"",""https://www.iand.uscourts.gov/forms-0"",""https://www.iand.uscourts.gov/forms-information"",""https://www.iand.uscourts.gov/jury-instructions"",""https://www.iand.uscourts.gov/nextgen-information"",""https://www.iand.uscourts.gov/sealed-document-request"",""https://www.iand.uscourts.gov/attorney-admission-information"",""https://www.iand.uscourts.gov/jury-contact-general-information"",""https://www.iand.uscourts.gov/content/usa-v-moore-forfeiture-instructions"",""https://www.iand.uscourts.gov/exhibit-forms-and-instructions-e-filing-exhibits-case"",""https://www.iand.uscourts.gov/content/united-states-vs-michael-lee-brunson-forfeiture-instruction""]",https://www.uscourts.gov/about-federal-courts/court-role-and-structure/court-website-links,Official directory observed through Firecrawl on 2026-09-12; forms pages from prior source manifest unless otherwise recorded.,,False,94 district entries and 94 bankruptcy jurisdictions are tracked separately; shared websites and territorial bankruptcy jurisdiction do not imply 94 separate bankruptcy courts.,Iowa Northern district court,37,15,22,71,37,0,2,0,0,34,English documents available; wider coverage unverified,Logo/seal available,05-Court-and-Judge-Assets/images/b5/b59d7341a0bfd23b22b448afa543256b6084ce5c1e7c74bcd2f1896373fd012b.png,court_seal,https://www.iand.uscourts.gov/,Statewide source collections do not establish coverage of every county/division/judge; federal shared-site jurisdiction entries are not counts of distinct courts. Counts cover only retained English documents with supported titles. Source-link counts distinguish URLs associated with a retained file from source links without a local copy; source observations do not establish complete coverage.,light,IAND,37,0,69,,,,,,,,
FD:iasd,United States District Court — Iowa Southern,district,Federal,https://www.iasd.uscourts.gov/,"[""https://www.iasd.uscourts.gov/civil-forms"",""https://www.iasd.uscourts.gov/criminal-forms"",""https://www.iasd.uscourts.gov/prisoner-forms""]",https://www.uscourts.gov/about-federal-courts/court-role-and-structure/court-website-links,Official directory observed through Firecrawl on 2026-09-12; forms pages from prior source manifest unless otherwise recorded.,,False,94 district entries and 94 bankruptcy jurisdictions are tracked separately; shared websites and territorial bankruptcy jurisdiction do not imply 94 separate bankruptcy courts.,Iowa Southern district court,6,1,5,16,6,0,0,0,0,10,English documents available; wider coverage unverified,Logo/seal available,05-Court-and-Judge-Assets/images/38/387efbc9060c3c2b6347c42bfd156d7edc6be6e5ff39e9173675c2cf1cfa3cc4.png,court_seal,https://www.iasd.uscourts.gov/,Statewide source collections do not establish coverage of every county/division/judge; federal shared-site jurisdiction entries are not counts of distinct courts. Counts cover only retained English documents with supported titles. Source-link counts distinguish URLs associated with a retained file from source links without a local copy; source observations do not establish complete coverage.,light,IASD,6,0,16,,,,,,,,
FD:ksd,United States District Court — Kansas,district,Federal,https://www.ksd.uscourts.gov/,"[""https://www.ksd.uscourts.gov/civil-forms"",""https://www.ksd.uscourts.gov/attorney-forms"",""https://www.ksd.uscourts.gov/prisoner-forms"",""https://www.ksd.uscourts.gov/court-information"",""https://www.ksd.uscourts.gov/media-information"",""https://www.ksd.uscourts.gov/court-appointedself-representation-forms""]",https://www.uscourts.gov/about-federal-courts/court-role-and-structure/court-website-links,Official directory observed through Firecrawl on 2026-09-12; forms pages from prior source manifest unless otherwise recorded.,,False,94 district entries and 94 bankruptcy jurisdictions are tracked separately; shared websites and territorial bankruptcy jurisdiction do not imply 94 separate bankruptcy courts.,Kansas district court,29,9,20,40,30,0,3,0,0,10,English documents available; wider coverage unverified,Logo/seal available,05-Court-and-Judge-Assets/images/2c/2cecc341ab8e23012fe7ef2d65b2f547f5c337734d35c7aa37786ccd77dff97c.png,court_seal,https://www.ksd.uscourts.gov/,Statewide source collections do not establish coverage of every county/division/judge; federal shared-site jurisdiction entries are not counts of distinct courts. Counts cover only retained English documents with supported titles. Source-link counts distinguish URLs associated with a retained file from source links without a local copy; source observations do not establish complete coverage.,light,KSD,29,0,37,,,,,,,,
FD:kyed,United States District Court — Kentucky Eastern,district,Federal,https://www.kyed.uscourts.gov/,"[""https://www.kyed.uscourts.gov/rules-and-forms"",""https://www.kyed.uscourts.gov/nextgen"",""https://www.kyed.uscourts.gov/case-info"",""https://www.kyed.uscourts.gov/atty-forms"",""https://www.kyed.uscourts.gov/local%20forms""]",https://www.uscourts.gov/about-federal-courts/court-role-and-structure/court-website-links,Official directory observed through Firecrawl on 2026-09-12; forms pages from prior source manifest unless otherwise recorded.,,False,94 district entries and 94 bankruptcy jurisdictions are tracked separately; shared websites and territorial bankruptcy jurisdiction do not imply 94 separate bankruptcy courts.,Kentucky Eastern district court,18,0,18,47,18,0,1,0,0,29,English documents available; wider coverage unverified,Logo/seal available,05-Court-and-Judge-Assets/images/50/50e59a78204936ec41f8c45bd594b987f61ef8e8db16cc9980b0a61ee4680509.png,court_seal,https://www.kyed.uscourts.gov/,Statewide source collections do not establish coverage of every county/division/judge; federal shared-site jurisdiction entries are not counts of distinct courts. Counts cover only retained English documents with supported titles. Source-link counts distinguish URLs associated with a retained file from source links without a local copy; source observations do not establish complete coverage.,light,KYED,18,0,46,,,,,,,,
FD:kywd,United States District Court — Kentucky Western,district,Federal,https://www.kywd.uscourts.gov/,"[""https://www.kywd.uscourts.gov/forms/all-forms"",""https://www.kywd.uscourts.gov/forms/all-forms/pro_se"",""https://www.kywd.uscourts.gov/cja"",""https://www.kywd.uscourts.gov/forms/time-expenses-common"",""https://www.kywd.uscourts.gov/jury-info/jury-instructions"",""https://www.kywd.uscourts.gov/jury-info/jury-instructions?page=1"",""https://www.kywd.uscourts.gov/naturalization-ceremony-information"",""https://www.kywd.uscourts.gov/forms/cja-26-supplemental-information-statement-compensation-claim-excess"",""https://www.kywd.uscourts.gov/forms/appendix-3a-advance-authorization-investigative-expert-or-other-services""]",https://www.uscourts.gov/about-federal-courts/court-role-and-structure/court-website-links,Official directory observed through Firecrawl on 2026-09-12; forms pages from prior source manifest unless otherwise recorded.,,False,94 district entries and 94 bankruptcy jurisdictions are tracked separately; shared websites and territorial bankruptcy jurisdiction do not imply 94 separate bankruptcy courts.,Kentucky Western district court,3,0,3,89,3,0,3,0,0,86,English documents available; wider coverage unverified,Logo/seal available,05-Court-and-Judge-Assets/images/b8/b847d500b7d42944f230b4fb5b96bfe77ae498b157fe06517e607a93ee94d8ff.png,judiciary_logo,https://www.kywd.uscourts.gov/,Statewide source collections do not establish coverage of every county/division/judge; federal shared-site jurisdiction entries are not counts of distinct courts. Counts cover only retained English documents with supported titles. Source-link counts distinguish URLs associated with a retained file from source links without a local copy; source observations do not establish complete coverage.,light,KYWD,3,0,86,,,,,,,,
FD:laed,United States District Court — Louisiana Eastern,district,Federal,https://www.laed.uscourts.gov/,"[""https://www.laed.uscourts.gov/court-information"",""https://www.laed.uscourts.gov/judges-information"",""https://www.laed.uscourts.gov/attorney-information"",""https://www.laed.uscourts.gov/court-information/outreach"",""https://www.laed.uscourts.gov/case-information/case-opinions"",""https://www.laed.uscourts.gov/case-information/electronic-filing"",""https://www.laed.uscourts.gov/attorney-information/disciplinary-cases"",""https://www.laed.uscourts.gov/attorney-information/admissions-registration"",""https://www.laed.uscourts.gov/case-information/orders-citing-internet-resources""]",https://www.uscourts.gov/about-federal-courts/court-role-and-structure/court-website-links,Official directory observed through Firecrawl on 2026-09-12; forms pages from prior source manifest unless otherwise recorded.,,False,94 district entries and 94 bankruptcy jurisdictions are tracked separately; shared websites and territorial bankruptcy jurisdiction do not imply 94 separate bankruptcy courts.,Louisiana Eastern district court,5,0,5,366,5,0,2,0,166,361,English documents available; wider coverage unverified,Logo/seal available,05-Court-and-Judge-Assets/images/89/8981461fb7760b1c5ca5d3158ad86f934cecafb092cd2784d5ee16eb23d294db.png,court_seal,https://www.laed.uscourts.gov/,Statewide source collections do not establish coverage of every county/division/judge; federal shared-site jurisdiction entries are not counts of distinct courts. Counts cover only retained English documents with supported titles. Source-link counts distinguish URLs associated with a retained file from source links without a local copy; source observations do not establish complete coverage.,light,LAED,5,0,198,,,,,,,,
FD:lamd,United States District Court — Louisiana Middle,district,Federal,https://www.lamd.uscourts.gov/,"[""https://www.lamd.uscourts.gov/lamd-forms"",""https://www.lamd.uscourts.gov/judge-forms"",""https://www.lamd.uscourts.gov/cmecf-information"",""https://www.lamd.uscourts.gov/court-information"",""https://www.lamd.uscourts.gov/media-information"",""https://www.lamd.uscourts.gov/e-filing-technical-information"",""https://www.lamd.uscourts.gov/jury-contact-general-information"",""https://www.lamd.uscourts.gov/local-forms/all-local-forms/pro_se_forms""]",https://www.uscourts.gov/about-federal-courts/court-role-and-structure/court-website-links,Official directory observed through Firecrawl on 2026-09-12; forms pages from prior source manifest unless otherwise recorded.,,False,94 district entries and 94 bankruptcy jurisdictions are tracked separately; shared websites and territorial bankruptcy jurisdiction do not imply 94 separate bankruptcy courts.,Louisiana Middle district court,25,2,23,60,25,0,13,0,0,35,English documents available; wider coverage unverified,Logo/seal available,05-Court-and-Judge-Assets/images/e0/e0cf2b08f00a159d72f353bccca7f766a35d9358f0bec105e257150dd8654222.png,court_seal,https://www.lamd.uscourts.gov/,Statewide source collections do not establish coverage of every county/division/judge; federal shared-site jurisdiction entries are not counts of distinct courts. Counts cover only retained English documents with supported titles. Source-link counts distinguish URLs associated with a retained file from source links without a local copy; source observations do not establish complete coverage.,light,LAMD,25,0,47,,,,,,,,
FD:lawd,United States District Court — Louisiana Western,district,Federal,https://www.lawd.uscourts.gov/,"[""https://www.lawd.uscourts.gov/local-forms"",""https://www.lawd.uscourts.gov/nextgen-information"",""https://www.lawd.uscourts.gov/cja-information-evoucher"",""https://www.lawd.uscourts.gov/motion-appear-pro-hac-vice"",""https://www.lawd.uscourts.gov/application-proceed-forma-pauperis-non-prisoner"",""https://www.lawd.uscourts.gov/application-proceed-forma-pauperis-prisoners-ice-detainees""]",https://www.uscourts.gov/about-federal-courts/court-role-and-structure/court-website-links,Official directory observed through Firecrawl on 2026-09-12; forms pages from prior source manifest unless otherwise recorded.,,False,94 district entries and 94 bankruptcy jurisdictions are tracked separately; shared websites and territorial bankruptcy jurisdiction do not imply 94 separate bankruptcy courts.,Louisiana Western district court,4,1,3,36,4,0,19,0,0,32,English documents available; wider coverage unverified,Logo/seal available,05-Court-and-Judge-Assets/images/a4/a4f136220387b9031edd5799c3593d343049b142cc45dabe58d8a16ddafe86bc.png,court_seal,https://www.lawd.uscourts.gov/,Statewide source collections do not establish coverage of every county/division/judge; federal shared-site jurisdiction entries are not counts of distinct courts. Counts cover only retained English documents with supported titles. Source-link counts distinguish URLs associated with a retained file from source links without a local copy; source observations do not establish complete coverage.,light,LAWD,4,0,17,,,,,,,,
FD:med,United States District Court — Maine,district,Federal,https://www.med.uscourts.gov/,"[""https://www.med.uscourts.gov/forms"",""https://www.med.uscourts.gov/pattern-jury-instructions"",""https://www.med.uscourts.gov/self-representation-forms""]",https://www.uscourts.gov/about-federal-courts/court-role-and-structure/court-website-links,Official directory observed through Firecrawl on 2026-09-12; forms pages from prior source manifest unless otherwise recorded.,,False,94 district entries and 94 bankruptcy jurisdictions are tracked separately; shared websites and territorial bankruptcy jurisdiction do not imply 94 separate bankruptcy courts.,Maine district court,27,13,14,61,27,0,17,0,0,34,English documents available; wider coverage unverified,Logo/seal available,05-Court-and-Judge-Assets/images/b8/b847d500b7d42944f230b4fb5b96bfe77ae498b157fe06517e607a93ee94d8ff.png,judiciary_logo,https://www.med.uscourts.gov/,Statewide source collections do not establish coverage of every county/division/judge; federal shared-site jurisdiction entries are not counts of distinct courts. Counts cover only retained English documents with supported titles. Source-link counts distinguish URLs associated with a retained file from source links without a local copy; source observations do not establish complete coverage.,light,MED,27,0,44,,,,,,,,
FD:mdd,United States District Court — Maryland,district,Federal,https://www.mdd.uscourts.gov/,"[""https://www.mdd.uscourts.gov/forms/"",""https://www.mdd.uscourts.gov/forms/all-forms/civil"",""https://www.mdd.uscourts.gov/forms/all-forms/attorney"",""https://www.mdd.uscourts.gov/forms/all-forms/self_rep"",""https://www.mdd.uscourts.gov/forms?page=1"",""https://www.mdd.uscourts.gov/forms?page=2"",""https://www.mdd.uscourts.gov/forms?page=4"",""https://www.mdd.uscourts.gov/forms?page=5"",""https://www.mdd.uscourts.gov/case-information"",""https://www.mdd.uscourts.gov/unclaimed-funds-information"",""https://www.mdd.uscourts.gov/civil-justice-reform-act-reports"",""https://www.mdd.uscourts.gov/electronic-case-filing-information""]",https://www.uscourts.gov/about-federal-courts/court-role-and-structure/court-website-links,Official directory observed through Firecrawl on 2026-09-12; forms pages from prior source manifest unless otherwise recorded.,,False,94 district entries and 94 bankruptcy jurisdictions are tracked separately; shared websites and territorial bankruptcy jurisdiction do not imply 94 separate bankruptcy courts.,Maryland district court,46,3,43,111,46,0,3,0,0,65,English documents available; wider coverage unverified,Logo/seal available,05-Court-and-Judge-Assets/images/b8/b847d500b7d42944f230b4fb5b96bfe77ae498b157fe06517e607a93ee94d8ff.png,judiciary_logo,https://www.mdd.uscourts.gov/,Statewide source collections do not establish coverage of every county/division/judge; federal shared-site jurisdiction entries are not counts of distinct courts. Counts cover only retained English documents with supported titles. Source-link counts distinguish URLs associated with a retained file from source links without a local copy; source observations do not establish complete coverage.,light,MDD,46,0,108,,,,,,,,
FD:mad,United States District Court — Massachusetts,district,Federal,https://www.mad.uscourts.gov/,"[""https://www.mad.uscourts.gov/general/media.htm"",""https://www.mad.uscourts.gov/attorneys/cja-info.htm"",""https://www.mad.uscourts.gov/general/contact-us.htm"",""https://www.mad.uscourts.gov/general/rules-home.htm"",""https://www.mad.uscourts.gov/attorneys/attorneys.htm"",""https://www.mad.uscourts.gov/resources/forms-local.htm"",""https://www.mad.uscourts.gov/attorneys/cja-evoucher.htm"",""https://www.mad.uscourts.gov/caseinfo/cmecf-general.htm"",""https://www.mad.uscourts.gov/caseinfo/records-search.htm"",""https://www.mad.uscourts.gov/general/judicial-misconduct.htm""]",https://www.uscourts.gov/about-federal-courts/court-role-and-structure/court-website-links,Official directory observed through Firecrawl on 2026-09-12; forms pages from prior source manifest unless otherwise recorded.,,False,94 district entries and 94 bankruptcy jurisdictions are tracked separately; shared websites and territorial bankruptcy jurisdiction do not imply 94 separate bankruptcy courts.,Massachusetts district court,84,0,84,83,44,0,0,0,0,39,English documents available; wider coverage unverified,Logo/seal available,05-Court-and-Judge-Assets/images/c0/c0501f639e2ec200556a0dbe422f71188bcb067a967938a9041183f502e14696.png,court_seal,https://www.mad.uscourts.gov/,Statewide source collections do not establish coverage of every county/division/judge; federal shared-site jurisdiction entries are not counts of distinct courts. Counts cover only retained English documents with supported titles. Source-link counts distinguish URLs associated with a retained file from source links without a local copy; source observations do not establish complete coverage.,light,MAD,84,0,83,"{""https://www.mad.uscourts.gov/resources/forms-local.htm"":""Official public HTML page fetched on 2026-09-12; TLS verified, robots allowed; HTTP 200"",""https://www.mad.uscourts.gov/general/rules-home.htm"":""Official public HTML page fetched on 2026-09-12; TLS verified, robots allowed; HTTP 200"",""https://www.mad.uscourts.gov/general/media.htm"":""Official public HTML page fetched on 2026-09-12; TLS verified, robots allowed; HTTP 200"",""https://www.mad.uscourts.gov/attorneys/cja-info.htm"":""Official public HTML page fetched on 2026-09-12; TLS verified, robots allowed; HTTP 200"",""https://www.mad.uscourts.gov/general/contact-us.htm"":""Official public HTML page fetched on 2026-09-12; TLS verified, robots allowed; HTTP 200"",""https://www.mad.uscourts.gov/attorneys/attorneys.htm"":""Official public HTML page fetched on 2026-09-12; TLS verified, robots allowed; HTTP 200"",""https://www.mad.uscourts.gov/attorneys/cja-evoucher.htm"":""Official public HTML page fetched on 2026-09-12; TLS verified, robots allowed; HTTP 200"",""https://www.mad.uscourts.gov/caseinfo/cmecf-general.htm"":""Official public HTML page fetched on 2026-09-12; TLS verified, robots allowed; HTTP 200"",""https://www.mad.uscourts.gov/caseinfo/records-search.htm"":""Official public HTML page fetched on 2026-09-12; TLS verified, robots allowed; HTTP 200"",""https://www.mad.uscourts.gov/general/judicial-misconduct.htm"":""Official public HTML page fetched on 2026-09-12; TLS verified, robots allowed; HTTP 200""}",,,,,,,
FD:mied,United States District Court — Michigan Eastern,district,Federal,https://www.mied.uscourts.gov/,"[""https://www.mied.uscourts.gov/forms/"",""https://www.mied.uscourts.gov/clerk/financial"",""https://www.mied.uscourts.gov/prose/information"",""https://www.mied.uscourts.gov/efiling/information"",""https://www.mied.uscourts.gov/attorneys/instructions""]",https://www.uscourts.gov/about-federal-courts/court-role-and-structure/court-website-links,Official directory observed through Firecrawl on 2026-09-12; forms pages from prior source manifest unless otherwise recorded.,,False,94 district entries and 94 bankruptcy jurisdictions are tracked separately; shared websites and territorial bankruptcy jurisdiction do not imply 94 separate bankruptcy courts.,Michigan Eastern district court,78,0,78,447,80,1,0,0,0,367,English documents available; wider coverage unverified,Logo/seal available,05-Court-and-Judge-Assets/images/35/3595087ff8687b810cf6c1f32000877035b472aa29a95c97ea201c3f44ffbf32.webp,court_seal,https://www.mied.uscourts.gov/,Statewide source collections do not establish coverage of every county/division/judge; federal shared-site jurisdiction entries are not counts of distinct courts. Counts cover only retained English documents with supported titles. Source-link counts distinguish URLs associated with a retained file from source links without a local copy; source observations do not establish complete coverage.,light,MIED,78,0,446,"{""https://www.mied.uscourts.gov/forms/"":""Official public HTML page fetched on 2026-09-12; TLS verified, robots allowed; HTTP 200"",""https://www.mied.uscourts.gov/clerk/financial"":""Official public HTML page fetched on 2026-09-12; TLS verified, robots allowed; HTTP 200"",""https://www.mied.uscourts.gov/prose/information"":""Official public HTML page fetched on 2026-09-12; TLS verified, robots allowed; HTTP 200"",""https://www.mied.uscourts.gov/efiling/information"":""Official public HTML page fetched on 2026-09-12; TLS verified, robots allowed; HTTP 200"",""https://www.mied.uscourts.gov/attorneys/instructions"":""Official public HTML page fetched on 2026-09-12; TLS verified, robots allowed; HTTP 200""}",,,,,,,
FD:miwd,United States District Court — Michigan Western,district,Federal,https://www.miwd.uscourts.gov/,"[""https://www.miwd.uscourts.gov/civil-forms"",""https://www.miwd.uscourts.gov/pro-se-forms"",""https://www.miwd.uscourts.gov/criminal-forms"",""https://www.miwd.uscourts.gov/prisoner-forms"",""https://www.miwd.uscourts.gov/miscellaneous-forms"",""https://www.miwd.uscourts.gov/nextgen-information"",""https://www.miwd.uscourts.gov/appealspost-judgment-forms"",""https://www.miwd.uscourts.gov/attorney-information-civil"",""https://www.miwd.uscourts.gov/attorney-information-criminal"",""https://www.miwd.uscourts.gov/grand-rapids-juror-information"",""https://www.miwd.uscourts.gov/referencing-court-record-pageid-cite-form"",""https://www.miwd.uscourts.gov/electronic-filing-references-and-information""]",https://www.uscourts.gov/about-federal-courts/court-role-and-structure/court-website-links,Official directory observed through Firecrawl on 2026-09-12; forms pages from prior source manifest unless otherwise recorded.,,False,94 district entries and 94 bankruptcy jurisdictions are tracked separately; shared websites and territorial bankruptcy jurisdiction do not imply 94 separate bankruptcy courts.,Michigan Western district court,37,1,36,67,37,0,3,0,0,30,English documents available; wider coverage unverified,Logo/seal available,05-Court-and-Judge-Assets/images/c0/c01241048379b186aadd6b6c1d8c3c4c8870810df011f983a19506145fc61f8e.png,court_seal,https://www.miwd.uscourts.gov/,Statewide source collections do not establish coverage of every county/division/judge; federal shared-site jurisdiction entries are not counts of distinct courts. Counts cover only retained English documents with supported titles. Source-link counts distinguish URLs associated with a retained file from source links without a local copy; source observations do not establish complete coverage.,light,MIWD,37,0,64,,,,,,,,
FD:mnd,United States District Court — Minnesota,district,Federal,https://www.mnd.uscourts.gov/,"[""https://www.mnd.uscourts.gov/forms/all-forms"",""https://www.mnd.uscourts.gov/forms/all-forms/post_judgment_and_miscellaneous_forms"",""https://www.mnd.uscourts.gov/forms-0"",""https://www.mnd.uscourts.gov/forms/notice-hearing"",""https://www.mnd.uscourts.gov/forms/statement-redaction"",""https://www.mnd.uscourts.gov/forms/pro-se-motion-compassionate-release"",""https://www.mnd.uscourts.gov/forms/rule-71-corporate-disclosure-statement"",""https://www.mnd.uscourts.gov/forms/warrant-seize-property-subject-forfeiture"",""https://www.mnd.uscourts.gov/forms/motion-exclude-time-under-speedy-trial-act"",""https://www.mnd.uscourts.gov/forms/joint-motion-regarding-continued-sealing-sample"",""https://www.mnd.uscourts.gov/forms/rule-26f-report-proposed-sched-order-non-patent"",""https://www.mnd.uscourts.gov/forms/subpoena-testify-hearing-or-trial-criminal-case"",""https://www.mnd.uscourts.gov/forms/motion-admission-pro-hac-vice-us-government-attorney"",""https://www.mnd.uscourts.gov/forms/motion-and-affidavit-permission-appeal-forma-pauperis"",""https://www.mnd.uscourts.gov/forms/stip-lead-counsel-re-mdl-transcripts-courts-external-website"",""https://www.mnd.uscourts.gov/forms/statement-facts-support-exclusion-time-under-speedy-trial-act""]",https://www.uscourts.gov/about-federal-courts/court-role-and-structure/court-website-links,Official directory observed through Firecrawl on 2026-09-12; forms pages from prior source manifest unless otherwise recorded.,,True,94 district entries and 94 bankruptcy jurisdictions are tracked separately; shared websites and territorial bankruptcy jurisdiction do not imply 94 separate bankruptcy courts.,Minnesota district court,116,17,99,288,120,0,3,0,0,168,English documents available; wider coverage unverified,Logo/seal available,05-Court-and-Judge-Assets/images/59/590ffa1d8b2f4ec860c1b6cbef8c047ce920bb0da899043e0bf5138ebcc94fcc.png,court_seal,https://www.mnd.uscourts.gov/,Statewide source collections do not establish coverage of every county/division/judge; federal shared-site jurisdiction entries are not counts of distinct courts. Counts cover only retained English documents with supported titles. Source-link counts distinguish URLs associated with a retained file from source links without a local copy; source observations do not establish complete coverage.,light,MND,116,0,285,"{""https://www.mnd.uscourts.gov/forms/all-forms"":""Official page fetched live using Firecrawl basic proxy, 2026-09-12"",""https://www.mnd.uscourts.gov/forms/all-forms/post_judgment_and_miscellaneous_forms"":""Official public HTML page fetched on 2026-09-12; TLS verified, robots allowed; HTTP 200"",""https://www.mnd.uscourts.gov/forms/pro-se-motion-compassionate-release"":""Firecrawl map of official website, 2026-09-12; indexed URL, not yet fetched"",""https://www.mnd.uscourts.gov/forms/rule-26f-report-proposed-sched-order-non-patent"":""Official public HTML page fetched on 2026-09-12; TLS verified, robots allowed; HTTP 200"",""https://www.mnd.uscourts.gov/forms-0"":""Official public HTML page fetched on 2026-09-12; TLS verified, robots allowed; HTTP 200"",""https://www.mnd.uscourts.gov/forms/motion-and-affidavit-permission-appeal-forma-pauperis"":""Official public HTML page fetched on 2026-09-12; TLS verified, robots allowed; HTTP 200"",""https://www.mnd.uscourts.gov/forms/warrant-seize-property-subject-forfeiture"":""Official public HTML page fetched on 2026-09-12; TLS verified, robots allowed; HTTP 200"",""https://www.mnd.uscourts.gov/forms/statement-facts-support-exclusion-time-under-speedy-trial-act"":""Official public HTML page fetched on 2026-09-12; TLS verified, robots allowed; HTTP 200"",""https://www.mnd.uscourts.gov/forms/joint-motion-regarding-continued-sealing-sample"":""Official public HTML page fetched on 2026-09-12; TLS verified, robots allowed; HTTP 200"",""https://www.mnd.uscourts.gov/forms/stip-lead-counsel-re-mdl-transcripts-courts-external-website"":""Official public HTML page fetched on 2026-09-12; TLS verified, robots allowed; HTTP 200"",""https://www.mnd.uscourts.gov/forms/subpoena-testify-hearing-or-trial-criminal-case"":""Official public HTML page fetched on 2026-09-12; TLS verified, robots allowed; HTTP 200"",""https://www.mnd.uscourts.gov/forms/rule-71-corporate-disclosure-statement"":""Official public HTML page fetched on 2026-09-12; TLS verified, robots allowed; HTTP 200"",""https://www.mnd.uscourts.gov/forms/notice-hearing"":""Official public HTML page fetched on 2026-09-12; TLS verified, robots allowed; HTTP 200"",""https://www.mnd.uscourts.gov/forms/statement-redaction"":""Official public HTML page fetched on 2026-09-12; TLS verified, robots allowed; HTTP 200"",""https://www.mnd.uscourts.gov/forms/motion-admission-pro-hac-vice-us-government-attorney"":""Official public HTML page fetched on 2026-09-12; TLS verified, robots allowed; HTTP 200"",""https://www.mnd.uscourts.gov/forms/motion-exclude-time-under-speedy-trial-act"":""Official public HTML page fetched on 2026-09-12; TLS verified, robots allowed; HTTP 200""}",,,,,,,
FD:msnd,United States District Court — Mississippi Northern,district,Federal,https://www.msnd.uscourts.gov/,"[""https://www.msnd.uscourts.gov/forms/"",""https://www.msnd.uscourts.gov/forms/all-forms"",""https://www.msnd.uscourts.gov/forms/all-forms/local_rules"",""https://www.msnd.uscourts.gov/transcript-information"",""https://www.msnd.uscourts.gov/forms/jury-list-request"",""https://www.msnd.uscourts.gov/forms/feeschedule12-01-2023"",""https://www.msnd.uscourts.gov/forms/administrative-procedures-electronic-case-filing""]",https://www.uscourts.gov/about-federal-courts/court-role-and-structure/court-website-links,Official directory observed through Firecrawl on 2026-09-12; forms pages from prior source manifest unless otherwise recorded.,,False,94 district entries and 94 bankruptcy jurisdictions are tracked separately; shared websites and territorial bankruptcy jurisdiction do not imply 94 separate bankruptcy courts.,Mississippi Northern district court,36,1,35,76,36,0,2,0,0,40,English documents available; wider coverage unverified,Logo/seal available,05-Court-and-Judge-Assets/images/69/69faafe713ffa82b14c0c11b04a49d1b5df20fea5ae454f8f3cbf64b3147ed3a.png,court_seal,https://www.msnd.uscourts.gov/,Statewide source collections do not establish coverage of every county/division/judge; federal shared-site jurisdiction entries are not counts of distinct courts. Counts cover only retained English documents with supported titles. Source-link counts distinguish URLs associated with a retained file from source links without a local copy; source observations do not establish complete coverage.,light,MSND,36,0,74,,,,,,,,
FD:mssd,United States District Court — Mississippi Southern,district,Federal,https://www.mssd.uscourts.gov/,"[""https://www.mssd.uscourts.gov/forms/all-forms"",""https://www.mssd.uscourts.gov/forms/all-forms/transcript_forms"",""https://www.mssd.uscourts.gov/court-information"",""https://www.mssd.uscourts.gov/forms/writ-execution"",""https://www.mssd.uscourts.gov/forms/cell-phone-policy"",""https://www.mssd.uscourts.gov/forms/firearms-and-knives-order"",""https://www.mssd.uscourts.gov/forms/judicial-misconduct-notice""]",https://www.uscourts.gov/about-federal-courts/court-role-and-structure/court-website-links,Official directory observed through Firecrawl on 2026-09-12; forms pages from prior source manifest unless otherwise recorded.,,False,94 district entries and 94 bankruptcy jurisdictions are tracked separately; shared websites and territorial bankruptcy jurisdiction do not imply 94 separate bankruptcy courts.,Mississippi Southern district court,1,0,1,17,1,0,0,0,0,16,English documents available; wider coverage unverified,Logo/seal available,05-Court-and-Judge-Assets/images/22/2281c39f0ab11d6f4e2b6129dcef681dd1910f3bb8f5e1975ce51f72681ed58c.png,court_seal,https://www.mssd.uscourts.gov/,Statewide source collections do not establish coverage of every county/division/judge; federal shared-site jurisdiction entries are not counts of distinct courts. Counts cover only retained English documents with supported titles. Source-link counts distinguish URLs associated with a retained file from source links without a local copy; source observations do not establish complete coverage.,light,MSSD,1,0,17,,,,,,,,
FD:moed,United States District Court — Missouri Eastern,district,Federal,https://www.moed.uscourts.gov/,"[""https://www.moed.uscourts.gov/forms"",""https://www.moed.uscourts.gov/media-information"",""https://www.moed.uscourts.gov/judges-contact-information-and-requirements"",""https://www.moed.uscourts.gov/pretrial-services-hours-contact-information"",""https://www.moed.uscourts.gov/publication/information-regarding-entry-default""]",https://www.uscourts.gov/about-federal-courts/court-role-and-structure/court-website-links,Official directory observed through Firecrawl on 2026-09-12; forms pages from prior source manifest unless otherwise recorded.,,False,94 district entries and 94 bankruptcy jurisdictions are tracked separately; shared websites and territorial bankruptcy jurisdiction do not imply 94 separate bankruptcy courts.,Missouri Eastern district court,86,0,86,118,86,0,0,0,0,32,English documents available; wider coverage unverified,Logo/seal available,05-Court-and-Judge-Assets/images/56/568c38a6592dbb4aba333a7ff1e5b892beaa6ae7d4b33058493bf9aa34c7af6d.png,judiciary_logo,https://www.moed.uscourts.gov/,Statewide source collections do not establish coverage of every county/division/judge; federal shared-site jurisdiction entries are not counts of distinct courts. Counts cover only retained English documents with supported titles. Source-link counts distinguish URLs associated with a retained file from source links without a local copy; source observations do not establish complete coverage.,light,MOED,86,0,118,,,,,,,,
FD:mowd,United States District Court — Missouri Western,district,Federal,https://www.mow.uscourts.gov/,"[""https://www.mow.uscourts.gov/forms"",""https://www.mow.uscourts.gov/ppts"",""https://www.mow.uscourts.gov/dist-general"",""https://www.mow.uscourts.gov/attorney/attorney-admissions"",""https://www.mow.uscourts.gov/ppts/contracting-information"",""https://www.mow.uscourts.gov/ppts/treatment-provider-information""]",https://www.uscourts.gov/about-federal-courts/court-role-and-structure/court-website-links,Official directory observed through Firecrawl on 2026-09-12; forms pages from prior source manifest unless otherwise recorded.,Official directory points to a shared court website; collection ID distinguishes district and bankruptcy jurisdiction.,False,94 district entries and 94 bankruptcy jurisdictions are tracked separately; shared websites and territorial bankruptcy jurisdiction do not imply 94 separate bankruptcy courts.,Missouri Western district court,92,2,90,159,92,0,6,0,0,67,English documents available; wider coverage unverified,Logo/seal available,05-Court-and-Judge-Assets/images/60/60abf2e9f08f7d942f78c9223816812277f8ede31caca828766eb25a28f4829e.png,judiciary_logo,https://www.mow.uscourts.gov/,Statewide source collections do not establish coverage of every county/division/judge; federal shared-site jurisdiction entries are not counts of distinct courts. Counts cover only retained English documents with supported titles. Source-link counts distinguish URLs associated with a retained file from source links without a local copy; source observations do not establish complete coverage.,light,MOWD,92,0,153,,,,,,,,
FD:mtd,United States District Court — Montana,district,Federal,https://www.mtd.uscourts.gov/,"[""https://www.mtd.uscourts.gov/forms"",""https://www.mtd.uscourts.gov/forms-pro-se"",""https://www.mtd.uscourts.gov/media-information"",""https://www.mtd.uscourts.gov/e-file-document-cmecf-0"",""https://www.mtd.uscourts.gov/filing-information-pro-se"",""https://www.mtd.uscourts.gov/accessing-case-information"",""https://www.mtd.uscourts.gov/edr-and-workplace-conduct-information""]",https://www.uscourts.gov/about-federal-courts/court-role-and-structure/court-website-links,Official directory observed through Firecrawl on 2026-09-12; forms pages from prior source manifest unless otherwise recorded.,,False,94 district entries and 94 bankruptcy jurisdictions are tracked separately; shared websites and territorial bankruptcy jurisdiction do not imply 94 separate bankruptcy courts.,Montana district court,37,4,33,69,37,0,1,0,0,32,English documents available; wider coverage unverified,Logo/seal available,05-Court-and-Judge-Assets/images/f5/f567c4f5027c17aed2bd82ee31228c0c80e102cfd7f6593c8496f29965778a5b.png,court_seal,https://www.mtd.uscourts.gov/,Statewide source collections do not establish coverage of every county/division/judge; federal shared-site jurisdiction entries are not counts of distinct courts. Counts cover only retained English documents with supported titles. Source-link counts distinguish URLs associated with a retained file from source links without a local copy; source observations do not establish complete coverage.,light,MTD,37,0,68,,,,,,,,
FD:ned,United States District Court — Nebraska,district,Federal,https://www.ned.uscourts.gov/,"[""https://www.ned.uscourts.gov/forms"",""https://www.ned.uscourts.gov/forms?page=1"",""https://www.ned.uscourts.gov/forms?page=2"",""https://www.ned.uscourts.gov/attorney/nextgen-information"",""https://www.ned.uscourts.gov/attorney/judges-information/john-m-gerrard"",""https://www.ned.uscourts.gov/attorney/judges-information/michael-d-nelson"",""https://www.ned.uscourts.gov/attorney/judges-information/joseph-f-bataillon"",""https://www.ned.uscourts.gov/attorney/judges-information/robert-f-rossiter-jr"",""https://www.ned.uscourts.gov/attorney/judges-information/civil-case-management"",""https://www.ned.uscourts.gov/attorney/judges-information/judges-sentencing-data"",""https://www.ned.uscourts.gov/attorney/judges-information/criminal-case-management"",""https://www.ned.uscourts.gov/attorney/judges-information/judicial-caseload-profiles""]",https://www.uscourts.gov/about-federal-courts/court-role-and-structure/court-website-links,Official directory observed through Firecrawl on 2026-09-12; forms pages from prior source manifest unless otherwise recorded.,,False,94 district entries and 94 bankruptcy jurisdictions are tracked separately; shared websites and territorial bankruptcy jurisdiction do not imply 94 separate bankruptcy courts.,Nebraska district court,37,4,33,166,37,0,11,0,0,129,English documents available; wider coverage unverified,Logo/seal available,05-Court-and-Judge-Assets/images/9d/9dd9203873ddbe47e1d3ddaf0636848840b2107888ba2d21e58d735407ce7bb5.png,court_seal,https://www.ned.uscourts.gov/,Statewide source collections do not establish coverage of every county/division/judge; federal shared-site jurisdiction entries are not counts of distinct courts. Counts cover only retained English documents with supported titles. Source-link counts distinguish URLs associated with a retained file from source links without a local copy; source observations do not establish complete coverage.,light,NED,37,0,155,,,,,,,,
FD:nvd,United States District Court — Nevada,district,Federal,https://www.nvd.uscourts.gov/,"[""https://www.nvd.uscourts.gov/case-information"",""https://www.nvd.uscourts.gov/court-information"",""https://www.nvd.uscourts.gov/court-information/about"",""https://www.nvd.uscourts.gov/court-information/judges"",""https://www.nvd.uscourts.gov/category/court-information"",""https://www.nvd.uscourts.gov/court-information/fee-schedule"",""https://www.nvd.uscourts.gov/court-information/judges/gmn-bio"",""https://www.nvd.uscourts.gov/court-information/lawyer-representatives"",""https://www.nvd.uscourts.gov/court-information/judges/judge-anne-r-traum"",""https://www.nvd.uscourts.gov/court-information/judges/judge-miranda-m-du"",""https://www.nvd.uscourts.gov/court-information/judges/judge-james-c-mahan"",""https://www.nvd.uscourts.gov/court-information/judges/judge-kent-j-dawson"",""https://www.nvd.uscourts.gov/court-information/judges/magistrate-judge-carla-baldwin"",""https://www.nvd.uscourts.gov/court-information/judges/magistrate-judge-nancy-j-koppe"",""https://www.nvd.uscourts.gov/court-information/judges/magistrate-judge-craig-s-denney"",""https://www.nvd.uscourts.gov/court-information/judges/magistrate-judge-daniel-albregts"",""https://www.nvd.uscourts.gov/court-information/judges/magistrate-judge-elayna-j-youchah"",""https://www.nvd.uscourts.gov/court-information/judges/magistrate-judge-robert-mcquaid-jr""]",https://www.uscourts.gov/about-federal-courts/court-role-and-structure/court-website-links,Official directory observed through Firecrawl on 2026-09-12; forms pages from prior source manifest unless otherwise recorded.,,True,94 district entries and 94 bankruptcy jurisdictions are tracked separately; shared websites and territorial bankruptcy jurisdiction do not imply 94 separate bankruptcy courts.,Nevada district court,0,0,0,10,0,10,0,0,0,10,No verified English documents in the active library,Text fallback,,,,Statewide source collections do not establish coverage of every county/division/judge; federal shared-site jurisdiction entries are not counts of distinct courts. Counts cover only retained English documents with supported titles. Source-link counts distinguish URLs associated with a retained file from source links without a local copy; source observations do not establish complete coverage.,light,NVD,0,0,0,"{""https://www.nvd.uscourts.gov/self-help-portal/self-help-general-information/general-forms"":""Official page fetched live using Firecrawl basic proxy, 2026-09-12"",""https://www.nvd.uscourts.gov/court-information/judges/magistrate-judge-craig-s-denney"":""Firecrawl map of official website, 2026-09-12; indexed URL, not yet fetched"",""https://www.nvd.uscourts.gov/court-information/judges/magistrate-judge-carla-baldwin"":""Firecrawl map of official website, 2026-09-12; indexed URL, not yet fetched"",""https://www.nvd.uscourts.gov/court-information/judges/magistrate-judge-robert-mcquaid-jr"":""Firecrawl map of official website, 2026-09-12; indexed URL, not yet fetched"",""https://www.nvd.uscourts.gov/court-information/judges/magistrate-judge-nancy-j-koppe"":""Firecrawl map of official website, 2026-09-12; indexed URL, not yet fetched"",""https://www.nvd.uscourts.gov/court-information/judges/judge-james-c-mahan"":""Firecrawl map of official website, 2026-09-12; indexed URL, not yet fetched"",""https://www.nvd.uscourts.gov/court-information/judges/judge-anne-r-traum"":""Firecrawl map of official website, 2026-09-12; indexed URL, not yet fetched"",""https://www.nvd.uscourts.gov/court-information/judges/judge-kent-j-dawson"":""Firecrawl map of official website, 2026-09-12; indexed URL, not yet fetched"",""https://www.nvd.uscourts.gov/court-information/judges/gmn-bio"":""Firecrawl map of official website, 2026-09-12; indexed URL, not yet fetched"",""https://www.nvd.uscourts.gov/court-information/judges/magistrate-judge-elayna-j-youchah"":""Firecrawl map of official website, 2026-09-12; indexed URL, not yet fetched"",""https://www.nvd.uscourts.gov/court-information/judges/magistrate-judge-daniel-albregts"":""Firecrawl map of official website, 2026-09-12; indexed URL, not yet fetched"",""https://www.nvd.uscourts.gov/court-information/judges/judge-miranda-m-du"":""Firecrawl map of official website, 2026-09-12; indexed URL, not yet fetched"",""https://www.nvd.uscourts.gov/category/court-information"":""Firecrawl map of official website, 2026-09-12; indexed URL, not yet fetched"",""https://www.nvd.uscourts.gov/court-information/about"":""Firecrawl map of official website, 2026-09-12; indexed URL, not yet fetched"",""https://www.nvd.uscourts.gov/court-information/fee-schedule"":""Firecrawl map of official website, 2026-09-12; indexed URL, not yet fetched"",""https://www.nvd.uscourts.gov/court-information/judges"":""Firecrawl map of official website, 2026-09-12; indexed URL, not yet fetched"",""https://www.nvd.uscourts.gov/court-information/lawyer-representatives"":""Firecrawl map of official website, 2026-09-12; indexed URL, not yet fetched"",""https://www.nvd.uscourts.gov/court-information"":""Firecrawl map of official website, 2026-09-12; indexed URL, not yet fetched"",""https://www.nvd.uscourts.gov/case-information"":""Firecrawl map of official website, 2026-09-12; indexed URL, not yet fetched""}",,,,,,,
FD:nhd,United States District Court — New Hampshire,district,Federal,https://www.nhd.uscourts.gov/,"[""https://www.nhd.uscourts.gov/forms-0"",""https://www.nhd.uscourts.gov/general-information"",""https://www.nhd.uscourts.gov/interpreter-information""]",https://www.uscourts.gov/about-federal-courts/court-role-and-structure/court-website-links,Official directory observed through Firecrawl on 2026-09-12; forms pages from prior source manifest unless otherwise recorded.,,False,94 district entries and 94 bankruptcy jurisdictions are tracked separately; shared websites and territorial bankruptcy jurisdiction do not imply 94 separate bankruptcy courts.,New Hampshire district court,22,2,20,75,22,0,13,0,0,53,English documents available; wider coverage unverified,Logo/seal available,05-Court-and-Judge-Assets/images/d4/d4c4c4a88f66254196ba5fe76b7964fe961aab12bffcb0a334601cdb52a3be22.png,judiciary_logo,https://www.nhd.uscourts.gov/,Statewide source collections do not establish coverage of every county/division/judge; federal shared-site jurisdiction entries are not counts of distinct courts. Counts cover only retained English documents with supported titles. Source-link counts distinguish URLs associated with a retained file from source links without a local copy; source observations do not establish complete coverage.,light,NHD,22,0,62,,,,,,,,
FD:njd,United States District Court — New Jersey,district,Federal,https://www.njd.uscourts.gov/,"[""https://www.njd.uscourts.gov/forms/all-forms/usm"",""https://www.njd.uscourts.gov/forms/all-forms/civil"",""https://www.njd.uscourts.gov/forms/all-forms/cm_ecf"",""https://www.njd.uscourts.gov/forms/all-forms/criminal"",""https://www.njd.uscourts.gov/forms/all-forms/prisoner"",""https://www.njd.uscourts.gov/forms/all-forms/non_prisoner"",""https://www.njd.uscourts.gov/cja-forms"",""https://www.njd.uscourts.gov/cmecf-information"",""https://www.njd.uscourts.gov/court-information"",""https://www.njd.uscourts.gov/panel-information"",""https://www.njd.uscourts.gov/new-appointment-forms"",""https://www.njd.uscourts.gov/juror-general-information"",""https://www.njd.uscourts.gov/local-rules-and-appendices"",""https://www.njd.uscourts.gov/cmecf-user-guide-information"",""https://www.njd.uscourts.gov/court-info/local-rules-and-orders""]",https://www.uscourts.gov/about-federal-courts/court-role-and-structure/court-website-links,Official directory observed through Firecrawl on 2026-09-12; forms pages from prior source manifest unless otherwise recorded.,,False,94 district entries and 94 bankruptcy jurisdictions are tracked separately; shared websites and territorial bankruptcy jurisdiction do not imply 94 separate bankruptcy courts.,New Jersey district court,108,0,108,247,109,1,3,0,0,138,English documents available; wider coverage unverified,Logo/seal available,05-Court-and-Judge-Assets/images/1e/1eb0f9bc0981a9bbf19935a533cb493def87c7b7abf1f95505175df3eeb1f454.png,court_seal,https://www.njd.uscourts.gov/,Statewide source collections do not establish coverage of every county/division/judge; federal shared-site jurisdiction entries are not counts of distinct courts. Counts cover only retained English documents with supported titles. Source-link counts distinguish URLs associated with a retained file from source links without a local copy; source observations do not establish complete coverage.,light,NJD,108,0,243,"{""https://www.njd.uscourts.gov/court-info/local-rules-and-orders"":""Official public HTML page fetched on 2026-09-12; TLS verified, robots allowed; HTTP 200"",""https://www.njd.uscourts.gov/local-rules-and-appendices"":""Firecrawl map of official website, 2026-09-12; indexed URL, not yet fetched"",""https://www.njd.uscourts.gov/juror-general-information"":""Official public HTML page fetched on 2026-09-12; TLS verified, robots allowed; HTTP 200"",""https://www.njd.uscourts.gov/forms/all-forms/usm"":""Official public HTML page fetched on 2026-09-12; TLS verified, robots allowed; HTTP 200"",""https://www.njd.uscourts.gov/forms/all-forms/civil"":""Official public HTML page fetched on 2026-09-12; TLS verified, robots allowed; HTTP 200"",""https://www.njd.uscourts.gov/forms/all-forms/criminal"":""Official public HTML page fetched on 2026-09-12; TLS verified, robots allowed; HTTP 200"",""https://www.njd.uscourts.gov/forms/all-forms/prisoner"":""Official public HTML page fetched on 2026-09-12; TLS verified, robots allowed; HTTP 200"",""https://www.njd.uscourts.gov/forms/all-forms/non_prisoner"":""Official public HTML page fetched on 2026-09-12; TLS verified, robots allowed; HTTP 200"",""https://www.njd.uscourts.gov/cja-forms"":""Official public HTML page fetched on 2026-09-12; TLS verified, robots allowed; HTTP 200"",""https://www.njd.uscourts.gov/cmecf-information"":""Official public HTML page fetched on 2026-09-12; TLS verified, robots allowed; HTTP 200"",""https://www.njd.uscourts.gov/court-information"":""Official public HTML page fetched on 2026-09-12; TLS verified, robots allowed; HTTP 200"",""https://www.njd.uscourts.gov/panel-information"":""Official public HTML page fetched on 2026-09-12; TLS verified, robots allowed; HTTP 200"",""https://www.njd.uscourts.gov/new-appointment-forms"":""Official public HTML page fetched on 2026-09-12; TLS verified, robots allowed; HTTP 200"",""https://www.njd.uscourts.gov/cmecf-user-guide-information"":""Official public HTML page fetched on 2026-09-12; TLS verified, robots allowed; HTTP 200""}",,,,,,,
FD:nmd,United States District Court — New Mexico,district,Federal,https://www.nmd.uscourts.gov/,"[""https://www.nmd.uscourts.gov/filing-information"",""https://www.nmd.uscourts.gov/attorney-information"",""https://www.nmd.uscourts.gov/cja-general-information"",""https://www.nmd.uscourts.gov/forms/application-membership-civil-pro-bono-panel"",""https://www.nmd.uscourts.gov/forms/information-sheet-temporary-restraining-order"",""https://www.nmd.uscourts.gov/forms/bar-association-usdc-dnm-application-membership""]",https://www.uscourts.gov/about-federal-courts/court-role-and-structure/court-website-links,Official directory observed through Firecrawl on 2026-09-12; forms pages from prior source manifest unless otherwise recorded.,,False,94 district entries and 94 bankruptcy jurisdictions are tracked separately; shared websites and territorial bankruptcy jurisdiction do not imply 94 separate bankruptcy courts.,New Mexico district court,9,0,9,26,9,0,0,0,0,17,English documents available; wider coverage unverified,Logo/seal available,05-Court-and-Judge-Assets/images/f6/f615595a22929d1f4c0f57755cf8b7d90141124be7ca5d3f8475bbbad46f989d.png,court_seal,https://www.nmd.uscourts.gov/,Statewide source collections do not establish coverage of every county/division/judge; federal shared-site jurisdiction entries are not counts of distinct courts. Counts cover only retained English documents with supported titles. Source-link counts distinguish URLs associated with a retained file from source links without a local copy; source observations do not establish complete coverage.,light,NMD,9,0,26,,,,,,,,
FD:nyed,United States District Court — New York Eastern,district,Federal,https://www.nyed.uscourts.gov/,"[""https://www.nyed.uscourts.gov/forms-search"",""https://www.nyed.uscourts.gov/accessibility"",""https://www.nyed.uscourts.gov/filing-complaint"",""https://www.nyed.uscourts.gov/federal-court-rules"",""https://www.nyed.uscourts.gov/cmecf-nextgen-information""]",https://www.uscourts.gov/about-federal-courts/court-role-and-structure/court-website-links,Official directory observed through Firecrawl on 2026-09-12; forms pages from prior source manifest unless otherwise recorded.,,False,94 district entries and 94 bankruptcy jurisdictions are tracked separately; shared websites and territorial bankruptcy jurisdiction do not imply 94 separate bankruptcy courts.,New York Eastern district court,41,0,41,129,43,0,1,0,0,86,English documents available; wider coverage unverified,Logo/seal available,05-Court-and-Judge-Assets/images/fa/fa23ce5a2fc149d8c9b6597f1ead8cce8086d224e6de9a9b58ff33457a7ef4b5.svg,court_logo,https://www.nyed.uscourts.gov/,Statewide source collections do not establish coverage of every county/division/judge; federal shared-site jurisdiction entries are not counts of distinct courts. Counts cover only retained English documents with supported titles. Source-link counts distinguish URLs associated with a retained file from source links without a local copy; source observations do not establish complete coverage.,light,NYED,41,0,128,"{""https://www.nyed.uscourts.gov/federal-court-rules"":""Firecrawl map of official website, 2026-09-12; indexed URL, not yet fetched"",""https://www.nyed.uscourts.gov/forms-search"":""Official public HTML page fetched on 2026-09-12; TLS verified, robots allowed; HTTP 200"",""https://www.nyed.uscourts.gov/accessibility"":""Official public HTML page fetched on 2026-09-12; TLS verified, robots allowed; HTTP 200"",""https://www.nyed.uscourts.gov/filing-complaint"":""Official public HTML page fetched on 2026-09-12; TLS verified, robots allowed; HTTP 200"",""https://www.nyed.uscourts.gov/cmecf-nextgen-information"":""Official public HTML page fetched on 2026-09-12; TLS verified, robots allowed; HTTP 200""}",,,,,,,
FD:nynd,United States District Court — New York Northern,district,Federal,https://www.nynd.uscourts.gov/,"[""https://www.nynd.uscourts.gov/forms/all-forms/cv"",""https://www.nynd.uscourts.gov/forms/all-forms/cja"",""https://www.nynd.uscourts.gov/forms/all-forms/int"",""https://www.nynd.uscourts.gov/forms/all-forms/crim"",""https://www.nynd.uscourts.gov/forms/all-forms/finan"",""https://www.nynd.uscourts.gov/forms/all-forms/prose"",""https://www.nynd.uscourts.gov/forms/all-forms/gen_info"",""https://www.nynd.uscourts.gov/forms/all-forms/apos_exem"",""https://www.nynd.uscourts.gov/cmecf"",""https://www.nynd.uscourts.gov/attorney-admissions"",""https://www.nynd.uscourts.gov/forms/attorney-e-filing-registration-form""]",https://www.uscourts.gov/about-federal-courts/court-role-and-structure/court-website-links,Official directory observed through Firecrawl on 2026-09-12; forms pages from prior source manifest unless otherwise recorded.,,False,94 district entries and 94 bankruptcy jurisdictions are tracked separately; shared websites and territorial bankruptcy jurisdiction do not imply 94 separate bankruptcy courts.,New York Northern district court,10,0,10,128,10,0,3,0,0,118,English documents available; wider coverage unverified,Logo/seal available,05-Court-and-Judge-Assets/images/b8/b847d500b7d42944f230b4fb5b96bfe77ae498b157fe06517e607a93ee94d8ff.png,judiciary_logo,https://www.nynd.uscourts.gov/,Statewide source collections do not establish coverage of every county/division/judge; federal shared-site jurisdiction entries are not counts of distinct courts. Counts cover only retained English documents with supported titles. Source-link counts distinguish URLs associated with a retained file from source links without a local copy; source observations do not establish complete coverage.,light,NYND,10,0,125,,,,,,,,
FD:nysd,United States District Court — New York Southern,district,Federal,https://www.nysd.uscourts.gov/,"[""https://www.nysd.uscourts.gov/forms"",""https://www.nysd.uscourts.gov/rules"",""https://www.nysd.uscourts.gov/payment-information"",""https://www.nysd.uscourts.gov/electronic-case-filing"",""https://nysd.uscourts.gov/individual-rules-and-practices"",""https://www.nysd.uscourts.gov/judges/law-clerk-hiring-information"",""https://www.nysd.uscourts.gov/forms/answer-and-notice-pro-se-appearance"",""https://www.nysd.uscourts.gov/individual-rules-and-practices-civil-cases-57"",""https://www.nysd.uscourts.gov/forms?field_form_category_target_id=22&title=&sort_by=title"",""https://www.nysd.uscourts.gov/forms?field_form_category_target_id=23&title=&sort_by=title"",""https://www.nysd.uscourts.gov/forms?field_form_category_target_id=24&title=&sort_by=title""]",https://www.uscourts.gov/about-federal-courts/court-role-and-structure/court-website-links,Official directory observed through Firecrawl on 2026-09-12; forms pages from prior source manifest unless otherwise recorded.,,False,94 district entries and 94 bankruptcy jurisdictions are tracked separately; shared websites and territorial bankruptcy jurisdiction do not imply 94 separate bankruptcy courts.,New York Southern district court,44,0,44,246,45,0,1,0,0,201,English documents available; wider coverage unverified,Logo/seal available,05-Court-and-Judge-Assets/images/06/0633aa18528b1e38b35e54c16d39b5c0903467672be11a43d320d8c05a5801d8.png,court_logo,https://www.nysd.uscourts.gov/,Statewide source collections do not establish coverage of every county/division/judge; federal shared-site jurisdiction entries are not counts of distinct courts. Counts cover only retained English documents with supported titles. Source-link counts distinguish URLs associated with a retained file from source links without a local copy; source observations do not establish complete coverage.,dark,NYSD,44,0,245,"{""https://nysd.uscourts.gov/individual-rules-and-practices"":""Firecrawl map of official website, 2026-09-12; indexed URL, not yet fetched"",""https://www.nysd.uscourts.gov/individual-rules-and-practices-civil-cases-57"":""Firecrawl map of official website, 2026-09-12; indexed URL, not yet fetched"",""https://www.nysd.uscourts.gov/rules"":""Official public HTML page fetched on 2026-09-12; TLS verified, robots allowed; HTTP 200"",""https://www.nysd.uscourts.gov/forms"":""Official public HTML page fetched on 2026-09-12; TLS verified, robots allowed; HTTP 200"",""https://www.nysd.uscourts.gov/payment-information"":""Official public HTML page fetched on 2026-09-12; TLS verified, robots allowed; HTTP 200"",""https://www.nysd.uscourts.gov/electronic-case-filing"":""Official public HTML page fetched on 2026-09-12; TLS verified, robots allowed; HTTP 200"",""https://www.nysd.uscourts.gov/judges/law-clerk-hiring-information"":""Official public HTML page fetched on 2026-09-12; TLS verified, robots allowed; HTTP 200"",""https://www.nysd.uscourts.gov/forms/answer-and-notice-pro-se-appearance"":""Official public HTML page fetched on 2026-09-12; TLS verified, robots allowed; HTTP 200"",""https://www.nysd.uscourts.gov/forms?field_form_category_target_id=22&title=&sort_by=title"":""Official public HTML page fetched on 2026-09-12; TLS verified, robots allowed; HTTP 200"",""https://www.nysd.uscourts.gov/forms?field_form_category_target_id=23&title=&sort_by=title"":""Official public HTML page fetched on 2026-09-12; TLS verified, robots allowed; HTTP 200"",""https://www.nysd.uscourts.gov/forms?field_form_category_target_id=24&title=&sort_by=title"":""Official public HTML page fetched on 2026-09-12; TLS verified, robots allowed; HTTP 200""}",,,,,,,
FD:nywd,United States District Court — New York Western,district,Federal,https://www.nywd.uscourts.gov/,"[""https://www.nywd.uscourts.gov/forms-3"",""https://www.nywd.uscourts.gov/cja-forms"",""https://www.nywd.uscourts.gov/pro-se-forms"",""https://www.nywd.uscourts.gov/cell-phone-policy"",""https://www.nywd.uscourts.gov/cmecf-information-0"",""https://www.nywd.uscourts.gov/attorney-information"",""https://www.nywd.uscourts.gov/jury-duty-information"",""https://www.nywd.uscourts.gov/court-reporter-contact-information""]",https://www.uscourts.gov/about-federal-courts/court-role-and-structure/court-website-links,Official directory observed through Firecrawl on 2026-09-12; forms pages from prior source manifest unless otherwise recorded.,,False,94 district entries and 94 bankruptcy jurisdictions are tracked separately; shared websites and territorial bankruptcy jurisdiction do not imply 94 separate bankruptcy courts.,New York Western district court,13,1,12,74,13,0,0,0,0,61,English documents available; wider coverage unverified,Logo/seal available,05-Court-and-Judge-Assets/images/b8/b847d500b7d42944f230b4fb5b96bfe77ae498b157fe06517e607a93ee94d8ff.png,judiciary_logo,https://www.nywd.uscourts.gov/,Statewide source collections do not establish coverage of every county/division/judge; federal shared-site jurisdiction entries are not counts of distinct courts. Counts cover only retained English documents with supported titles. Source-link counts distinguish URLs associated with a retained file from source links without a local copy; source observations do not establish complete coverage.,light,NYWD,13,0,74,,,,,,,,
FD:nced,United States District Court — North Carolina Eastern,district,Federal,https://www.nced.uscourts.gov/,"[""https://www.nced.uscourts.gov/attorney/clwl.aspx"",""https://www.nced.uscourts.gov/forms/Default.aspx"",""https://www.nced.uscourts.gov/attorney/evoucher/evoucher.aspx""]",https://www.uscourts.gov/about-federal-courts/court-role-and-structure/court-website-links,Official directory observed through Firecrawl on 2026-09-12; forms pages from prior source manifest unless otherwise recorded.,,False,94 district entries and 94 bankruptcy jurisdictions are tracked separately; shared websites and territorial bankruptcy jurisdiction do not imply 94 separate bankruptcy courts.,North Carolina Eastern district court,24,0,24,88,24,0,4,0,0,64,English documents available; wider coverage unverified,Logo/seal available,05-Court-and-Judge-Assets/images/03/03e72c13d8935ff035f98d16945ac48aba9113d150a1ba833b766b3213f7e435.jpg,court_seal,https://www.nced.uscourts.gov/,Statewide source collections do not establish coverage of every county/division/judge; federal shared-site jurisdiction entries are not counts of distinct courts. Counts cover only retained English documents with supported titles. Source-link counts distinguish URLs associated with a retained file from source links without a local copy; source observations do not establish complete coverage.,light,NCED,24,0,84,,,,,,,,
FD:ncmd,United States District Court — North Carolina Middle,district,Federal,https://www.ncmd.uscourts.gov/,"[""https://www.ncmd.uscourts.gov/forms"",""https://www.ncmd.uscourts.gov/cja-forms"",""https://www.ncmd.uscourts.gov/information-jurors"",""https://www.ncmd.uscourts.gov/new-hire-information"",""https://www.ncmd.uscourts.gov/reporting-instructions"",""https://www.ncmd.uscourts.gov/cja-panel-application-information"",""https://www.ncmd.uscourts.gov/disqualification-request-information"",""https://www.ncmd.uscourts.gov/pro-se-non-prisoner-information-and-forms""]",https://www.uscourts.gov/about-federal-courts/court-role-and-structure/court-website-links,Official directory observed through Firecrawl on 2026-09-12; forms pages from prior source manifest unless otherwise recorded.,,False,94 district entries and 94 bankruptcy jurisdictions are tracked separately; shared websites and territorial bankruptcy jurisdiction do not imply 94 separate bankruptcy courts.,North Carolina Middle district court,23,1,22,55,23,0,3,0,0,32,English documents available; wider coverage unverified,Logo/seal available,05-Court-and-Judge-Assets/images/47/470b16fd230d56838ab6fddb1379249f51dc6a251749083074ffdeeabc178f97.png,court_seal,https://www.ncmd.uscourts.gov/,Statewide source collections do not establish coverage of every county/division/judge; federal shared-site jurisdiction entries are not counts of distinct courts. Counts cover only retained English documents with supported titles. Source-link counts distinguish URLs associated with a retained file from source links without a local copy; source observations do not establish complete coverage.,light,NCMD,23,0,52,,,,,,,,
FD:ncwd,United States District Court — North Carolina Western,district,Federal,https://www.ncwd.uscourts.gov/,"[""https://www.ncwd.uscourts.gov/us-Remote-forms"",""https://www.ncwd.uscourts.gov/us-attorney-forms"",""https://www.ncwd.uscourts.gov/us-inperson-forms"",""https://www.ncwd.uscourts.gov/filing-without-attorney"",""https://www.ncwd.uscourts.gov/local-forms/civil-forms"",""https://www.ncwd.uscourts.gov/local-forms/prose-forms"",""https://www.ncwd.uscourts.gov/local-forms/criminal-forms"",""https://www.ncwd.uscourts.gov/local-forms/civil-forms?page=1"",""https://www.ncwd.uscourts.gov/next-generation-cmecf-information-resources""]",https://www.uscourts.gov/about-federal-courts/court-role-and-structure/court-website-links,Official directory observed through Firecrawl on 2026-09-12; forms pages from prior source manifest unless otherwise recorded.,,False,94 district entries and 94 bankruptcy jurisdictions are tracked separately; shared websites and territorial bankruptcy jurisdiction do not imply 94 separate bankruptcy courts.,North Carolina Western district court,5,1,4,54,5,0,0,0,0,49,English documents available; wider coverage unverified,Logo/seal available,05-Court-and-Judge-Assets/images/f7/f749be47af78a9a963efba0917edf35128f18d1694206dc5bcd23b0fc473188b.png,court_seal,https://www.ncwd.uscourts.gov/,Statewide source collections do not establish coverage of every county/division/judge; federal shared-site jurisdiction entries are not counts of distinct courts. Counts cover only retained English documents with supported titles. Source-link counts distinguish URLs associated with a retained file from source links without a local copy; source observations do not establish complete coverage.,light,NCWD,5,0,54,,,,,,,,
FD:ndd,United States District Court — North Dakota,district,Federal,https://www.ndd.uscourts.gov/,"[""https://www.ndd.uscourts.gov/forms/"",""https://www.ndd.uscourts.gov/jury-information"",""https://www.ndd.uscourts.gov/court-info/CourtInfo""]",https://www.uscourts.gov/about-federal-courts/court-role-and-structure/court-website-links,Official directory observed through Firecrawl on 2026-09-12; forms pages from prior source manifest unless otherwise recorded.,,False,94 district entries and 94 bankruptcy jurisdictions are tracked separately; shared websites and territorial bankruptcy jurisdiction do not imply 94 separate bankruptcy courts.,North Dakota district court,21,1,20,38,21,0,2,0,0,17,English documents available; wider coverage unverified,Logo/seal available,05-Court-and-Judge-Assets/images/49/4918b884e64f0d46dbff948ee2e15aeeb054642f3d98e05f73f57b5cd4d4c2b7.png,court_seal,https://www.ndd.uscourts.gov/,Statewide source collections do not establish coverage of every county/division/judge; federal shared-site jurisdiction entries are not counts of distinct courts. Counts cover only retained English documents with supported titles. Source-link counts distinguish URLs associated with a retained file from source links without a local copy; source observations do not establish complete coverage.,light,NDD,21,0,36,,,,,,,,
FD:nmid,United States District Court — Northern Mariana Islands,district,Federal,https://www.nmid.uscourts.gov/,"[""https://www.nmid.uscourts.gov/forms/all-forms"",""https://www.nmid.uscourts.gov/forms/all-forms/other_forms"",""https://www.nmid.uscourts.gov/forms/all-forms/appeal_forms"",""https://www.nmid.uscourts.gov/forms/all-forms/civil_prose_forms"",""https://www.nmid.uscourts.gov/forms/ao-99"",""https://www.nmid.uscourts.gov/forms/b-101"",""https://www.nmid.uscourts.gov/forms/ao-248"",""https://www.nmid.uscourts.gov/forms/ao-444"",""https://www.nmid.uscourts.gov/forms/b-206d"",""https://www.nmid.uscourts.gov/forms/b-2620"",""https://www.nmid.uscourts.gov/forms/b-309a"",""https://www.nmid.uscourts.gov/forms/b-417b"",""https://www.nmid.uscourts.gov/forms/b-420a"",""https://www.nmid.uscourts.gov/forms/form-4"",""https://www.nmid.uscourts.gov/forms/cja-28g"",""https://www.nmid.uscourts.gov/forms/form-15"",""https://www.nmid.uscourts.gov/forms/form-16"",""https://www.nmid.uscourts.gov/forms/form-18""]",https://www.uscourts.gov/about-federal-courts/court-role-and-structure/court-website-links,Official directory observed through Firecrawl on 2026-09-12; forms pages from prior source manifest unless otherwise recorded.,,True,94 district entries and 94 bankruptcy jurisdictions are tracked separately; shared websites and territorial bankruptcy jurisdiction do not imply 94 separate bankruptcy courts.,Northern Mariana Islands district court,12,0,12,28,12,0,0,0,0,16,English documents available; wider coverage unverified,Logo/seal available,05-Court-and-Judge-Assets/images/10/103eac7c2c7bcc698c87b1c75a9ef914d4552d731bce49e9c0f2c0bd6986cf62.png,judiciary_logo,https://www.nmid.uscourts.gov/,Statewide source collections do not establish coverage of every county/division/judge; federal shared-site jurisdiction entries are not counts of distinct courts. Counts cover only retained English documents with supported titles. Source-link counts distinguish URLs associated with a retained file from source links without a local copy; source observations do not establish complete coverage.,light,NMID,12,0,28,"{""https://www.nmid.uscourts.gov/forms/all-forms"":""Official public HTML page fetched on 2026-09-12; TLS verified, robots allowed; HTTP 200"",""https://www.nmid.uscourts.gov/forms/form-15"":""Official public HTML page fetched on 2026-09-12; TLS verified, robots allowed; HTTP 200"",""https://www.nmid.uscourts.gov/forms/form-27"":""Firecrawl map of official website, 2026-09-12; indexed URL, not yet fetched"",""https://www.nmid.uscourts.gov/forms/form-24"":""Firecrawl map of official website, 2026-09-12; indexed URL, not yet fetched"",""https://www.nmid.uscourts.gov/forms/form-20"":""Firecrawl map of official website, 2026-09-12; indexed URL, not yet fetched"",""https://www.nmid.uscourts.gov/forms/ao-99"":""Official public HTML page fetched on 2026-09-12; TLS verified, robots allowed; HTTP 200"",""https://www.nmid.uscourts.gov/forms/all-forms/civil_prose_forms"":""Official public HTML page fetched on 2026-09-12; TLS verified, robots allowed; HTTP 200"",""https://www.nmid.uscourts.gov/forms/b-417b"":""Official public HTML page fetched on 2026-09-12; TLS verified, robots allowed; HTTP 200"",""https://www.nmid.uscourts.gov/forms/all-forms/other_forms"":""Official public HTML page fetched on 2026-09-12; TLS verified, robots allowed; HTTP 200"",""https://www.nmid.uscourts.gov/forms/form-18"":""Official public HTML page fetched on 2026-09-12; TLS verified, robots allowed; HTTP 200"",""https://www.nmid.uscourts.gov/forms/petitioners-informal-reply-brief-form"":""Firecrawl map of official website, 2026-09-12; indexed URL, not yet fetched"",""https://www.nmid.uscourts.gov/forms/ao-248"":""Official public HTML page fetched on 2026-09-12; TLS verified, robots allowed; HTTP 200"",""https://www.nmid.uscourts.gov/forms/form-19"":""Firecrawl map of official website, 2026-09-12; indexed URL, not yet fetched"",""https://www.nmid.uscourts.gov/forms/form-16"":""Official public HTML page fetched on 2026-09-12; TLS verified, robots allowed; HTTP 200"",""https://www.nmid.uscourts.gov/forms/b-2620"":""Official public HTML page fetched on 2026-09-12; TLS verified, robots allowed; HTTP 200"",""https://www.nmid.uscourts.gov/forms/cja-28g"":""Official public HTML page fetched on 2026-09-12; TLS verified, robots allowed; HTTP 200"",""https://www.nmid.uscourts.gov/forms/form-33"":""Firecrawl map of official website, 2026-09-12; indexed URL, not yet fetched"",""https://www.nmid.uscourts.gov/forms/b-309a"":""Official public HTML page fetched on 2026-09-12; TLS verified, robots allowed; HTTP 200"",""https://www.nmid.uscourts.gov/forms/form-4"":""Official public HTML page fetched on 2026-09-12; TLS verified, robots allowed; HTTP 200"",""https://www.nmid.uscourts.gov/forms/b-420a"":""Official public HTML page fetched on 2026-09-12; TLS verified, robots allowed; HTTP 200"",""https://www.nmid.uscourts.gov/forms/form-29"":""Firecrawl map of official website, 2026-09-12; indexed URL, not yet fetched"",""https://www.nmid.uscourts.gov/forms/ao-444"":""Official public HTML page fetched on 2026-09-12; TLS verified, robots allowed; HTTP 200"",""https://www.nmid.uscourts.gov/forms/b-101"":""Official public HTML page fetched on 2026-09-12; TLS verified, robots allowed; HTTP 200"",""https://www.nmid.uscourts.gov/forms/b-206d"":""Official public HTML page fetched on 2026-09-12; TLS verified, robots allowed; HTTP 200"",""https://www.nmid.uscourts.gov/forms/all-forms/appeal_forms"":""Firecrawl map of official website, 2026-09-12; indexed URL, not yet fetched"",""https://www.nmid.uscourts.gov/forms/form-31"":""Firecrawl map of official website, 2026-09-12; indexed URL, not yet fetched""}",,,,,,,
FD:ohnd,United States District Court — Ohio Northern,district,Federal,https://www.ohnd.uscourts.gov/,"[""https://www.ohnd.uscourts.gov/forms/"",""https://www.ohnd.uscourts.gov/forms/all-forms/mandatory_forms"",""https://www.ohnd.uscourts.gov/forms/all-forms/recommended_forms"",""https://www.ohnd.uscourts.gov/pro-se-information"",""https://www.ohnd.uscourts.gov/complaint-checklist"",""https://www.ohnd.uscourts.gov/financial-information"",""https://www.ohnd.uscourts.gov/nextgen-cmecf-information"",""https://www.ohnd.uscourts.gov/pro-se-ifp-complaint-instructions""]",https://www.uscourts.gov/about-federal-courts/court-role-and-structure/court-website-links,Official directory observed through Firecrawl on 2026-09-12; forms pages from prior source manifest unless otherwise recorded.,,False,94 district entries and 94 bankruptcy jurisdictions are tracked separately; shared websites and territorial bankruptcy jurisdiction do not imply 94 separate bankruptcy courts.,Ohio Northern district court,33,0,33,70,34,0,2,0,0,36,English documents available; wider coverage unverified,Logo/seal available,05-Court-and-Judge-Assets/images/c3/c311636bf1dfa743d4e0b28b40042f1b03bac6b95211e2e7ed1a89efbf5b385f.png,court_seal,https://www.ohnd.uscourts.gov/,Statewide source collections do not establish coverage of every county/division/judge; federal shared-site jurisdiction entries are not counts of distinct courts. Counts cover only retained English documents with supported titles. Source-link counts distinguish URLs associated with a retained file from source links without a local copy; source observations do not establish complete coverage.,light,OHND,33,0,66,,,,,,,,
FD:ohsd,United States District Court — Ohio Southern,district,Federal,https://www.ohsd.uscourts.gov/,"[""https://www.ohsd.uscourts.gov/forms/all-forms/mandatory_forms"",""https://www.ohsd.uscourts.gov/jury-service-information"",""https://www.ohsd.uscourts.gov/ohio-southern-district-forms"",""https://www.ohsd.uscourts.gov/western-division-juror-information-dayton"",""https://www.ohsd.uscourts.gov/court-fee-schedule-and-payment-information"",""https://www.ohsd.uscourts.gov/eastern-division-juror-information-columbus""]",https://www.uscourts.gov/about-federal-courts/court-role-and-structure/court-website-links,Official directory observed through Firecrawl on 2026-09-12; forms pages from prior source manifest unless otherwise recorded.,,False,94 district entries and 94 bankruptcy jurisdictions are tracked separately; shared websites and territorial bankruptcy jurisdiction do not imply 94 separate bankruptcy courts.,Ohio Southern district court,32,1,31,66,32,0,11,0,0,34,English documents available; wider coverage unverified,Logo/seal available,05-Court-and-Judge-Assets/images/b8/b847d500b7d42944f230b4fb5b96bfe77ae498b157fe06517e607a93ee94d8ff.png,judiciary_logo,https://www.ohsd.uscourts.gov/,Statewide source collections do not establish coverage of every county/division/judge; federal shared-site jurisdiction entries are not counts of distinct courts. Counts cover only retained English documents with supported titles. Source-link counts distinguish URLs associated with a retained file from source links without a local copy; source observations do not establish complete coverage.,light,OHSD,32,0,55,,,,,,,,
FD:oked,United States District Court — Oklahoma Eastern,district,Federal,https://www.oked.uscourts.gov/,"[""https://www.oked.uscourts.gov/victim-forms"",""https://www.oked.uscourts.gov/forms/appeal-forms"",""https://www.oked.uscourts.gov/cja-evoucher-information"",""https://www.oked.uscourts.gov/nextgen-cmecf-information"",""https://www.oked.uscourts.gov/forms/appearance-counsel-ao-458"",""https://www.oked.uscourts.gov/content/cmecf-basic-information-functioning"",""https://www.oked.uscourts.gov/forms/10th-circuit-transcript-order-form-pdf"",""https://www.oked.uscourts.gov/forms/10th-circuit-transcript-order-form-docx"",""https://www.oked.uscourts.gov/forms/application-affidavit-search-warrant-ao-106"",""https://www.oked.uscourts.gov/forms/application-affidavit-seizure-warrant-ao-108"",""https://www.oked.uscourts.gov/forms/ao-213a-evoucher-service-provider-billing-information"",""https://www.oked.uscourts.gov/content/electroniclly-stored-information-discovery-production-cr-cases""]",https://www.uscourts.gov/about-federal-courts/court-role-and-structure/court-website-links,Official directory observed through Firecrawl on 2026-09-12; forms pages from prior source manifest unless otherwise recorded.,,False,94 district entries and 94 bankruptcy jurisdictions are tracked separately; shared websites and territorial bankruptcy jurisdiction do not imply 94 separate bankruptcy courts.,Oklahoma Eastern district court,7,0,7,31,7,0,0,0,0,24,English documents available; wider coverage unverified,Logo/seal available,05-Court-and-Judge-Assets/images/0a/0af0fb09fa289001e13c3c411193dbddd1203d512993ac8bc4705471bb24db72.png,court_seal,https://www.oked.uscourts.gov/,Statewide source collections do not establish coverage of every county/division/judge; federal shared-site jurisdiction entries are not counts of distinct courts. Counts cover only retained English documents with supported titles. Source-link counts distinguish URLs associated with a retained file from source links without a local copy; source observations do not establish complete coverage.,light,OKED,7,0,31,,,,,,,,
FD:oknd,United States District Court — Oklahoma Northern,district,Federal,https://www.oknd.uscourts.gov/,"[""https://www.oknd.uscourts.gov/forms/cja"",""https://www.oknd.uscourts.gov/forms/civil"",""https://www.oknd.uscourts.gov/forms/prose"",""https://www.oknd.uscourts.gov/forms/attorney"",""https://www.oknd.uscourts.gov/forms/criminal"",""https://www.oknd.uscourts.gov/forms/prisoner"",""https://www.oknd.uscourts.gov/forms/financial"",""https://www.oknd.uscourts.gov/jury-information"",""https://www.oknd.uscourts.gov/court-information"",""https://www.oknd.uscourts.gov/sealedprivacy-information-0"",""https://www.oknd.uscourts.gov/NextGen%20CMECF%20Information""]",https://www.uscourts.gov/about-federal-courts/court-role-and-structure/court-website-links,Official directory observed through Firecrawl on 2026-09-12; forms pages from prior source manifest unless otherwise recorded.,,False,94 district entries and 94 bankruptcy jurisdictions are tracked separately; shared websites and territorial bankruptcy jurisdiction do not imply 94 separate bankruptcy courts.,Oklahoma Northern district court,8,3,5,85,8,0,1,0,0,77,English documents available; wider coverage unverified,Logo/seal available,05-Court-and-Judge-Assets/images/f0/f01dea02a585315d7893d94e807ccac1a81ee5b25658e3a63343328d33ff2743.png,court_seal,https://www.oknd.uscourts.gov/,Statewide source collections do not establish coverage of every county/division/judge; federal shared-site jurisdiction entries are not counts of distinct courts. Counts cover only retained English documents with supported titles. Source-link counts distinguish URLs associated with a retained file from source links without a local copy; source observations do not establish complete coverage.,light,OKND,8,0,84,,,,,,,,
FD:okwd,United States District Court — Oklahoma Western,district,Federal,https://www.okwd.uscourts.gov/,"[""https://www.okwd.uscourts.gov/forms"",""https://www.okwd.uscourts.gov/electronic-case-filing-information""]",https://www.uscourts.gov/about-federal-courts/court-role-and-structure/court-website-links,Official directory observed through Firecrawl on 2026-09-12; forms pages from prior source manifest unless otherwise recorded.,,False,94 district entries and 94 bankruptcy jurisdictions are tracked separately; shared websites and territorial bankruptcy jurisdiction do not imply 94 separate bankruptcy courts.,Oklahoma Western district court,46,2,44,71,47,0,1,0,0,24,English documents available; wider coverage unverified,Logo/seal available,05-Court-and-Judge-Assets/images/65/65fd1f908de1748ebc262df42baa36c407aab6f047c1394a309a9d3e9a3cdcc8.png,court_seal,https://www.okwd.uscourts.gov/,Statewide source collections do not establish coverage of every county/division/judge; federal shared-site jurisdiction entries are not counts of distinct courts. Counts cover only retained English documents with supported titles. Source-link counts distinguish URLs associated with a retained file from source links without a local copy; source observations do not establish complete coverage.,light,OKWD,46,0,70,,,,,,,,
FD:ord,United States District Court — Oregon,district,Federal,https://www.ord.uscourts.gov/,"[""https://www.ord.uscourts.gov/index.php/filing-and-forms/forms"",""https://www.ord.uscourts.gov/index.php/filing-and-forms/property-bond-forms-and-procedures""]",https://www.uscourts.gov/about-federal-courts/court-role-and-structure/court-website-links,Official directory observed through Firecrawl on 2026-09-12; forms pages from prior source manifest unless otherwise recorded.,,False,94 district entries and 94 bankruptcy jurisdictions are tracked separately; shared websites and territorial bankruptcy jurisdiction do not imply 94 separate bankruptcy courts.,Oregon district court,1,0,1,4,1,0,3,0,0,3,English documents available; wider coverage unverified,Text fallback,,,,Statewide source collections do not establish coverage of every county/division/judge; federal shared-site jurisdiction entries are not counts of distinct courts. Counts cover only retained English documents with supported titles. Source-link counts distinguish URLs associated with a retained file from source links without a local copy; source observations do not establish complete coverage.,light,ORD,1,0,1,,,,,,,,
FD:paed,United States District Court — Pennsylvania Eastern,district,Federal,https://www.paed.uscourts.gov/,"[""https://www.paed.uscourts.gov/forms"",""https://www.paed.uscourts.gov/local-rules"",""https://www.paed.uscourts.gov/forms/forms-pro-se"",""https://www.paed.uscourts.gov/contact-information"",""https://www.paed.uscourts.gov/accessibility-information"",""https://www.paed.uscourts.gov/forms/forms-miscellaneous"",""https://www.paed.uscourts.gov/local-rules/Standing%20Orders""]",https://www.uscourts.gov/about-federal-courts/court-role-and-structure/court-website-links,Official directory observed through Firecrawl on 2026-09-12; forms pages from prior source manifest unless otherwise recorded.,,False,94 district entries and 94 bankruptcy jurisdictions are tracked separately; shared websites and territorial bankruptcy jurisdiction do not imply 94 separate bankruptcy courts.,Pennsylvania Eastern district court,188,10,178,333,190,0,8,0,0,143,English documents available; wider coverage unverified,Logo/seal available,05-Court-and-Judge-Assets/images/66/6670aab43d7826084174ca6afe573583fa199447ef74e9fb8f24d578918e6e06.png,court_seal,https://www.paed.uscourts.gov/,Statewide source collections do not establish coverage of every county/division/judge; federal shared-site jurisdiction entries are not counts of distinct courts. Counts cover only retained English documents with supported titles. Source-link counts distinguish URLs associated with a retained file from source links without a local copy; source observations do not establish complete coverage.,light,PAED,188,0,325,"{""https://www.paed.uscourts.gov/local-rules"":""Official public HTML page fetched on 2026-09-12; TLS verified, robots allowed; HTTP 200"",""https://www.paed.uscourts.gov/local-rules/Standing%20Orders"":""Official public HTML page fetched on 2026-09-12; TLS verified, robots allowed; HTTP 200"",""https://www.paed.uscourts.gov/forms"":""Official public HTML page fetched on 2026-09-12; TLS verified, robots allowed; HTTP 200"",""https://www.paed.uscourts.gov/forms/forms-pro-se"":""Official public HTML page fetched on 2026-09-12; TLS verified, robots allowed; HTTP 200"",""https://www.paed.uscourts.gov/contact-information"":""Official public HTML page fetched on 2026-09-12; TLS verified, robots allowed; HTTP 200"",""https://www.paed.uscourts.gov/accessibility-information"":""Official public HTML page fetched on 2026-09-12; TLS verified, robots allowed; HTTP 200""}",,,,,,,
FD:pamd,United States District Court — Pennsylvania Middle,district,Federal,https://www.pamd.uscourts.gov/,"[""https://www.pamd.uscourts.gov/forms/all-forms"",""https://www.pamd.uscourts.gov/forms/all-forms/mandatory_forms"",""https://www.pamd.uscourts.gov/forms/all-forms/recommended_forms"",""https://www.pamd.uscourts.gov/hotel-information"",""https://www.pamd.uscourts.gov/information-jurors"",""https://www.pamd.uscourts.gov/cja-information-forms"",""https://www.pamd.uscourts.gov/forms/all-forms?page=1"",""https://www.pamd.uscourts.gov/filing-without-attorney-pro-se"",""https://www.pamd.uscourts.gov/forms/petition-admission-practice"",""https://www.pamd.uscourts.gov/mcvcis-%E2%80%93-free-case-information-service-0""]",https://www.uscourts.gov/about-federal-courts/court-role-and-structure/court-website-links,Official directory observed through Firecrawl on 2026-09-12; forms pages from prior source manifest unless otherwise recorded.,,False,94 district entries and 94 bankruptcy jurisdictions are tracked separately; shared websites and territorial bankruptcy jurisdiction do not imply 94 separate bankruptcy courts.,Pennsylvania Middle district court,18,0,18,62,19,0,1,0,0,43,English documents available; wider coverage unverified,Logo/seal available,05-Court-and-Judge-Assets/images/87/877c10ed74d0a860625d971aeeeea9ca975e08e04c18336aed7b9d2a01f981b1.png,court_seal,https://www.pamd.uscourts.gov/,Statewide source collections do not establish coverage of every county/division/judge; federal shared-site jurisdiction entries are not counts of distinct courts. Counts cover only retained English documents with supported titles. Source-link counts distinguish URLs associated with a retained file from source links without a local copy; source observations do not establish complete coverage.,light,PAMD,18,0,61,,,,,,,,
FD:pawd,United States District Court — Pennsylvania Western,district,Federal,https://www.pawd.uscourts.gov/,"[""https://www.pawd.uscourts.gov/jury-information"",""https://www.pawd.uscourts.gov/court-information"",""https://www.pawd.uscourts.gov/patent-information"",""https://www.pawd.uscourts.gov/nextgen-information"",""https://www.pawd.uscourts.gov/free-case-information-service"",""https://www.pawd.uscourts.gov/attorney-admission-information"",""https://www.pawd.uscourts.gov/forms/certificate-bar-admission"",""https://www.pawd.uscourts.gov/forms/motion-admission-pro-hac-vice"",""https://www.pawd.uscourts.gov/forms/certificate-compliance-adr-special-master"",""https://www.pawd.uscourts.gov/forms/application-qualification-e-discovery-mediator-andor-e-discovery-special-master""]",https://www.uscourts.gov/about-federal-courts/court-role-and-structure/court-website-links,Official directory observed through Firecrawl on 2026-09-12; forms pages from prior source manifest unless otherwise recorded.,,False,94 district entries and 94 bankruptcy jurisdictions are tracked separately; shared websites and territorial bankruptcy jurisdiction do not imply 94 separate bankruptcy courts.,Pennsylvania Western district court,11,0,11,22,12,0,0,0,0,10,English documents available; wider coverage unverified,Logo/seal available,05-Court-and-Judge-Assets/images/78/78aa0c89541e4306e93880a2181576ba78b303761c31bac508a50e6d8f402879.png,court_seal,https://www.pawd.uscourts.gov/,Statewide source collections do not establish coverage of every county/division/judge; federal shared-site jurisdiction entries are not counts of distinct courts. Counts cover only retained English documents with supported titles. Source-link counts distinguish URLs associated with a retained file from source links without a local copy; source observations do not establish complete coverage.,light,PAWD,11,0,22,,,,,,,,
FD:prd,United States District Court — Puerto Rico,district,Federal,https://www.prd.uscourts.gov/,"[""https://www.prd.uscourts.gov/forms"",""https://www.prd.uscourts.gov/forms/all-forms"",""https://www.prd.uscourts.gov/forms/all-forms/08cja"",""https://www.prd.uscourts.gov/forms/all-forms/03bail"",""https://www.prd.uscourts.gov/forms/all-forms/16appeal"",""https://www.prd.uscourts.gov/forms/all-forms/02admiral"",""https://www.prd.uscourts.gov/forms/all-forms/05bar_adm"",""https://www.prd.uscourts.gov/forms/all-forms/13investm"",""https://www.prd.uscourts.gov/forms/all-forms/15transcr"",""https://www.prd.uscourts.gov/forms/all-forms/04bankrupt"",""https://www.prd.uscourts.gov/forms/all-forms/11criminal"",""https://www.prd.uscourts.gov/forms/all-forms/17mediator"",""https://www.prd.uscourts.gov/forms/all-forms/06bill_cost"",""https://www.prd.uscourts.gov/forms/all-forms/01initiating"",""https://promesa.prd.uscourts.gov/forms/all-forms/mandatory_forms"",""https://promesa.prd.uscourts.gov/forms/all-forms/recommended_forms"",""https://promesa.prd.uscourts.gov/forms-attorneys"",""https://promesa.prd.uscourts.gov/forms/sample-form-2""]",https://www.uscourts.gov/about-federal-courts/court-role-and-structure/court-website-links,Official directory observed through Firecrawl on 2026-09-12; forms pages from prior source manifest unless otherwise recorded.,,True,94 district entries and 94 bankruptcy jurisdictions are tracked separately; shared websites and territorial bankruptcy jurisdiction do not imply 94 separate bankruptcy courts.,Puerto Rico district court,77,0,77,176,78,0,2,0,0,98,English documents available; wider coverage unverified,Logo/seal available,05-Court-and-Judge-Assets/images/57/57c3f1eda0a6c8cc8dafa198e16eb85889eb19e6c1671da197f9531b8d60ea78.png,court_logo,https://www.prd.uscourts.gov/,Statewide source collections do not establish coverage of every county/division/judge; federal shared-site jurisdiction entries are not counts of distinct courts. Counts cover only retained English documents with supported titles. Source-link counts distinguish URLs associated with a retained file from source links without a local copy; source observations do not establish complete coverage.,light,PRD,77,0,174,"{""https://www.prd.uscourts.gov/forms"":""Official public HTML page fetched on 2026-09-12; TLS verified, robots allowed; HTTP 200"",""https://www.prd.uscourts.gov/forms/all-forms"":""Official public HTML page fetched on 2026-09-12; TLS verified, robots allowed; HTTP 200"",""https://www.prd.uscourts.gov/forms/all-forms/05bar_adm"":""Official public HTML page fetched on 2026-09-12; TLS verified, robots allowed; HTTP 200"",""https://www.prd.uscourts.gov/forms/all-forms/01initiating"":""Official public HTML page fetched on 2026-09-12; TLS verified, robots allowed; HTTP 200"",""https://www.prd.uscourts.gov/forms/all-forms/08cja"":""Official public HTML page fetched on 2026-09-12; TLS verified, robots allowed; HTTP 200"",""https://www.prd.uscourts.gov/forms/all-forms/03bail"":""Official public HTML page fetched on 2026-09-12; TLS verified, robots allowed; HTTP 200"",""https://www.prd.uscourts.gov/forms/default-motion-entry-form-l-1-after-service-publication"":""Firecrawl map of official website, 2026-09-12; indexed URL, not yet fetched"",""https://www.prd.uscourts.gov/forms/form-selection-counsel-appeal"":""Firecrawl map of official website, 2026-09-12; indexed URL, not yet fetched"",""https://promesa.prd.uscourts.gov/forms/all-forms/mandatory_forms"":""Official public HTML page fetched on 2026-09-12; TLS verified, robots allowed; HTTP 200"",""https://www.prd.uscourts.gov/forms/all-forms/15transcr"":""Official public HTML page fetched on 2026-09-12; TLS verified, robots allowed; HTTP 200"",""https://www.prd.uscourts.gov/forms/execution-judgment-order-form-q"":""Firecrawl map of official website, 2026-09-12; indexed URL, not yet fetched"",""https://www.prd.uscourts.gov/forms/all-forms/13investm"":""Official public HTML page fetched on 2026-09-12; TLS verified, robots allowed; HTTP 200"",""https://www.prd.uscourts.gov/forms/all-forms/06bill_cost"":""Official public HTML page fetched on 2026-09-12; TLS verified, robots allowed; HTTP 200"",""https://promesa.prd.uscourts.gov/forms-attorneys"":""Official public HTML page fetched on 2026-09-12; TLS verified, robots allowed; HTTP 200"",""https://www.prd.uscourts.gov/forms/all-forms/04bankrupt"":""Official public HTML page fetched on 2026-09-12; TLS verified, robots allowed; HTTP 200"",""https://www.prd.uscourts.gov/forms/all-forms/11criminal"":""Official public HTML page fetched on 2026-09-12; TLS verified, robots allowed; HTTP 200"",""https://www.prd.uscourts.gov/forms/all-forms/02admiral"":""Firecrawl map of official website, 2026-09-12; indexed URL, not yet fetched"",""https://promesa.prd.uscourts.gov/forms/all-forms/recommended_forms"":""Official public HTML page fetched on 2026-09-12; TLS verified, robots allowed; HTTP 200"",""https://www.prd.uscourts.gov/forms/all-forms/17mediator"":""Official public HTML page fetched on 2026-09-12; TLS verified, robots allowed; HTTP 200"",""https://www.prd.uscourts.gov/forms/cja-form-24-authorization-and-voucher-payment-transcript"":""Firecrawl map of official website, 2026-09-12; indexed URL, not yet fetched"",""https://www.prd.uscourts.gov/forms/cja-form-26-supplemental-information-statement-compensation-claim"":""Firecrawl map of official website, 2026-09-12; indexed URL, not yet fetched"",""https://www.prd.uscourts.gov/forms/disbursement-funds-order-form-x-3"":""Firecrawl map of official website, 2026-09-12; indexed URL, not yet fetched"",""https://www.prd.uscourts.gov/forms/all-forms/16appeal"":""Official public HTML page fetched on 2026-09-12; TLS verified, robots allowed; HTTP 200"",""https://promesa.prd.uscourts.gov/forms/sample-form-2"":""Official public HTML page fetched on 2026-09-12; TLS verified, robots allowed; HTTP 200"",""https://www.prd.uscourts.gov/forms/cja-form-23-financial-affidavit"":""Firecrawl map of official website, 2026-09-12; indexed URL, not yet fetched"",""https://www.prd.uscourts.gov/forms/deposit-funds-motion-not-court-designated-institution-form-x"":""Firecrawl map of official website, 2026-09-12; indexed URL, not yet fetched"",""https://www.prd.uscourts.gov/forms/bill-costs-form-ao-133"":""Firecrawl map of official website, 2026-09-12; indexed URL, not yet fetched""}",,,,,,,
FD:rid,United States District Court — Rhode Island,district,Federal,https://www.rid.uscourts.gov/,"[""https://www.rid.uscourts.gov/forms/all-forms/Civil"",""https://www.rid.uscourts.gov/forms/all-forms/Media"",""https://www.rid.uscourts.gov/forms/all-forms/Other"",""https://www.rid.uscourts.gov/forms/all-forms/Criminal"",""https://www.rid.uscourts.gov/forms/all-forms/Human%20Resources"",""https://www.rid.uscourts.gov/forms/all-forms/Attorney%20Admissions"",""https://www.rid.uscourts.gov/cmecf-information"",""https://www.rid.uscourts.gov/paygov-information"",""https://www.rid.uscourts.gov/vendor-information"",""https://www.rid.uscourts.gov/naturalization-information"",""https://www.rid.uscourts.gov/general-information-resources"",""https://www.rid.uscourts.gov/historical/historical-information""]",https://www.uscourts.gov/about-federal-courts/court-role-and-structure/court-website-links,Official directory observed through Firecrawl on 2026-09-12; forms pages from prior source manifest unless otherwise recorded.,,False,94 district entries and 94 bankruptcy jurisdictions are tracked separately; shared websites and territorial bankruptcy jurisdiction do not imply 94 separate bankruptcy courts.,Rhode Island district court,46,0,46,236,46,0,1,0,5,190,English documents available; wider coverage unverified,Logo/seal available,05-Court-and-Judge-Assets/images/59/5959e9ae4124aa5c89948387f88656327e22fc787e8b04482f8c03ea30360a61.png,court_seal,https://www.rid.uscourts.gov/,Statewide source collections do not establish coverage of every county/division/judge; federal shared-site jurisdiction entries are not counts of distinct courts. Counts cover only retained English documents with supported titles. Source-link counts distinguish URLs associated with a retained file from source links without a local copy; source observations do not establish complete coverage.,light,RID,46,0,230,,,,,,,,
FD:scd,United States District Court — South Carolina,district,Federal,https://www.scd.uscourts.gov/,"[""https://www.scd.uscourts.gov/"",""https://www.scd.uscourts.gov/pji/"",""https://www.scd.uscourts.gov/Court/index.asp"",""https://www.scd.uscourts.gov/FORMS/index.asp""]",https://www.uscourts.gov/about-federal-courts/court-role-and-structure/court-website-links,Official directory observed through Firecrawl on 2026-09-12; forms pages from prior source manifest unless otherwise recorded.,,False,94 district entries and 94 bankruptcy jurisdictions are tracked separately; shared websites and territorial bankruptcy jurisdiction do not imply 94 separate bankruptcy courts.,South Carolina district court,4,0,4,344,4,327,4,0,0,340,English documents available; wider coverage unverified,Logo/seal available,05-Court-and-Judge-Assets/images/d7/d76fe5fdf3e1e82a45cd3951d22d122781f6cf8b0dad736660b6c749efe59a5f.gif,court_logo,https://www.scd.uscourts.gov/,Statewide source collections do not establish coverage of every county/division/judge; federal shared-site jurisdiction entries are not counts of distinct courts. Counts cover only retained English documents with supported titles. Source-link counts distinguish URLs associated with a retained file from source links without a local copy; source observations do not establish complete coverage.,light,SCD,4,0,13,,,,,,,,
FD:sdd,United States District Court — South Dakota,district,Federal,https://www.sdd.uscourts.gov/,"[""https://www.sdd.uscourts.gov/forms/all-forms"",""https://www.sdd.uscourts.gov/jury_instructions"",""https://www.sdd.uscourts.gov/jury_instructions?page=1"",""https://www.sdd.uscourts.gov/jury_instructions?page=2"",""https://www.sdd.uscourts.gov/jury_instructions?page=3"",""https://www.sdd.uscourts.gov/jury_instructions?page=5"",""https://www.sdd.uscourts.gov/jury_instructions?page=6"",""https://www.sdd.uscourts.gov/criminal-justice-act-info"",""https://www.sdd.uscourts.gov/jury_instructions?order=field_case_type&sort=asc"",""https://www.sdd.uscourts.gov/jury_instructions?order=field_category_ji&sort=asc"",""https://www.sdd.uscourts.gov/jury_instructions?order=field_division_ji&sort=asc"",""https://www.sdd.uscourts.gov/jury_instructions?order=field_year_filed_ji&sort=asc""]",https://www.uscourts.gov/about-federal-courts/court-role-and-structure/court-website-links,Official directory observed through Firecrawl on 2026-09-12; forms pages from prior source manifest unless otherwise recorded.,,False,94 district entries and 94 bankruptcy jurisdictions are tracked separately; shared websites and territorial bankruptcy jurisdiction do not imply 94 separate bankruptcy courts.,South Dakota district court,58,0,58,504,58,0,0,0,305,446,English documents available; wider coverage unverified,Logo/seal available,05-Court-and-Judge-Assets/images/4f/4f11ead9626eb72e6e99d9fab923becf944d8fb0a746b95e7a243facddcd40cb.png,court_seal,https://www.sdd.uscourts.gov/,Statewide source collections do not establish coverage of every county/division/judge; federal shared-site jurisdiction entries are not counts of distinct courts. Counts cover only retained English documents with supported titles. Source-link counts distinguish URLs associated with a retained file from source links without a local copy; source observations do not establish complete coverage.,light,SDD,58,0,199,,,,,,,,
FD:tned,United States District Court — Tennessee Eastern,district,Federal,https://www.tned.uscourts.gov/,"[""https://www.tned.uscourts.gov/forms/all-forms"",""https://www.tned.uscourts.gov/cja"",""https://www.tned.uscourts.gov/ProSeEPortal"",""https://www.tned.uscourts.gov/jury-information"",""https://www.tned.uscourts.gov/court-information"",""https://www.tned.uscourts.gov/attorney-information"",""https://www.tned.uscourts.gov/court-reporter-information""]",https://www.uscourts.gov/about-federal-courts/court-role-and-structure/court-website-links,Official directory observed through Firecrawl on 2026-09-12; forms pages from prior source manifest unless otherwise recorded.,,False,94 district entries and 94 bankruptcy jurisdictions are tracked separately; shared websites and territorial bankruptcy jurisdiction do not imply 94 separate bankruptcy courts.,Tennessee Eastern district court,74,1,73,106,75,0,0,0,0,31,English documents available; wider coverage unverified,Logo/seal available,05-Court-and-Judge-Assets/images/cd/cdca2dffa3f4d9d6bde761e2493684e314655630c0b8e9c981bf308713fdf7f4.png,court_logo,https://www.tned.uscourts.gov/,Statewide source collections do not establish coverage of every county/division/judge; federal shared-site jurisdiction entries are not counts of distinct courts. Counts cover only retained English documents with supported titles. Source-link counts distinguish URLs associated with a retained file from source links without a local copy; source observations do not establish complete coverage.,light,TNED,74,0,106,,,,,,,,
FD:tnmd,United States District Court — Tennessee Middle,district,Federal,https://www.tnmd.uscourts.gov/,"[""https://www.tnmd.uscourts.gov/court-information"",""https://www.tnmd.uscourts.gov/media-information"",""https://www.tnmd.uscourts.gov/forms/adr-neutral-application"",""https://www.tnmd.uscourts.gov/content/service-process-civil-rights-cases"",""https://www.tnmd.uscourts.gov/pro-se-forms-and-information-sheets-prisoner"",""https://www.tnmd.uscourts.gov/pro-se-forms-and-information-sheets-non-prisoner"",""https://www.tnmd.uscourts.gov/forms/application-attorney-join-civil-appointments-panel""]",https://www.uscourts.gov/about-federal-courts/court-role-and-structure/court-website-links,Official directory observed through Firecrawl on 2026-09-12; forms pages from prior source manifest unless otherwise recorded.,,False,94 district entries and 94 bankruptcy jurisdictions are tracked separately; shared websites and territorial bankruptcy jurisdiction do not imply 94 separate bankruptcy courts.,Tennessee Middle district court,11,0,11,15,11,0,0,0,0,4,English documents available; wider coverage unverified,Logo/seal available,05-Court-and-Judge-Assets/images/f3/f3c01de1691e861204479839dd4c0afa3f5ee4515af957f2332b4a9937e1f632.png,court_seal,https://www.tnmd.uscourts.gov/,Statewide source collections do not establish coverage of every county/division/judge; federal shared-site jurisdiction entries are not counts of distinct courts. Counts cover only retained English documents with supported titles. Source-link counts distinguish URLs associated with a retained file from source links without a local copy; source observations do not establish complete coverage.,light,TNMD,11,0,15,,,,,,,,
FD:tnwd,United States District Court — Tennessee Western,district,Federal,https://www.tnwd.uscourts.gov/,"[""https://www.tnwd.uscourts.gov/local-forms"",""https://www.tnwd.uscourts.gov/forms/all-forms"",""https://www.tnwd.uscourts.gov/IFP-ADR"",""https://www.tnwd.uscourts.gov/pro-se-forms"",""https://www.tnwd.uscourts.gov/attorney-info"",""https://www.tnwd.uscourts.gov/court-employment"",""https://www.tnwd.uscourts.gov/court-information"",""https://www.tnwd.uscourts.gov/clerks-office-telephone-directory"",""https://www.tnwd.uscourts.gov/alternative-dispute-resolution-forms""]",https://www.uscourts.gov/about-federal-courts/court-role-and-structure/court-website-links,Official directory observed through Firecrawl on 2026-09-12; forms pages from prior source manifest unless otherwise recorded.,,False,94 district entries and 94 bankruptcy jurisdictions are tracked separately; shared websites and territorial bankruptcy jurisdiction do not imply 94 separate bankruptcy courts.,Tennessee Western district court,25,0,25,47,27,0,3,0,0,20,English documents available; wider coverage unverified,Logo/seal available,05-Court-and-Judge-Assets/images/ff/ffbde2969d7d2565be66eacabd6918133f8da9a3d24f68d3ba8da1738661c4f3.png,court_seal,https://www.tnwd.uscourts.gov/,Statewide source collections do not establish coverage of every county/division/judge; federal shared-site jurisdiction entries are not counts of distinct courts. Counts cover only retained English documents with supported titles. Source-link counts distinguish URLs associated with a retained file from source links without a local copy; source observations do not establish complete coverage.,light,TNWD,25,0,42,,,,,,,,
FD:txed,United States District Court — Texas Eastern,district,Federal,https://www.txed.uscourts.gov/,"[""https://www.txed.uscourts.gov/?q=forms/all"",""https://www.txed.uscourts.gov/?q=forms/patent"",""https://www.txed.uscourts.gov/?q=current-job-openings/15589"",""https://www.txed.uscourts.gov/?q=jury-and-court-related-scams""]",https://www.uscourts.gov/about-federal-courts/court-role-and-structure/court-website-links,Official directory observed through Firecrawl on 2026-09-12; forms pages from prior source manifest unless otherwise recorded.,,False,94 district entries and 94 bankruptcy jurisdictions are tracked separately; shared websites and territorial bankruptcy jurisdiction do not imply 94 separate bankruptcy courts.,Texas Eastern district court,20,0,20,35,20,0,1,0,0,15,English documents available; wider coverage unverified,Logo/seal available,05-Court-and-Judge-Assets/images/a6/a62d0f6782977f0948cf68f3458f5d2ec35fb6ac6de85b597d5ca645cb3c900d.png,judiciary_logo,https://www.txed.uscourts.gov/,Statewide source collections do not establish coverage of every county/division/judge; federal shared-site jurisdiction entries are not counts of distinct courts. Counts cover only retained English documents with supported titles. Source-link counts distinguish URLs associated with a retained file from source links without a local copy; source observations do not establish complete coverage.,light,TXED,20,0,34,,,,,,,,
FD:txnd,United States District Court — Texas Northern,district,Federal,https://www.txnd.uscourts.gov/,"[""https://www.txnd.uscourts.gov/forms/all"",""https://www.txnd.uscourts.gov/reporting-instructions"",""https://www.txnd.uscourts.gov/instructions-petit-jurors-dallas-division""]",https://www.uscourts.gov/about-federal-courts/court-role-and-structure/court-website-links,Official directory observed through Firecrawl on 2026-09-12; forms pages from prior source manifest unless otherwise recorded.,,False,94 district entries and 94 bankruptcy jurisdictions are tracked separately; shared websites and territorial bankruptcy jurisdiction do not imply 94 separate bankruptcy courts.,Texas Northern district court,48,0,48,81,48,0,0,0,0,33,English documents available; wider coverage unverified,Logo/seal available,05-Court-and-Judge-Assets/images/f2/f226798b97e5269519483e8d593d6108d1807682c5cd9851d77a845a91476b4b.png,judiciary_logo,https://www.txnd.uscourts.gov/,Statewide source collections do not establish coverage of every county/division/judge; federal shared-site jurisdiction entries are not counts of distinct courts. Counts cover only retained English documents with supported titles. Source-link counts distinguish URLs associated with a retained file from source links without a local copy; source observations do not establish complete coverage.,light,TXND,48,0,81,,,,,,,,
FD:txsd,United States District Court — Texas Southern,district,Federal,https://www.txs.uscourts.gov/,"[""https://www.txs.uscourts.gov/content/cmecf-nextgen"",""https://www.txs.uscourts.gov/page/attorney-admissions-membership-renewal-instructions"",""https://www.txs.uscourts.gov/page/archived-forms-previous-version-documents-forms-and-procedures""]",https://www.uscourts.gov/about-federal-courts/court-role-and-structure/court-website-links,Official directory observed through Firecrawl on 2026-09-12; forms pages from prior source manifest unless otherwise recorded.,Official directory points to a shared court website; collection ID distinguishes district and bankruptcy jurisdiction.,False,94 district entries and 94 bankruptcy jurisdictions are tracked separately; shared websites and territorial bankruptcy jurisdiction do not imply 94 separate bankruptcy courts.,Texas Southern district court,56,52,4,187,56,0,2,0,0,131,English documents available; wider coverage unverified,Logo/seal available,05-Court-and-Judge-Assets/images/ae/ae74d274ee0a5836f10734632e2ba42ab557984f7b7c57d668502add096942df.png,judiciary_logo,https://www.txs.uscourts.gov/,Statewide source collections do not establish coverage of every county/division/judge; federal shared-site jurisdiction entries are not counts of distinct courts. Counts cover only retained English documents with supported titles. Source-link counts distinguish URLs associated with a retained file from source links without a local copy; source observations do not establish complete coverage.,light,TXSD,56,0,185,,,,,,,,
FD:txwd,United States District Court — Texas Western,district,Federal,https://www.txwd.uscourts.gov/,"[""https://www.txwd.uscourts.gov/court-information/"",""https://www.txwd.uscourts.gov/court-information/fee-schedule/"",""https://www.txwd.uscourts.gov/jury-service-general-information/"",""https://www.txwd.uscourts.gov/court-information/lcr-introduction/"",""https://www.txwd.uscourts.gov/judges-information/standing-orders/"",""https://www.txwd.uscourts.gov/court-information/district-statistics/"",""https://www.txwd.uscourts.gov/court-information/frequently-asked-questions/"",""https://www.txwd.uscourts.gov/court-information/transcript-requests-and-fees/"",""https://www.txwd.uscourts.gov/jury-information/midland-odessa-jury-instructions/"",""https://www.txwd.uscourts.gov/court-information/appellate-federal-and-local-court-rules/"",""https://www.txwd.uscourts.gov/court-information/court-information-communication-access-coordinator/""]",https://www.uscourts.gov/about-federal-courts/court-role-and-structure/court-website-links,Official directory observed through Firecrawl on 2026-09-12; forms pages from prior source manifest unless otherwise recorded.,,False,94 district entries and 94 bankruptcy jurisdictions are tracked separately; shared websites and territorial bankruptcy jurisdiction do not imply 94 separate bankruptcy courts.,Texas Western district court,50,0,50,316,50,0,5,0,0,266,English documents available; wider coverage unverified,Logo/seal available,05-Court-and-Judge-Assets/images/7b/7bfe3e3d27bf821dfa4dc2c918a9b76e74d7261f010736b502199695369aac6f.png,court_logo,https://www.txwd.uscourts.gov/,Statewide source collections do not establish coverage of every county/division/judge; federal shared-site jurisdiction entries are not counts of distinct courts. Counts cover only retained English documents with supported titles. Source-link counts distinguish URLs associated with a retained file from source links without a local copy; source observations do not establish complete coverage.,light,TXWD,50,0,311,,,,,,,,
FD:utd,United States District Court — Utah,district,Federal,https://www.utd.uscourts.gov/,"[""https://www.utd.uscourts.gov/forms/all-forms"",""https://www.utd.uscourts.gov/linkbuilder"",""https://www.utd.uscourts.gov/ejuror-instructions"",""https://www.utd.uscourts.gov/nextgen-information"",""https://www.utd.uscourts.gov/grand-jury-information"",""https://www.utd.uscourts.gov/media-account-information"",""https://www.utd.uscourts.gov/sample-documents-attorneys"",""https://www.utd.uscourts.gov/cmecf-electronic-case-filing"",""https://www.utd.uscourts.gov/criminal-justice-act-cja-information"",""https://www.utd.uscourts.gov/pro-se-filing-information-without-attorney""]",https://www.uscourts.gov/about-federal-courts/court-role-and-structure/court-website-links,Official directory observed through Firecrawl on 2026-09-12; forms pages from prior source manifest unless otherwise recorded.,,False,94 district entries and 94 bankruptcy jurisdictions are tracked separately; shared websites and territorial bankruptcy jurisdiction do not imply 94 separate bankruptcy courts.,Utah district court,48,2,46,199,53,0,2,0,0,146,English documents available; wider coverage unverified,Logo/seal available,05-Court-and-Judge-Assets/images/b8/b847d500b7d42944f230b4fb5b96bfe77ae498b157fe06517e607a93ee94d8ff.png,judiciary_logo,https://www.utd.uscourts.gov/,Statewide source collections do not establish coverage of every county/division/judge; federal shared-site jurisdiction entries are not counts of distinct courts. Counts cover only retained English documents with supported titles. Source-link counts distinguish URLs associated with a retained file from source links without a local copy; source observations do not establish complete coverage.,light,UTD,48,0,197,,,,,,,,
FD:vtd,United States District Court — Vermont,district,Federal,https://www.vtd.uscourts.gov/,"[""https://www.vtd.uscourts.gov/forms/all-forms"",""https://www.vtd.uscourts.gov/attorney-admission-information"",""https://www.vtd.uscourts.gov/forms/discovery-scheduleorder-stipulated-cases-filed-or-after-march-1-2017""]",https://www.uscourts.gov/about-federal-courts/court-role-and-structure/court-website-links,Official directory observed through Firecrawl on 2026-09-12; forms pages from prior source manifest unless otherwise recorded.,,False,94 district entries and 94 bankruptcy jurisdictions are tracked separately; shared websites and territorial bankruptcy jurisdiction do not imply 94 separate bankruptcy courts.,Vermont district court,3,1,2,16,3,0,0,0,0,13,English documents available; wider coverage unverified,Logo/seal available,05-Court-and-Judge-Assets/images/47/47c99370dd62b34727f21d3eaf79d3bbac4d4d6d8e44d5fc33b6c22fb26716cc.png,court_seal,https://www.vtd.uscourts.gov/,Statewide source collections do not establish coverage of every county/division/judge; federal shared-site jurisdiction entries are not counts of distinct courts. Counts cover only retained English documents with supported titles. Source-link counts distinguish URLs associated with a retained file from source links without a local copy; source observations do not establish complete coverage.,light,VTD,3,0,16,,,,,,,,
FD:vid,United States District Court — Virgin Islands,district,Federal,https://www.vid.uscourts.gov/,"[""https://www.vid.uscourts.gov/forms"",""https://www.vid.uscourts.gov/forms/all-forms"",""https://www.vid.uscourts.gov/forms/all-forms/prose_forms"",""https://www.vid.uscourts.gov/forms/all-forms/finance_forms"",""https://www.vid.uscourts.gov/forms/w9-tax-form"",""https://www.vid.uscourts.gov/forms/plea-application"",""https://www.vid.uscourts.gov/forms/civil-cover-sheet"",""https://www.vid.uscourts.gov/forms/non-prisoner-summons"",""https://www.vid.uscourts.gov/forms/ust-form-101-11vndr-b"",""https://www.vid.uscourts.gov/forms/cja-renewal-application"",""https://www.vid.uscourts.gov/forms/victim-address-change-form"",""https://www.vid.uscourts.gov/forms/translation-plea-agreement-form"",""https://www.vid.uscourts.gov/forms/consent-pre-sentence-investigation"",""https://www.vid.uscourts.gov/forms/prisoner-motion-proceed-forma-pauperis-2254-action"",""https://www.vid.uscourts.gov/forms/prisoner-motion-proceed-forma-pauperis-2255-action"",""https://www.vid.uscourts.gov/forms/prisoner-motion-vacate-set-aside-or-correct-sentence-2255"",""https://www.vid.uscourts.gov/forms/prisoner-motion-proceed-forma-pauperis-instructions-and-motion""]",https://www.uscourts.gov/about-federal-courts/court-role-and-structure/court-website-links,Official directory observed through Firecrawl on 2026-09-12; forms pages from prior source manifest unless otherwise recorded.,,True,94 district entries and 94 bankruptcy jurisdictions are tracked separately; shared websites and territorial bankruptcy jurisdiction do not imply 94 separate bankruptcy courts.,Virgin Islands district court,28,0,28,73,28,0,0,0,0,45,English documents available; wider coverage unverified,Logo/seal available,05-Court-and-Judge-Assets/images/0a/0a9d7b1a5b6fd62760d393eed8df61ad44cfaccd0b2e3faec9dbc58c236d6a82.png,judiciary_logo,https://www.vid.uscourts.gov/,Statewide source collections do not establish coverage of every county/division/judge; federal shared-site jurisdiction entries are not counts of distinct courts. Counts cover only retained English documents with supported titles. Source-link counts distinguish URLs associated with a retained file from source links without a local copy; source observations do not establish complete coverage.,light,VID,28,0,73,"{""https://www.vid.uscourts.gov/forms"":""Official public HTML page fetched on 2026-09-12; TLS verified, robots allowed; HTTP 200"",""https://www.vid.uscourts.gov/forms/all-forms/prose_forms"":""Official public HTML page fetched on 2026-09-12; TLS verified, robots allowed; HTTP 200"",""https://www.vid.uscourts.gov/forms/translation-plea-agreement-form"":""Official public HTML page fetched on 2026-09-12; TLS verified, robots allowed; HTTP 200"",""https://www.vid.uscourts.gov/forms/all-forms"":""Official public HTML page fetched on 2026-09-12; TLS verified, robots allowed; HTTP 200"",""https://www.vid.uscourts.gov/forms/plea-application"":""Official public HTML page fetched on 2026-09-12; TLS verified, robots allowed; HTTP 200"",""https://www.vid.uscourts.gov/forms/all-forms/finance_forms"":""Official public HTML page fetched on 2026-09-12; TLS verified, robots allowed; HTTP 200"",""https://www.vid.uscourts.gov/forms/consent-pre-sentence-investigation"":""Official public HTML page fetched on 2026-09-12; TLS verified, robots allowed; HTTP 200"",""https://www.vid.uscourts.gov/forms/ust-form-101-11vndr-b"":""Official public HTML page fetched on 2026-09-12; TLS verified, robots allowed; HTTP 200"",""https://www.vid.uscourts.gov/forms/victim-address-change-form"":""Official public HTML page fetched on 2026-09-12; TLS verified, robots allowed; HTTP 200"",""https://www.vid.uscourts.gov/forms/w9-tax-form"":""Official public HTML page fetched on 2026-09-12; TLS verified, robots allowed; HTTP 200"",""https://www.vid.uscourts.gov/forms/cja-renewal-application"":""Official public HTML page fetched on 2026-09-12; TLS verified, robots allowed; HTTP 200"",""https://www.vid.uscourts.gov/forms/civil-cover-sheet"":""Official public HTML page fetched on 2026-09-12; TLS verified, robots allowed; HTTP 200"",""https://www.vid.uscourts.gov/forms/non-prisoner-summons"":""Official public HTML page fetched on 2026-09-12; TLS verified, robots allowed; HTTP 200"",""https://www.vid.uscourts.gov/forms/prisoner-motion-proceed-forma-pauperis-instructions-and-motion"":""Official public HTML page fetched on 2026-09-12; TLS verified, robots allowed; HTTP 200"",""https://www.vid.uscourts.gov/forms/prisoner-motion-vacate-set-aside-or-correct-sentence-2255"":""Official public HTML page fetched on 2026-09-12; TLS verified, robots allowed; HTTP 200"",""https://www.vid.uscourts.gov/forms/prisoner-motion-proceed-forma-pauperis-2255-action"":""Official public HTML page fetched on 2026-09-12; TLS verified, robots allowed; HTTP 200"",""https://www.vid.uscourts.gov/forms/prisoner-motion-proceed-forma-pauperis-2254-action"":""Official public HTML page fetched on 2026-09-12; TLS verified, robots allowed; HTTP 200""}",,,,,,,
FD:vaed,United States District Court — Virginia Eastern,district,Federal,https://www.vaed.uscourts.gov/,"[""https://www.vaed.uscourts.gov/civil-forms"",""https://www.vaed.uscourts.gov/attorney-forms"",""https://www.vaed.uscourts.gov/fourth-circuit-forms"",""https://www.vaed.uscourts.gov/tipsinformation-sheets"",""https://www.vaed.uscourts.gov/pro-se-litigant-information"",""https://www.vaed.uscourts.gov/nextgen-informationresources"",""https://www.vaed.uscourts.gov/cmecf-general-informationresources""]",https://www.uscourts.gov/about-federal-courts/court-role-and-structure/court-website-links,Official directory observed through Firecrawl on 2026-09-12; forms pages from prior source manifest unless otherwise recorded.,,False,94 district entries and 94 bankruptcy jurisdictions are tracked separately; shared websites and territorial bankruptcy jurisdiction do not imply 94 separate bankruptcy courts.,Virginia Eastern district court,28,0,28,75,28,0,3,0,0,47,English documents available; wider coverage unverified,Logo/seal available,05-Court-and-Judge-Assets/images/73/732710bd99b2e088eda3d6da9a134441993c7e30af20443b08fba24c8cb53a17.png,court_seal,https://www.vaed.uscourts.gov/,Statewide source collections do not establish coverage of every county/division/judge; federal shared-site jurisdiction entries are not counts of distinct courts. Counts cover only retained English documents with supported titles. Source-link counts distinguish URLs associated with a retained file from source links without a local copy; source observations do not establish complete coverage.,light,VAED,28,0,72,,,,,,,,
FD:vawd,United States District Court — Virginia Western,district,Federal,http://www.vawd.uscourts.gov/,"[""https://www.vawd.uscourts.gov/forms/forms/"",""https://www.vawd.uscourts.gov/forms/probation-worksheets/"",""https://www.vawd.uscourts.gov/cmecf-information/cmecf-information/"",""https://www.vawd.uscourts.gov/court-information/court-information/"",""https://www.vawd.uscourts.gov/cmecf-information/nextgen-information/"",""https://www.vawd.uscourts.gov/cmecf-information/state-court-e-filing/"",""https://www.vawd.uscourts.gov/criminal-justice-act/cja-general-information/"",""https://www.vawd.uscourts.gov/court-information/employee-dispute-resolution/"",""https://www.vawd.uscourts.gov/court-information/local-rules-and-standing-orders/""]",https://www.uscourts.gov/about-federal-courts/court-role-and-structure/court-website-links,Official directory observed through Firecrawl on 2026-09-12; forms pages from prior source manifest unless otherwise recorded.,,False,94 district entries and 94 bankruptcy jurisdictions are tracked separately; shared websites and territorial bankruptcy jurisdiction do not imply 94 separate bankruptcy courts.,Virginia Western district court,32,0,32,62,32,1,0,0,0,30,English documents available; wider coverage unverified,Logo/seal available,05-Court-and-Judge-Assets/images/58/5859fd7686802438f46a22257d810b7eee9e51408c394715dbfacd263e85b7ec.png,court_seal,https://www.vawd.uscourts.gov/,Statewide source collections do not establish coverage of every county/division/judge; federal shared-site jurisdiction entries are not counts of distinct courts. Counts cover only retained English documents with supported titles. Source-link counts distinguish URLs associated with a retained file from source links without a local copy; source observations do not establish complete coverage.,light,VAWD,32,0,61,,,,,,,,
FD:waed,United States District Court — Washington Eastern,district,Federal,https://www.waed.uscourts.gov/,"[""https://www.waed.uscourts.gov/judicial-seminar-disclosure"",""https://www.waed.uscourts.gov/forms-and-request-media-coverage"",""https://www.waed.uscourts.gov/representing-yourself/filing-information"",""https://www.waed.uscourts.gov/about-court/domestic-violence-resources-and-information"",""https://www.waed.uscourts.gov/about-court/media-information-eastern-district-washington"",""https://www.waed.uscourts.gov/representing-yourself/sample-civil-complaints-pro-se-packet"",""https://www.waed.uscourts.gov/about-court/courtroom-support/courtroom-technology/jers-information""]",https://www.uscourts.gov/about-federal-courts/court-role-and-structure/court-website-links,Official directory observed through Firecrawl on 2026-09-12; forms pages from prior source manifest unless otherwise recorded.,,False,94 district entries and 94 bankruptcy jurisdictions are tracked separately; shared websites and territorial bankruptcy jurisdiction do not imply 94 separate bankruptcy courts.,Washington Eastern district court,1,0,1,13,1,0,0,0,0,12,English documents available; wider coverage unverified,Logo/seal available,05-Court-and-Judge-Assets/images/df/dfd21835adc77a727d08e4847a88bb493ef5b5f50527406355293ae958300f61.png,court_seal,https://www.waed.uscourts.gov/,Statewide source collections do not establish coverage of every county/division/judge; federal shared-site jurisdiction entries are not counts of distinct courts. Counts cover only retained English documents with supported titles. Source-link counts distinguish URLs associated with a retained file from source links without a local copy; source observations do not establish complete coverage.,light,WAED,1,0,13,,,,,,,,
FD:wawd,United States District Court — Washington Western,district,Federal,https://www.wawd.uscourts.gov/,"[""https://www.wawd.uscourts.gov/court-forms""]",https://www.uscourts.gov/about-federal-courts/court-role-and-structure/court-website-links,Official directory observed through Firecrawl on 2026-09-12; forms pages from prior source manifest unless otherwise recorded.,,False,94 district entries and 94 bankruptcy jurisdictions are tracked separately; shared websites and territorial bankruptcy jurisdiction do not imply 94 separate bankruptcy courts.,Washington Western district court,25,0,25,85,25,0,6,0,0,60,English documents available; wider coverage unverified,Logo/seal available,05-Court-and-Judge-Assets/images/70/70affb40e0185203d17daf3f4398eb486954944e09fcb9e7d327a97ce9e5011d.png,court_seal,https://www.wawd.uscourts.gov/,Statewide source collections do not establish coverage of every county/division/judge; federal shared-site jurisdiction entries are not counts of distinct courts. Counts cover only retained English documents with supported titles. Source-link counts distinguish URLs associated with a retained file from source links without a local copy; source observations do not establish complete coverage.,light,WAWD,25,0,79,,,,,,,,
FD:wvnd,United States District Court — West Virginia Northern,district,Federal,https://www.wvnd.uscourts.gov/,"[""https://www.wvnd.uscourts.gov/forms"",""https://www.wvnd.uscourts.gov/forms/all-forms/recommended_forms"",""https://www.wvnd.uscourts.gov/security-information"",""https://www.wvnd.uscourts.gov/transcript-information-and-forms"",""https://www.wvnd.uscourts.gov/attorney-admission-fee-information""]",https://www.uscourts.gov/about-federal-courts/court-role-and-structure/court-website-links,Official directory observed through Firecrawl on 2026-09-12; forms pages from prior source manifest unless otherwise recorded.,,True,94 district entries and 94 bankruptcy jurisdictions are tracked separately; shared websites and territorial bankruptcy jurisdiction do not imply 94 separate bankruptcy courts.,West Virginia Northern district court,37,0,37,89,40,1,5,0,0,49,English documents available; wider coverage unverified,Logo/seal available,05-Court-and-Judge-Assets/images/b8/b847d500b7d42944f230b4fb5b96bfe77ae498b157fe06517e607a93ee94d8ff.png,judiciary_logo,https://www.wvnd.uscourts.gov/,Statewide source collections do not establish coverage of every county/division/judge; federal shared-site jurisdiction entries are not counts of distinct courts. Counts cover only retained English documents with supported titles. Source-link counts distinguish URLs associated with a retained file from source links without a local copy; source observations do not establish complete coverage.,light,WVND,37,0,83,"{""https://www.wvnd.uscourts.gov/forms"":""Official public HTML page fetched on 2026-09-12; TLS verified, robots allowed; HTTP 200"",""https://www.wvnd.uscourts.gov/forms/all-forms/recommended_forms"":""Official public HTML page fetched on 2026-09-12; TLS verified, robots allowed; HTTP 200"",""https://www.wvnd.uscourts.gov/transcript-information-and-forms"":""Official public HTML page fetched on 2026-09-12; TLS verified, robots allowed; HTTP 200"",""https://www.wvnd.uscourts.gov/attorney-admission-fee-information"":""Official public HTML page fetched on 2026-09-12; TLS verified, robots allowed; HTTP 200"",""https://www.wvnd.uscourts.gov/security-information"":""Official public HTML page fetched on 2026-09-12; TLS verified, robots allowed; HTTP 200""}",,,,,,,
FD:wvsd,United States District Court — West Virginia Southern,district,Federal,https://www.wvsd.uscourts.gov/,"[""https://www.wvsd.uscourts.gov/forms/notice-appeal"",""https://www.wvsd.uscourts.gov/forms/order-and-notice"",""https://www.wvsd.uscourts.gov/forms/exhibit-list-civil"",""https://www.wvsd.uscourts.gov/forms/exhibit-list-criminal"",""https://www.wvsd.uscourts.gov/forms/agreed-protective-order"",""https://www.wvsd.uscourts.gov/forms/order-setting-deposition-protocol"",""https://www.wvsd.uscourts.gov/forms/consent-jurisdiction-magistrate-judge"",""https://www.wvsd.uscourts.gov/forms/notice-certification-use-courtroom-technology"",""https://www.wvsd.uscourts.gov/forms/complaint-review-decision-commissioner-social-security"",""https://www.wvsd.uscourts.gov/forms/application-membership-criminal-justice-act-panel-and-training-panel"",""https://www.wvsd.uscourts.gov/forms/order-governing-inadvertent-disclosure-documents-or-other-materials-under-rule-502b"",""https://www.wvsd.uscourts.gov/forms/order-governing-inadvertent-disclosure-documents-or-other-materials-under-rule-502d""]",https://www.uscourts.gov/about-federal-courts/court-role-and-structure/court-website-links,Official directory observed through Firecrawl on 2026-09-12; forms pages from prior source manifest unless otherwise recorded.,,False,94 district entries and 94 bankruptcy jurisdictions are tracked separately; shared websites and territorial bankruptcy jurisdiction do not imply 94 separate bankruptcy courts.,West Virginia Southern district court,2,0,2,13,2,0,0,0,0,11,English documents available; wider coverage unverified,Logo/seal available,05-Court-and-Judge-Assets/images/96/96cb2efbdeb35b92374562ce3a21be4533c6897b698782802d180aaa5ed3f260.png,court_seal,https://www.wvsd.uscourts.gov/,Statewide source collections do not establish coverage of every county/division/judge; federal shared-site jurisdiction entries are not counts of distinct courts. Counts cover only retained English documents with supported titles. Source-link counts distinguish URLs associated with a retained file from source links without a local copy; source observations do not establish complete coverage.,light,WVSD,2,0,13,,,,,,,,
FD:wied,United States District Court — Wisconsin Eastern,district,Federal,https://www.wied.uscourts.gov/,"[""https://www.wied.uscourts.gov/forms/all-forms"",""https://www.wied.uscourts.gov/nextgen"",""https://www.wied.uscourts.gov/e-filing"",""https://www.wied.uscourts.gov/attorneys"",""https://www.wied.uscourts.gov/media-information"",""https://www.wied.uscourts.gov/doing-business-court"",""https://www.wied.uscourts.gov/forms-pro-se-litigants""]",https://www.uscourts.gov/about-federal-courts/court-role-and-structure/court-website-links,Official directory observed through Firecrawl on 2026-09-12; forms pages from prior source manifest unless otherwise recorded.,,False,94 district entries and 94 bankruptcy jurisdictions are tracked separately; shared websites and territorial bankruptcy jurisdiction do not imply 94 separate bankruptcy courts.,Wisconsin Eastern district court,52,0,52,84,52,0,1,0,0,32,English documents available; wider coverage unverified,Logo/seal available,05-Court-and-Judge-Assets/images/50/501c96dfde421c6a21a815dd9c7a81269181251c1ee513e31f310c1d452fd1e8.png,court_seal,https://www.wied.uscourts.gov/,Statewide source collections do not establish coverage of every county/division/judge; federal shared-site jurisdiction entries are not counts of distinct courts. Counts cover only retained English documents with supported titles. Source-link counts distinguish URLs associated with a retained file from source links without a local copy; source observations do not establish complete coverage.,light,WIED,52,0,83,,,,,,,,
FD:wiwd,United States District Court — Wisconsin Western,district,Federal,https://www.wiwd.uscourts.gov/,"[""https://www.wiwd.uscourts.gov/forms"",""https://www.wiwd.uscourts.gov/pro-se-forms"",""https://www.wiwd.uscourts.gov/contact-information"",""https://www.wiwd.uscourts.gov/federal-jury-information""]",https://www.uscourts.gov/about-federal-courts/court-role-and-structure/court-website-links,Official directory observed through Firecrawl on 2026-09-12; forms pages from prior source manifest unless otherwise recorded.,,False,94 district entries and 94 bankruptcy jurisdictions are tracked separately; shared websites and territorial bankruptcy jurisdiction do not imply 94 separate bankruptcy courts.,Wisconsin Western district court,23,0,23,47,23,0,0,0,0,24,English documents available; wider coverage unverified,Logo/seal available,05-Court-and-Judge-Assets/images/b8/b847d500b7d42944f230b4fb5b96bfe77ae498b157fe06517e607a93ee94d8ff.png,judiciary_logo,https://www.wiwd.uscourts.gov/,Statewide source collections do not establish coverage of every county/division/judge; federal shared-site jurisdiction entries are not counts of distinct courts. Counts cover only retained English documents with supported titles. Source-link counts distinguish URLs associated with a retained file from source links without a local copy; source observations do not establish complete coverage.,light,WIWD,23,0,47,,,,,,,,
FD:wyd,United States District Court — Wyoming,district,Federal,https://www.wyd.uscourts.gov/,"[""https://www.wyd.uscourts.gov/forms"",""https://www.wyd.uscourts.gov/forms/all-forms"",""https://www.wyd.uscourts.gov/jury-scam-information"",""https://www.wyd.uscourts.gov/judges-info/judge-example"",""https://www.wyd.uscourts.gov/content/judge-alan-b-johnson"",""https://www.wyd.uscourts.gov/forms/statement-rights-class"",""https://www.wyd.uscourts.gov/forms/notification-complexity"",""https://www.wyd.uscourts.gov/content/judge-nancy-d-freudenthal"",""https://www.wyd.uscourts.gov/forms/praecipe-wyoming-district-court"",""https://www.wyd.uscourts.gov/forms/statement-rights-misdemeanor-cases"",""https://www.wyd.uscourts.gov/content/magistrate-judge-stephanie-hambrick"",""https://www.wyd.uscourts.gov/forms/notice-consent-and-order-reference-%E2%80%94-exercise-jurisdiction-united-states-magistrate-judge""]",https://www.uscourts.gov/about-federal-courts/court-role-and-structure/court-website-links,Official directory observed through Firecrawl on 2026-09-12; forms pages from prior source manifest unless otherwise recorded.,,False,94 district entries and 94 bankruptcy jurisdictions are tracked separately; shared websites and territorial bankruptcy jurisdiction do not imply 94 separate bankruptcy courts.,Wyoming district court,39,20,19,77,40,0,6,0,0,37,English documents available; wider coverage unverified,Logo/seal available,05-Court-and-Judge-Assets/images/9e/9eb1a76c20fcd1cde9675d72dce1b164593dd126603598caabfb19b4a1a022b0.png,court_seal,https://www.wyd.uscourts.gov/,Statewide source collections do not establish coverage of every county/division/judge; federal shared-site jurisdiction entries are not counts of distinct courts. Counts cover only retained English documents with supported titles. Source-link counts distinguish URLs associated with a retained file from source links without a local copy; source observations do not establish complete coverage.,light,WYD,39,0,71,,,,,,,,
FS:jpml,Judicial Panel on Multidistrict Litigation,special,Federal,https://www.jpml.uscourts.gov/,"[""https://www.jpml.uscourts.gov/forms"",""https://www.jpml.uscourts.gov/rules-procedures"",""https://www.jpml.uscourts.gov/pro-se-information"",""https://www.jpml.uscourts.gov/cmecf-filing-guidelines-forms""]",https://www.jpml.uscourts.gov/forms,Official court website observed in Firecrawl search on 2026-09-12.,Specialized federal jurisdiction; not part of the 94 district-court count.,False,94 district entries and 94 bankruptcy jurisdictions are tracked separately; shared websites and territorial bankruptcy jurisdiction do not imply 94 separate bankruptcy courts.,Judicial Panel on Multidistrict Litigation,22,0,22,58,22,0,0,0,0,36,English documents available; wider coverage unverified,Logo/seal available,05-Court-and-Judge-Assets/images/ec/eca6cfb1b1b82cc64635d100d968811f9874f743e20b61dd8e038d2e3ef801d2.png,court_seal,https://www.jpml.uscourts.gov/,Statewide source collections do not establish coverage of every county/division/judge; federal shared-site jurisdiction entries are not counts of distinct courts. Counts cover only retained English documents with supported titles. Source-link counts distinguish URLs associated with a retained file from source links without a local copy; source observations do not establish complete coverage.,light,JPML,22,0,57,"{""https://www.jpml.uscourts.gov/forms"":""Official public HTML page fetched on 2026-09-12; TLS verified, robots allowed; HTTP 200"",""https://www.jpml.uscourts.gov/rules-procedures"":""Official public HTML page fetched on 2026-09-12; TLS verified, robots allowed; HTTP 200"",""https://www.jpml.uscourts.gov/cmecf-filing-guidelines-forms"":""Official public HTML page fetched on 2026-09-12; TLS verified, robots allowed; HTTP 200"",""https://www.jpml.uscourts.gov/pro-se-information"":""Official public HTML page fetched on 2026-09-12; TLS verified, robots allowed; HTTP 200""}",,,,,,,
FS:scotus,Supreme Court of the United States,special,Federal,https://www.supremecourt.gov/,"[""https://www.supremecourt.gov/filingandrules"",""https://www.supremecourt.gov/filingandrules/rules_guidance.aspx"",""https://www.supremecourt.gov/filingandrules/electronicfiling.aspx"",""https://www.supremecourt.gov/filingandrules/faq_electronicfiling.aspx""]",https://www.uscourts.gov/about-federal-courts/court-role-and-structure/court-website-links,Official directory observed through Firecrawl on 2026-09-12; forms pages from prior source manifest unless otherwise recorded.,US Courts directory supplies supremecourtus.gov; official forms search verifies current supremecourt.gov site. Case-specific docket filings excluded.,True,94 district entries and 94 bankruptcy jurisdictions are tracked separately; shared websites and territorial bankruptcy jurisdiction do not imply 94 separate bankruptcy courts.,Supreme Court,7,0,7,76,7,0,0,0,0,69,English documents available; wider coverage unverified,Text fallback,,,,Statewide source collections do not establish coverage of every county/division/judge; federal shared-site jurisdiction entries are not counts of distinct courts. Counts cover only retained English documents with supported titles. Source-link counts distinguish URLs associated with a retained file from source links without a local copy; source observations do not establish complete coverage.,light,SCOTUS,7,0,76,"{""https://www.supremecourt.gov/filingandrules"":""Official public HTML page fetched on 2026-09-12; TLS verified, robots allowed; HTTP 200"",""https://www.supremecourt.gov/filingandrules/rules_guidance.aspx"":""Official public HTML page fetched on 2026-09-12; TLS verified, robots allowed; HTTP 200"",""https://www.supremecourt.gov/filingandrules/electronicfiling.aspx"":""Official public HTML page fetched on 2026-09-12; TLS verified, robots allowed; HTTP 200"",""https://www.supremecourt.gov/filingandrules/faq_electronicfiling.aspx"":""Official public HTML page fetched on 2026-09-12; TLS verified, robots allowed; HTTP 200""}",,,,,,,
FS:cavc,United States Court of Appeals for Veterans Claims,special,Federal,https://www.uscourts.cavc.gov/,"[""https://www.uscourts.cavc.gov/forms_fees.php"",""https://www.uscourts.cavc.gov/rules_of_practice.php?fullsite=yes""]",https://www.uscourts.cavc.gov/forms_fees.php,Official court website observed in Firecrawl search on 2026-09-12.,Specialized federal jurisdiction; not part of the 94 district-court count.,False,94 district entries and 94 bankruptcy jurisdictions are tracked separately; shared websites and territorial bankruptcy jurisdiction do not imply 94 separate bankruptcy courts.,Court of Appeals for Veterans Claims,0,0,0,24,0,0,0,24,0,24,No verified English documents in the active library,Text fallback,,,,Statewide source collections do not establish coverage of every county/division/judge; federal shared-site jurisdiction entries are not counts of distinct courts. Counts cover only retained English documents with supported titles. Source-link counts distinguish URLs associated with a retained file from source links without a local copy; source observations do not establish complete coverage.,light,CAVC,0,0,0,"{""https://www.uscourts.cavc.gov/forms_fees.php"":""Official public HTML page fetched on 2026-09-12; TLS verified, robots allowed; HTTP 200"",""https://www.uscourts.cavc.gov/rules_of_practice.php?fullsite=yes"":""Official public HTML page fetched on 2026-09-12; TLS verified, robots allowed; HTTP 200""}",,,,,,,
FS:uscfc,United States Court of Federal Claims,special,Federal,https://www.uscfc.uscourts.gov/,"[""https://www.uscfc.uscourts.gov/rules"",""https://www.uscfc.uscourts.gov/rules-forms"",""https://www.uscfc.uscourts.gov/appendix-forms""]",https://www.uscfc.uscourts.gov/rules,Official court website observed in Firecrawl search on 2026-09-12.,Specialized federal jurisdiction; not part of the 94 district-court count.,False,94 district entries and 94 bankruptcy jurisdictions are tracked separately; shared websites and territorial bankruptcy jurisdiction do not imply 94 separate bankruptcy courts.,Court of Federal Claims,24,0,24,43,24,0,0,0,0,19,English documents available; wider coverage unverified,Logo/seal available,05-Court-and-Judge-Assets/images/bc/bc3cc75fb92e8a966f34087003a194b55b272a413899a01663345ff33f815793.png,court_seal,https://www.uscfc.uscourts.gov/,Statewide source collections do not establish coverage of every county/division/judge; federal shared-site jurisdiction entries are not counts of distinct courts. Counts cover only retained English documents with supported titles. Source-link counts distinguish URLs associated with a retained file from source links without a local copy; source observations do not establish complete coverage.,light,USCFC,24,0,43,"{""https://www.uscfc.uscourts.gov/rules"":""Observed in Firecrawl official-site search results, 2026-09-12"",""https://www.uscfc.uscourts.gov/rules-forms"":""Official public HTML page fetched on 2026-09-12; TLS verified, robots allowed; HTTP 200"",""https://www.uscfc.uscourts.gov/appendix-forms"":""Official public HTML page fetched on 2026-09-12; TLS verified, robots allowed; HTTP 200""}",,,,,,,
FS:cit,United States Court of International Trade,special,Federal,https://www.cit.uscourts.gov/,"[""https://www.cit.uscourts.gov/rules-and-forms""]",https://www.cit.uscourts.gov/rules-and-forms,Official court website observed in Firecrawl search on 2026-09-12.,Specialized federal jurisdiction; not part of the 94 district-court count.,False,94 district entries and 94 bankruptcy jurisdictions are tracked separately; shared websites and territorial bankruptcy jurisdiction do not imply 94 separate bankruptcy courts.,Court of International Trade,49,0,49,224,49,0,15,0,0,175,English documents available; wider coverage unverified,Logo/seal available,05-Court-and-Judge-Assets/images/8c/8c74a1df98b8d2c6fef1d262a206b9514ffa1fff95ccc05f2a9c516a3bca347f.png,court_seal,https://www.cit.uscourts.gov/,Statewide source collections do not establish coverage of every county/division/judge; federal shared-site jurisdiction entries are not counts of distinct courts. Counts cover only retained English documents with supported titles. Source-link counts distinguish URLs associated with a retained file from source links without a local copy; source observations do not establish complete coverage.,light,CIT,49,0,209,"{""https://www.cit.uscourts.gov/rules-and-forms"":""Official public HTML page fetched on 2026-09-12; TLS verified, robots allowed; HTTP 200""}",,,,,,,
FS:tax,United States Tax Court,special,Federal,https://www.ustaxcourt.gov/,"[""https://www.ustaxcourt.gov/case-related-forms/""]",https://www.ustaxcourt.gov/case-related-forms/,Official court website observed in Firecrawl search on 2026-09-12.,Specialized federal jurisdiction; not part of the 94 district-court count.,False,94 district entries and 94 bankruptcy jurisdictions are tracked separately; shared websites and territorial bankruptcy jurisdiction do not imply 94 separate bankruptcy courts.,Tax Court,254,0,254,315,256,0,0,0,0,59,English documents available; wider coverage unverified,Logo/seal available,05-Court-and-Judge-Assets/images/71/71a1ebdc4cdfebfe13c8fa2340261d9ca1d324cb8236618d185bc68db6998c00.webp,court_seal,https://www.ustaxcourt.gov/,Statewide source collections do not establish coverage of every county/division/judge; federal shared-site jurisdiction entries are not counts of distinct courts. Counts cover only retained English documents with supported titles. Source-link counts distinguish URLs associated with a retained file from source links without a local copy; source observations do not establish complete coverage.,dark,TAX,254,0,315,"{""https://www.ustaxcourt.gov/case-related-forms/"":""Official public HTML page fetched on 2026-09-12; TLS verified, robots allowed; HTTP 200""}",,,,,,,
ST:al_state,Alabama Judicial System,state,Alabama,https://judicial.alabama.gov/,"[""https://eforms.alacourt.gov/"",""https://judicial.alabama.gov/library/Forms"",""https://eforms.alacourt.gov/appellate-forms/"",""https://eforms.alacourt.gov/civil-forms/"",""https://eforms.alacourt.gov/limited-scope-representation/"",""https://eforms.alacourt.gov/local-county-forms/"",""https://eforms.alacourt.gov/motion-cover-sheet/"",""https://eforms.alacourt.gov/small-claims/""]",https://eforms.alacourt.gov/,Official page retrieved through Firecrawl; original response and link observations retained. Retrieval is not certification of current legal applicability.,Statewide or court-hosted forms index; may not cover all local courts or local forms.,,,Alabama state collection,21,0,21,32,21,0,0,0,0,11,English documents available; wider coverage unverified,Logo/seal available,05-Court-and-Judge-Assets/images/b3/b3b69ef7292551aa26b20cdb9490788622c0f1ec3995aca16abb10ad9c411748.png,judiciary_logo,https://eforms.alacourt.gov/,Statewide source collections do not establish coverage of every county/division/judge; federal shared-site jurisdiction entries are not counts of distinct courts. Counts cover only retained English documents with supported titles. Source-link counts distinguish URLs associated with a retained file from source links without a local copy; source observations do not establish complete coverage.,light,AL,21,0,32,,"[{""source_page"":""https://eforms.alacourt.gov/"",""status"":200,""evidence_file"":"".firecrawl\\scrape-al.json"",""links_observed"":2,""cached_at"":null},{""source_page"":""https://eforms.alacourt.gov/appellate-forms/"",""status"":200,""evidence_file"":"".firecrawl\\scrape-al-detail-0.json"",""links_observed"":22,""cached_at"":null},{""source_page"":""https://eforms.alacourt.gov/civil-forms/"",""status"":200,""evidence_file"":"".firecrawl\\scrape-al-detail-1.json"",""links_observed"":0,""cached_at"":null},{""source_page"":""https://eforms.alacourt.gov/limited-scope-representation/"",""status"":200,""evidence_file"":"".firecrawl\\scrape-al-detail-2.json"",""links_observed"":3,""cached_at"":null},{""source_page"":""https://eforms.alacourt.gov/local-county-forms/"",""status"":200,""evidence_file"":"".firecrawl\\scrape-al-detail-3.json"",""links_observed"":0,""cached_at"":null},{""source_page"":""https://eforms.alacourt.gov/motion-cover-sheet/"",""status"":200,""evidence_file"":"".firecrawl\\scrape-al-detail-4.json"",""links_observed"":1,""cached_at"":null},{""source_page"":""https://eforms.alacourt.gov/small-claims/"",""status"":200,""evidence_file"":"".firecrawl\\scrape-al-detail-5.json"",""links_observed"":6,""cached_at"":null},{""source_page"":""https://eforms.alacourt.gov/"",""status"":200,""evidence_file"":"".firecrawl\\scrape-al-full.json"",""links_observed"":26,""cached_at"":""2026-09-12T23:47:21.627Z""}]",Official statewide/judiciary form directories and selected observed child pages; not exhaustive local county/city court or judge-specific coverage.,Canonical judiciary/portal identity checked separately from the forms-service publisher; see .firecrawl/search-al-home.json and search-al.json.,,,,
ST:ak_state,Alaska Courts,state,Alaska,https://courts.alaska.gov/,"[""https://courts.alaska.gov/forms/index.htm""]",https://courts.alaska.gov/forms/index.htm,Official page retrieved through Firecrawl; original response and link observations retained. Retrieval is not certification of current legal applicability.,Statewide or court-hosted forms index; may not cover all local courts or local forms.,,,Alaska state collection,50,0,50,2015,50,5,1,0,0,1965,English documents available; wider coverage unverified,Logo/seal available,05-Court-and-Judge-Assets/images/e6/e628105da8aa8d27ce6e7d93bf44a358a746bfb95076102600d66f15ab58fc52.png,judiciary_logo,https://courts.alaska.gov/,Statewide source collections do not establish coverage of every county/division/judge; federal shared-site jurisdiction entries are not counts of distinct courts. Counts cover only retained English documents with supported titles. Source-link counts distinguish URLs associated with a retained file from source links without a local copy; source observations do not establish complete coverage.,light,AK,50,0,2009,,"[{""source_page"":""https://courts.alaska.gov/forms/index.htm"",""status"":200,""evidence_file"":"".firecrawl\\scrape-ak.json"",""links_observed"":709,""cached_at"":null}]",Official statewide/judiciary form directories and selected observed child pages; not exhaustive local county/city court or judge-specific coverage.,,,,,
ST:az_state,Arizona Courts,state,Arizona,https://www.azcourts.gov/,"[""https://www.azcourts.gov/selfservicecenter/forms""]",https://www.azcourts.gov/selfservicecenter/forms,Official page retrieved through Firecrawl; original response and link observations retained. Retrieval is not certification of current legal applicability.,Statewide or court-hosted forms index; may not cover all local courts or local forms.,,,Arizona state collection,6,0,6,35,6,0,4,0,0,29,English documents available; wider coverage unverified,Logo/seal available,05-Court-and-Judge-Assets/images/da/dac1c54b92d0c3aac86da3a106aa3b096e0a5e6f874fcf901fac9c83b0b11fda.webp,judiciary_logo,https://www.azcourts.gov/,Statewide source collections do not establish coverage of every county/division/judge; federal shared-site jurisdiction entries are not counts of distinct courts. Counts cover only retained English documents with supported titles. Source-link counts distinguish URLs associated with a retained file from source links without a local copy; source observations do not establish complete coverage.,light,AZ,6,0,31,,"[{""source_page"":""https://www.azcourts.gov/selfservicecenter/forms"",""status"":200,""evidence_file"":"".firecrawl\\scrape-az.json"",""links_observed"":24,""cached_at"":null}]",Official statewide/judiciary form directories and selected observed child pages; not exhaustive local county/city court or judge-specific coverage.,,,,,
ST:ar_state,Arkansas Courts,state,Arkansas,https://arcourts.gov/,"[""https://arcourts.gov/forms-and-publications/court-forms""]",https://arcourts.gov/forms-and-publications/court-forms,Official page retrieved through Firecrawl; original response and link observations retained. Retrieval is not certification of current legal applicability.,Statewide or court-hosted forms index; may not cover all local courts or local forms.,,,Arkansas state collection,169,12,157,280,174,0,2,0,0,106,English documents available; wider coverage unverified,Logo/seal available,05-Court-and-Judge-Assets/images/11/11c6ab852410e75610fbdac950b78b5a31a81727cb78dead561adbca2fe6b573.png,judiciary_logo,https://arcourts.gov/,Statewide source collections do not establish coverage of every county/division/judge; federal shared-site jurisdiction entries are not counts of distinct courts. Counts cover only retained English documents with supported titles. Source-link counts distinguish URLs associated with a retained file from source links without a local copy; source observations do not establish complete coverage.,dark,AR,169,0,278,,"[{""source_page"":""https://arcourts.gov/forms-and-publications/court-forms"",""status"":200,""evidence_file"":"".firecrawl\\scrape-ar.json"",""links_observed"":213,""cached_at"":null}]",Official statewide/judiciary form directories and selected observed child pages; not exhaustive local county/city court or judge-specific coverage.,,,,,
ST:ca_state,California Courts,state,California,https://courts.ca.gov/,"[""https://courts.ca.gov/forms-rules/court-forms""]",https://courts.ca.gov/forms-rules/court-forms,Official page retrieved through Firecrawl; original response and link observations retained. Retrieval is not certification of current legal applicability.,Statewide or court-hosted forms index; may not cover all local courts or local forms.,,,California state collection,123,0,123,214,118,9,0,0,0,96,English documents available; wider coverage unverified,Logo/seal available,05-Court-and-Judge-Assets/images/0b/0b97139a466196760dcf3aec7276543fd1239d719b133b5dbeb021213038d8e8.svg,judiciary_logo,https://courts.ca.gov/,Statewide source collections do not establish coverage of every county/division/judge; federal shared-site jurisdiction entries are not counts of distinct courts. Counts cover only retained English documents with supported titles. Source-link counts distinguish URLs associated with a retained file from source links without a local copy; source observations do not establish complete coverage.,light,CA,123,0,203,,"[{""source_page"":""https://courts.ca.gov/forms-rules/court-forms"",""status"":200,""evidence_file"":"".firecrawl\\scrape-ca.json"",""links_observed"":32,""cached_at"":null}]",Official statewide/judiciary form directories and selected observed child pages; not exhaustive local county/city court or judge-specific coverage.,,,,,
ST:co_state,Colorado Courts,state,Colorado,https://www.coloradojudicial.gov/,"[""https://www.coloradojudicial.gov/self-help-forms""]",https://www.coloradojudicial.gov/self-help-forms,Official page retrieved through Firecrawl; original response and link observations retained. Retrieval is not certification of current legal applicability.,Statewide or court-hosted forms index; may not cover all local courts or local forms.,,,Colorado state collection,79,37,42,535,81,0,1,0,0,454,English documents available; wider coverage unverified,Logo/seal available,05-Court-and-Judge-Assets/images/0d/0d1d59aaadc5c5824c7d531edc478c3e74a65ca6db6752056af220316276913f.png,judiciary_logo,https://www.coloradojudicial.gov/,Statewide source collections do not establish coverage of every county/division/judge; federal shared-site jurisdiction entries are not counts of distinct courts. Counts cover only retained English documents with supported titles. Source-link counts distinguish URLs associated with a retained file from source links without a local copy; source observations do not establish complete coverage.,light,CO,79,0,534,,"[{""source_page"":""https://www.coloradojudicial.gov/self-help-forms"",""status"":200,""evidence_file"":"".firecrawl\\scrape-co.json"",""links_observed"":42,""cached_at"":""2026-09-12T04:26:14.474Z""}]",Official statewide/judiciary form directories and selected observed child pages; not exhaustive local county/city court or judge-specific coverage.,,,,,
ST:ct_state,Connecticut Courts,state,Connecticut,https://www.jud.ct.gov/,"[""https://www.jud.ct.gov/webforms/"",""https://www.jud.ct.gov/webforms/default.aspx?load_catg=Civil#searchTable""]",https://www.jud.ct.gov/webforms/,Official page retrieved through Firecrawl; original response and link observations retained. Retrieval is not certification of current legal applicability.,Statewide or court-hosted forms index; may not cover all local courts or local forms.,,,Connecticut state collection,0,0,0,152,0,0,0,152,0,152,No verified English documents in the active library,Text fallback,,,,Statewide source collections do not establish coverage of every county/division/judge; federal shared-site jurisdiction entries are not counts of distinct courts. Counts cover only retained English documents with supported titles. Source-link counts distinguish URLs associated with a retained file from source links without a local copy; source observations do not establish complete coverage.,light,CT,0,0,0,,"[{""source_page"":""https://www.jud.ct.gov/webforms/default.aspx?load_catg=Civil#searchTable"",""status"":200,""evidence_file"":"".firecrawl\\scrape-ct-civil.json"",""links_observed"":307,""cached_at"":null},{""source_page"":""https://www.jud.ct.gov/webforms/"",""status"":200,""evidence_file"":"".firecrawl\\scrape-ct.json"",""links_observed"":165,""cached_at"":null}]",Official statewide/judiciary form directories and selected observed child pages; not exhaustive local county/city court or judge-specific coverage.,,,,,
ST:de_state,Delaware Courts,state,Delaware,https://courts.delaware.gov/,"[""https://courts.delaware.gov/forms/""]",https://courts.delaware.gov/forms/,Official page retrieved through Firecrawl; original response and link observations retained. Retrieval is not certification of current legal applicability.,Statewide or court-hosted forms index; may not cover all local courts or local forms.,,,Delaware state collection,5,3,2,27,5,0,2,0,0,22,English documents available; wider coverage unverified,Logo/seal available,05-Court-and-Judge-Assets/images/ce/ce7e69ec17fd033ddcb1c073b338bc2c69d4dedb66a6df6f89fd85a3fd67491e.jpg,judiciary_logo,https://courts.delaware.gov/,Statewide source collections do not establish coverage of every county/division/judge; federal shared-site jurisdiction entries are not counts of distinct courts. Counts cover only retained English documents with supported titles. Source-link counts distinguish URLs associated with a retained file from source links without a local copy; source observations do not establish complete coverage.,light,DE,5,0,25,,"[{""source_page"":""https://courts.delaware.gov/forms/"",""status"":200,""evidence_file"":"".firecrawl\\scrape-de.json"",""links_observed"":65,""cached_at"":null}]",Official statewide/judiciary form directories and selected observed child pages; not exhaustive local county/city court or judge-specific coverage.,,,,,
ST:dc_state,District of Columbia Courts,state,District of Columbia,https://www.dccourts.gov/,"[""https://www.dccourts.gov/court-resources/search-forms"",""https://www.dccourts.gov/court-resources/search-forms/general-forms-con-pro-se-motion-and-order-0"",""https://www.dccourts.gov/court-resources/search-forms/general-forms-con-foreign-subpoena-0"",""https://www.dccourts.gov/court-resources/search-forms/general-forms-gdn-motion-leave-late-file-petition-compensation"",""https://www.dccourts.gov/court-resources/search-forms/civil-actions-request-file-foreign-judgment"",""https://www.dccourts.gov/court-resources/search-forms/general-forms-adm-pro-se-motion-and-order"",""https://www.dccourts.gov/court-resources/search-forms/general-forms-con-motion-leave-late-file-petition-compensation-0"",""https://www.dccourts.gov/court-resources/search-forms/general-forms-con-pro-se-motion-and-order"",""https://www.dccourts.gov/court-resources/search-forms/general-forms-adm-pro-se-motion-and-order-0"",""https://www.dccourts.gov/court-resources/search-forms/form-1s-summons-appear-court-and-notice-of-hearing"",""https://www.dccourts.gov/court-resources/search-forms/general-forms-adm-foreign-subpoena-0"",""https://www.dccourts.gov/court-resources/search-forms/general-forms-int-pro-se-motion-vacate-and-order"",""https://www.dccourts.gov/court-resources/search-forms/general-forms-gdn-pro-se-motion-and-order""]",https://www.dccourts.gov/court-resources/search-forms,Official page retrieved through Firecrawl; original response and link observations retained. Retrieval is not certification of current legal applicability.,Statewide or court-hosted forms index; may not cover all local courts or local forms.,,,District of Columbia state collection,0,0,0,122,0,121,1,0,0,122,No verified English documents in the active library,Text fallback,,,,Statewide source collections do not establish coverage of every county/division/judge; federal shared-site jurisdiction entries are not counts of distinct courts. Counts cover only retained English documents with supported titles. Source-link counts distinguish URLs associated with a retained file from source links without a local copy; source observations do not establish complete coverage.,light,DC,0,0,0,,"[{""source_page"":""https://www.dccourts.gov/court-resources/search-forms"",""status"":200,""evidence_file"":"".firecrawl\\scrape-dc.json"",""links_observed"":8,""cached_at"":null},{""source_page"":""https://www.dccourts.gov/court-resources/search-forms"",""status"":200,""evidence_file"":"".firecrawl\\scrape-dc-full.json"",""links_observed"":196,""cached_at"":""2026-09-12T23:48:46.793Z""},{""source_page"":""https://www.dccourts.gov/court-resources/search-forms/general-forms-con-pro-se-motion-and-order-0"",""status"":200,""evidence_file"":"".firecrawl\\scrape-dc-detail-0.json"",""links_observed"":2,""cached_at"":null},{""source_page"":""https://www.dccourts.gov/court-resources/search-forms/general-forms-con-foreign-subpoena-0"",""status"":200,""evidence_file"":"".firecrawl\\scrape-dc-detail-1.json"",""links_observed"":1,""cached_at"":null},{""source_page"":""https://www.dccourts.gov/court-resources/search-forms/general-forms-gdn-motion-leave-late-file-petition-compensation"",""status"":200,""evidence_file"":"".firecrawl\\scrape-dc-detail-10.json"",""links_observed"":1,""cached_at"":null},{""source_page"":""https://www.dccourts.gov/court-resources/search-forms/civil-actions-request-file-foreign-judgment"",""status"":200,""evidence_file"":"".firecrawl\\scrape-dc-detail-11.json"",""links_observed"":1,""cached_at"":null},{""source_page"":""https://www.dccourts.gov/court-resources/search-forms/general-forms-adm-pro-se-motion-and-order"",""status"":200,""evidence_file"":"".firecrawl\\scrape-dc-detail-2.json"",""links_observed"":2,""cached_at"":null},{""source_page"":""https://www.dccourts.gov/court-resources/search-forms/general-forms-con-motion-leave-late-file-petition-compensation-0"",""status"":200,""evidence_file"":"".firecrawl\\scrape-dc-detail-3.json"",""links_observed"":1,""cached_at"":null},{""source_page"":""https://www.dccourts.gov/court-resources/search-forms/general-forms-con-pro-se-motion-and-order"",""status"":200,""evidence_file"":"".firecrawl\\scrape-dc-detail-4.json"",""links_observed"":2,""cached_at"":null},{""source_page"":""https://www.dccourts.gov/court-resources/search-forms/general-forms-adm-pro-se-motion-and-order-0"",""status"":200,""evidence_file"":"".firecrawl\\scrape-dc-detail-5.json"",""links_observed"":2,""cached_at"":null},{""source_page"":""https://www.dccourts.gov/court-resources/search-forms/form-1s-summons-appear-court-and-notice-of-hearing"",""status"":200,""evidence_file"":"".firecrawl\\scrape-dc-detail-6.json"",""links_observed"":2,""cached_at"":null},{""source_page"":""https://www.dccourts.gov/court-resources/search-forms/general-forms-adm-foreign-subpoena-0"",""status"":200,""evidence_file"":"".firecrawl\\scrape-dc-detail-7.json"",""links_observed"":1,""cached_at"":null},{""source_page"":""https://www.dccourts.gov/court-resources/search-forms/general-forms-int-pro-se-motion-vacate-and-order"",""status"":200,""evidence_file"":"".firecrawl\\scrape-dc-detail-8.json"",""links_observed"":1,""cached_at"":null},{""source_page"":""https://www.dccourts.gov/court-resources/search-forms/general-forms-gdn-pro-se-motion-and-order"",""status"":200,""evidence_file"":"".firecrawl\\scrape-dc-detail-9.json"",""links_observed"":2,""cached_at"":null}]",Official statewide/judiciary form directories and selected observed child pages; not exhaustive local county/city court or judge-specific coverage.,,,,,
ST:fl_state,Florida Courts,state,Florida,https://www.flcourts.gov/,"[""https://www.flcourts.gov/Courts-System/florida-courts-help/get-started/find-a-form"",""https://www.flcourts.gov/Services/family-courts/domestic-relations-court-resources/family-law-forms""]",https://www.flcourts.gov/Courts-System/florida-courts-help/get-started/find-a-form,Official page retrieved through Firecrawl; original response and link observations retained. Retrieval is not certification of current legal applicability.,Statewide or court-hosted forms index; may not cover all local courts or local forms.,,,Florida state collection,0,0,0,1,0,0,0,0,0,1,No verified English documents in the active library,Text fallback,,,,Statewide source collections do not establish coverage of every county/division/judge; federal shared-site jurisdiction entries are not counts of distinct courts. Counts cover only retained English documents with supported titles. Source-link counts distinguish URLs associated with a retained file from source links without a local copy; source observations do not establish complete coverage.,light,FL,0,0,1,,"[{""source_page"":""https://www.flcourts.gov/Courts-System/florida-courts-help/get-started/find-a-form"",""status"":200,""evidence_file"":"".firecrawl\\scrape-fl.json"",""links_observed"":9,""cached_at"":null}]",Official statewide/judiciary form directories and selected observed child pages; not exhaustive local county/city court or judge-specific coverage.,,,,,
ST:ga_state,Georgia Courts,state,Georgia,https://georgiacourts.gov/,"[""https://www.gasupreme.us/superior-court-standard-forms/"",""https://georgiacourts.gov/forms-and-records/""]",https://www.gasupreme.us/superior-court-standard-forms/,Official page retrieved through Firecrawl; original response and link observations retained. Retrieval is not certification of current legal applicability.,Statewide or court-hosted forms index; may not cover all local courts or local forms.,,,Georgia state collection,0,0,0,44,0,43,0,0,0,44,No verified English documents in the active library,Text fallback,,,,Statewide source collections do not establish coverage of every county/division/judge; federal shared-site jurisdiction entries are not counts of distinct courts. Counts cover only retained English documents with supported titles. Source-link counts distinguish URLs associated with a retained file from source links without a local copy; source observations do not establish complete coverage.,light,GA,0,0,1,,"[{""source_page"":""https://www.gasupreme.us/superior-court-standard-forms/"",""status"":200,""evidence_file"":"".firecrawl\\scrape-ga.json"",""links_observed"":46,""cached_at"":null}]",Official statewide/judiciary form directories and selected observed child pages; not exhaustive local county/city court or judge-specific coverage.,Canonical judiciary/portal identity checked separately from the forms-service publisher; see .firecrawl/search-ga-home.json and search-ga.json.,,,,
ST:hi_state,Hawaii Courts,state,Hawaii,https://www.courts.state.hi.us/,"[""https://www.courts.state.hi.us/self-help/courts/forms/court_forms""]",https://www.courts.state.hi.us/self-help/courts/forms/court_forms,Official page retrieved through Firecrawl; original response and link observations retained. Retrieval is not certification of current legal applicability.,Statewide or court-hosted forms index; may not cover all local courts or local forms.,,,Hawaii state collection,12,0,12,74,12,0,0,0,0,62,English documents available; wider coverage unverified,Logo/seal available,05-Court-and-Judge-Assets/images/cc/cc2f65e3872cce95378c4cfe53d152e816ee609b6140b04176a0c6bace7744d6.png,judiciary_logo,https://www.courts.state.hi.us/,Statewide source collections do not establish coverage of every county/division/judge; federal shared-site jurisdiction entries are not counts of distinct courts. Counts cover only retained English documents with supported titles. Source-link counts distinguish URLs associated with a retained file from source links without a local copy; source observations do not establish complete coverage.,light,HI,12,0,74,,"[{""source_page"":""https://www.courts.state.hi.us/self-help/courts/forms/court_forms"",""status"":200,""evidence_file"":"".firecrawl\\scrape-hi.json"",""links_observed"":43,""cached_at"":""2026-09-11T23:25:02.467Z""}]",Official statewide/judiciary form directories and selected observed child pages; not exhaustive local county/city court or judge-specific coverage.,,,,,
ST:id_state,Idaho Judicial Branch,state,Idaho,https://isc.idaho.gov/,"[""https://courtselfhelp.idaho.gov/Forms""]",https://courtselfhelp.idaho.gov/Forms,Official page retrieved through Firecrawl; original response and link observations retained. Retrieval is not certification of current legal applicability.,Statewide or court-hosted forms index; may not cover all local courts or local forms.,,,Idaho state collection,0,0,0,556,0,0,9,0,0,556,No verified English documents in the active library,Logo/seal available,05-Court-and-Judge-Assets/images/e8/e865e8ca74ce26b0f60d00f16756a4a3fcdcd7e0a57eba858910f8494308027c.svg,judiciary_logo,https://isc.idaho.gov/,Statewide source collections do not establish coverage of every county/division/judge; federal shared-site jurisdiction entries are not counts of distinct courts. Counts cover only retained English documents with supported titles. Source-link counts distinguish URLs associated with a retained file from source links without a local copy; source observations do not establish complete coverage.,light,ID,0,0,547,,"[{""source_page"":""https://courtselfhelp.idaho.gov/Forms"",""status"":200,""evidence_file"":"".firecrawl\\scrape-id.json"",""links_observed"":566,""cached_at"":""2026-09-12T20:48:21.338Z""}]",Official statewide/judiciary form directories and selected observed child pages; not exhaustive local county/city court or judge-specific coverage.,Canonical judiciary/portal identity checked separately from the forms-service publisher; see .firecrawl/search-id-home.json and search-id.json.,,,,
ST:il_state,Illinois Courts,state,Illinois,https://www.illinoiscourts.gov/,"[""https://www.illinoiscourts.gov/documents-and-forms/approved-forms/""]",https://www.illinoiscourts.gov/documents-and-forms/approved-forms/,Official page retrieved through Firecrawl; original response and link observations retained. Retrieval is not certification of current legal applicability.,Statewide or court-hosted forms index; may not cover all local courts or local forms.,,,Illinois state collection,307,0,307,796,155,1,3,0,0,641,English documents available; wider coverage unverified,Logo/seal available,05-Court-and-Judge-Assets/images/bb/bb3d34eb6354b54a1e30b91820b3dcd776aa592b32d7cee021ab3ed23e25db66.svg,judiciary_logo,https://www.illinoiscourts.gov/,Statewide source collections do not establish coverage of every county/division/judge; federal shared-site jurisdiction entries are not counts of distinct courts. Counts cover only retained English documents with supported titles. Source-link counts distinguish URLs associated with a retained file from source links without a local copy; source observations do not establish complete coverage.,light,IL,307,0,792,,"[{""source_page"":""https://www.illinoiscourts.gov/documents-and-forms/approved-forms/"",""status"":200,""evidence_file"":"".firecrawl\\scrape-il.json"",""links_observed"":93,""cached_at"":""2026-09-12T16:26:08.819Z""}]",Official statewide/judiciary form directories and selected observed child pages; not exhaustive local county/city court or judge-specific coverage.,,,,,
ST:in_state,Indiana Judicial Branch,state,Indiana,https://www.in.gov/courts/,"[""https://www.in.gov/courts/publications/forms/""]",https://www.in.gov/courts/publications/forms/,Official page retrieved through Firecrawl; original response and link observations retained. Retrieval is not certification of current legal applicability.,Statewide or court-hosted forms index; may not cover all local courts or local forms.,,,Indiana state collection,43,32,11,61,43,0,0,0,0,18,English documents available; wider coverage unverified,Logo/seal available,05-Court-and-Judge-Assets/images/91/91a34e26ee1b1ba922a01c410cecb9937a27e7b17a1b5682028126523ddd1c6b.png,judiciary_logo,https://www.in.gov/courts/,Statewide source collections do not establish coverage of every county/division/judge; federal shared-site jurisdiction entries are not counts of distinct courts. Counts cover only retained English documents with supported titles. Source-link counts distinguish URLs associated with a retained file from source links without a local copy; source observations do not establish complete coverage.,light,IN,43,0,61,,"[{""source_page"":""https://www.in.gov/courts/publications/forms/"",""status"":200,""evidence_file"":"".firecrawl\\scrape-in.json"",""links_observed"":106,""cached_at"":""2026-09-11T18:48:42.055Z""}]",Official statewide/judiciary form directories and selected observed child pages; not exhaustive local county/city court or judge-specific coverage.,Canonical judiciary/portal identity checked separately from the forms-service publisher; see .firecrawl/search-in-home.json and search-in.json.,,,,
ST:ia_state,Iowa Courts,state,Iowa,https://www.iowacourts.gov/,"[""https://www.iowacourts.gov/for-the-public/court-forms""]",https://www.iowacourts.gov/for-the-public/court-forms,Official page retrieved through Firecrawl; original response and link observations retained. Retrieval is not certification of current legal applicability.,Statewide or court-hosted forms index; may not cover all local courts or local forms.,,,Iowa state collection,26,2,24,70,27,0,0,0,0,43,English documents available; wider coverage unverified,Logo/seal available,05-Court-and-Judge-Assets/images/77/775c1ce1f42430b9860a03bf3d97bca1f6c91a10c4a2e0b2e82d7fcb933035e0.svg,judiciary_logo,https://www.iowacourts.gov/,Statewide source collections do not establish coverage of every county/division/judge; federal shared-site jurisdiction entries are not counts of distinct courts. Counts cover only retained English documents with supported titles. Source-link counts distinguish URLs associated with a retained file from source links without a local copy; source observations do not establish complete coverage.,light,IA,26,0,70,,"[{""source_page"":""https://www.iowacourts.gov/for-the-public/court-forms"",""status"":200,""evidence_file"":"".firecrawl\\scrape-ia.json"",""links_observed"":8,""cached_at"":null}]",Official statewide/judiciary form directories and selected observed child pages; not exhaustive local county/city court or judge-specific coverage.,,,,,
ST:ks_state,Kansas Judicial Branch,state,Kansas,https://kscourts.gov/,"[""https://www.kjc.ks.gov/legal-forms"",""https://self-help.kscourts.gov/FindCourtForms""]",https://self-help.kscourts.gov/FindCourtForms,Official page retrieved through Firecrawl; original response and link observations retained. Retrieval is not certification of current legal applicability.,Kansas Judicial Branch and Judicial Council are distinct sources. Only kjc.ks.gov Council form links carry the explicit non-commercial restriction here; independently published Judicial Branch documents are assessed separately.,,,Kansas state collection,1,0,1,3,1,0,0,0,0,2,English documents available; wider coverage unverified,Logo/seal available,05-Court-and-Judge-Assets/images/2d/2dcb2243a8ab83b9497a529c55e49411b2cf7b94bad3b57ad0ea320215e34673.png,judiciary_logo,https://kscourts.gov/,Statewide source collections do not establish coverage of every county/division/judge; federal shared-site jurisdiction entries are not counts of distinct courts. Counts cover only retained English documents with supported titles. Source-link counts distinguish URLs associated with a retained file from source links without a local copy; source observations do not establish complete coverage.,dark,KS,1,0,3,,"[{""source_page"":""https://www.kjc.ks.gov/legal-forms"",""status"":200,""evidence_file"":"".firecrawl\\scrape-ks.json"",""links_observed"":0,""cached_at"":""2026-09-12T21:00:03.206Z""},{""source_page"":""https://self-help.kscourts.gov/FindCourtForms"",""status"":200,""evidence_file"":"".firecrawl\\scrape-ks-branch.json"",""links_observed"":21,""cached_at"":null}]",Official statewide/judiciary form directories and selected observed child pages; not exhaustive local county/city court or judge-specific coverage.,,mixed_source,"[{""domain"":""kjc.ks.gov"",""download_policy"":""reference_only"",""reason"":""Kansas Judicial Council forms have an explicit non-commercial reuse restriction; not generalized to other Kansas Judicial Branch sources.""}]",,
ST:ky_state,Kentucky Courts,state,Kentucky,https://www.kycourts.gov/,"[""https://www.kycourts.gov/Legal-Forms/Pages/default.aspx""]",https://www.kycourts.gov/Legal-Forms/Pages/default.aspx,Official page retrieved through Firecrawl; original response and link observations retained. Retrieval is not certification of current legal applicability.,Statewide or court-hosted forms index; may not cover all local courts or local forms.,,,Kentucky state collection,44,0,44,1000,44,0,0,0,0,956,English documents available; wider coverage unverified,Logo/seal available,05-Court-and-Judge-Assets/images/1b/1b7effdf5dfec0de265638e87753a78a6806bee3e87715eecb20d1d53684e376.png,judiciary_logo,https://www.kycourts.gov/Pages/index.aspx,Statewide source collections do not establish coverage of every county/division/judge; federal shared-site jurisdiction entries are not counts of distinct courts. Counts cover only retained English documents with supported titles. Source-link counts distinguish URLs associated with a retained file from source links without a local copy; source observations do not establish complete coverage.,light,KY,44,0,1000,,"[{""source_page"":""https://www.kycourts.gov/Legal-Forms/Pages/default.aspx"",""status"":200,""evidence_file"":"".firecrawl\\scrape-ky.json"",""links_observed"":38,""cached_at"":null}]",Official statewide/judiciary form directories and selected observed child pages; not exhaustive local county/city court or judge-specific coverage.,,,,,
ST:la_state,Louisiana Courts,state,Louisiana,https://www.lasc.org/,"[""https://www.lasc.org/LPOR-Forms""]",https://www.lasc.org/LPOR-Forms,Official page retrieved through Firecrawl; original response and link observations retained. Retrieval is not certification of current legal applicability.,Statewide collection identified here is protective-order forms. Other civil forms are decentralized across district courts; broader state coverage remains a gap.,,,Louisiana state collection,0,0,0,0,0,0,0,0,0,0,No verified English documents in the active library,Site icon only,05-Court-and-Judge-Assets/images/8f/8fb8fd95309d9292ccd9b70ec687a02e2519c8bb95af5296873f270a5de19eac.png,favicon,https://www.lasc.org/,Statewide source collections do not establish coverage of every county/division/judge; federal shared-site jurisdiction entries are not counts of distinct courts. Counts cover only retained English documents with supported titles. Source-link counts distinguish URLs associated with a retained file from source links without a local copy; source observations do not establish complete coverage.,light,LA,0,0,0,,"[{""source_page"":""https://www.lasc.org/LPOR-Forms"",""status"":200,""evidence_file"":"".firecrawl\\scrape-la.json"",""links_observed"":0,""cached_at"":null},{""source_page"":""https://www.lasc.org/LPOR-Forms"",""status"":200,""evidence_file"":"".firecrawl\\scrape-la-full.json"",""links_observed"":22,""cached_at"":""2026-09-12T23:47:33.622Z""}]",Official statewide/judiciary form directories and selected observed child pages; not exhaustive local county/city court or judge-specific coverage.,,,,,
ST:me_state,Maine Courts,state,Maine,https://www.courts.maine.gov/,"[""https://www.courts.maine.gov/forms/index.html""]",https://www.courts.maine.gov/forms/index.html,Official page retrieved through Firecrawl; original response and link observations retained. Retrieval is not certification of current legal applicability.,Statewide or court-hosted forms index; may not cover all local courts or local forms.,,,Maine state collection,11,0,11,864,11,0,13,0,0,853,English documents available; wider coverage unverified,Logo/seal available,05-Court-and-Judge-Assets/images/75/758c3ff9e34530784fa233d41c82ec88f75259bd90474e0c991a7acf5115d240.png,judiciary_logo,https://www.courts.maine.gov/,Statewide source collections do not establish coverage of every county/division/judge; federal shared-site jurisdiction entries are not counts of distinct courts. Counts cover only retained English documents with supported titles. Source-link counts distinguish URLs associated with a retained file from source links without a local copy; source observations do not establish complete coverage.,light,ME,11,0,851,,"[{""source_page"":""https://www.courts.maine.gov/forms/index.html"",""status"":200,""evidence_file"":"".firecrawl\\scrape-me.json"",""links_observed"":46,""cached_at"":null}]",Official statewide/judiciary form directories and selected observed child pages; not exhaustive local county/city court or judge-specific coverage.,,,,,
ST:md_state,Maryland Courts,state,Maryland,https://www.courts.state.md.us/,"[""https://www.courts.state.md.us/forms""]",https://www.courts.state.md.us/forms,Official page retrieved through Firecrawl; original response and link observations retained. Retrieval is not certification of current legal applicability.,Statewide or court-hosted forms index; may not cover all local courts or local forms.,,,Maryland state collection,19,0,19,391,20,0,0,1,0,371,English documents available; wider coverage unverified,Logo/seal available,05-Court-and-Judge-Assets/images/d4/d423fa42bd7d69137cc4280b96ae18116cf678fd98f1c5c28b2715fdce65ff83.png,judiciary_logo,https://www.mdcourts.gov/,Statewide source collections do not establish coverage of every county/division/judge; federal shared-site jurisdiction entries are not counts of distinct courts. Counts cover only retained English documents with supported titles. Source-link counts distinguish URLs associated with a retained file from source links without a local copy; source observations do not establish complete coverage.,dark,MD,19,0,390,,"[{""source_page"":""https://www.courts.state.md.us/forms"",""status"":200,""evidence_file"":"".firecrawl\\scrape-md.json"",""links_observed"":6,""cached_at"":null}]",Official statewide/judiciary form directories and selected observed child pages; not exhaustive local county/city court or judge-specific coverage.,,,,,
ST:ma_state,Massachusetts Court System,state,Massachusetts,https://www.mass.gov/orgs/massachusetts-court-system,"[""https://www.mass.gov/lists/court-forms-for-civil-matters""]",https://www.mass.gov/lists/court-forms-for-civil-matters,Official page retrieved through Firecrawl; original response and link observations retained. Retrieval is not certification of current legal applicability.,Statewide or court-hosted forms index; may not cover all local courts or local forms.,,,Massachusetts state collection,0,0,0,106,0,106,0,0,0,106,No verified English documents in the active library,Text fallback,,,,Statewide source collections do not establish coverage of every county/division/judge; federal shared-site jurisdiction entries are not counts of distinct courts. Counts cover only retained English documents with supported titles. Source-link counts distinguish URLs associated with a retained file from source links without a local copy; source observations do not establish complete coverage.,light,MA,0,0,0,,"[{""source_page"":""https://www.mass.gov/lists/court-forms-for-civil-matters"",""status"":200,""evidence_file"":"".firecrawl\\scrape-ma.json"",""links_observed"":136,""cached_at"":null}]",Official statewide/judiciary form directories and selected observed child pages; not exhaustive local county/city court or judge-specific coverage.,Canonical judiciary/portal identity checked separately from the forms-service publisher; see .firecrawl/search-ma-home.json and search-ma.json.,,,,
ST:mi_state,Michigan Courts,state,Michigan,https://www.courts.michigan.gov/,"[""https://www.courts.michigan.gov/scao-forms/"",""https://www.courts.michigan.gov/SCAO-forms/circuit-court-forms/"",""https://www.courts.michigan.gov/SCAO-forms/General-Civil-forms/""]",https://www.courts.michigan.gov/scao-forms/,Official page retrieved through Firecrawl; original response and link observations retained. Retrieval is not certification of current legal applicability.,Statewide or court-hosted forms index; may not cover all local courts or local forms.,,,Michigan state collection,0,0,0,130,0,130,0,0,0,130,No verified English documents in the active library,Text fallback,,,,Statewide source collections do not establish coverage of every county/division/judge; federal shared-site jurisdiction entries are not counts of distinct courts. Counts cover only retained English documents with supported titles. Source-link counts distinguish URLs associated with a retained file from source links without a local copy; source observations do not establish complete coverage.,light,MI,0,0,0,,"[{""source_page"":""https://www.courts.michigan.gov/SCAO-forms/circuit-court-forms/"",""status"":200,""evidence_file"":"".firecrawl\\scrape-mi-circuit.json"",""links_observed"":149,""cached_at"":""2026-09-12T22:29:02.606Z""},{""source_page"":""https://www.courts.michigan.gov/SCAO-forms/General-Civil-forms/"",""status"":200,""evidence_file"":"".firecrawl\\scrape-mi-civil.json"",""links_observed"":100,""cached_at"":null},{""source_page"":""https://www.courts.michigan.gov/scao-forms/"",""status"":200,""evidence_file"":"".firecrawl\\scrape-mi.json"",""links_observed"":68,""cached_at"":null}]",Official statewide/judiciary form directories and selected observed child pages; not exhaustive local county/city court or judge-specific coverage.,,,,,
ST:mn_state,Minnesota Courts,state,Minnesota,https://mncourts.gov/,"[""https://mncourts.gov/getforms"",""https://mncourts.gov/getforms/appeals"",""https://mncourts.gov/getforms/civil"",""https://mncourts.gov/getforms/confidential-information"",""https://mncourts.gov/getforms/judgment-enforcement"",""https://mncourts.gov/getforms/service-of-process"",""https://mncourts.gov/getforms/subpoena"",""https://mncourts.gov/getforms/civil/form-civ901-instructions-exhibit-list-and-list-of-supporting-documents-civil-cases"",""https://mncourts.gov/getforms/civil/form-civ902-exhibit-list-civil-trial"",""https://mncourts.gov/getforms/civil/form-civ404-order-for-release-of-minor-settlement-funds"",""https://mncourts.gov/getforms/civil/form-civ601-instructions-generic-civil-motion-and-affidavit"",""https://mncourts.gov/getforms/civil/form-civ602-notice-of-motion-and-motion"",""https://mncourts.gov/getforms/civil/form-civ603-affidavit-in-support-of-motion"",""https://mncourts.gov/getforms/civil/form-civ604-notice-of-hearing"",""https://mncourts.gov/getforms/civil/form-civ701-instructions-responsive-generic-civil-motion-and-affidavit"",""https://mncourts.gov/getforms/civil/form-civ702-responsive-notice-of-motion-and-motion"",""https://mncourts.gov/getforms/civil/form-civ703-affidavit-in-support-of-responsive-motion"",""https://mncourts.gov/getforms/civil/form-civ801-instructions-starting-a-civil-case-in-district-court"",""https://mncourts.gov/getforms/civil/form-civ802-civil-summons"",""https://mncourts.gov/getforms/civil/form-civ903-list-of-supporting-documents-civil-case"",""https://mncourts.gov/getforms/civil/form-civ803-civil-complaint"",""https://mncourts.gov/getforms/civil/form-sop102-affidavit-of-personal-service"",""https://mncourts.gov/getforms/civil/form-civ904-instructions-witness-list-civil-case"",""https://mncourts.gov/getforms/civil/form-civ905-witness-list-civil-case"",""https://mncourts.gov/getforms/civil/form-civ301-instructions-answer-or-answer-and-counterclaim"",""https://mncourts.gov/getforms/civil/form-civ302-answer-or-answer-and-counterclaim"",""https://mncourts.gov/getforms/civil/form-civ401-minor-settlement-order"",""https://mncourts.gov/getforms/civil/form-civ402-receipt-of-minor-settlement-order-and-funds-form-1451"",""https://mncourts.gov/getforms/civil/form-civ403-motion-for-release-of-minor-settlement-funds-form-1452""]",https://mncourts.gov/getforms,Official page retrieved through Firecrawl; original response and link observations retained. Retrieval is not certification of current legal applicability.,Statewide or court-hosted forms index; may not cover all local courts or local forms.,,,Minnesota state collection,28,5,23,47,28,0,0,0,0,19,English documents available; wider coverage unverified,Logo/seal available,05-Court-and-Judge-Assets/images/76/76fa571af5bf9451167cc1eb32206b2ed5d88fc7cec2d691b7bbdf7309066f40.svg,judiciary_logo,https://mncourts.gov/,Statewide source collections do not establish coverage of every county/division/judge; federal shared-site jurisdiction entries are not counts of distinct courts. Counts cover only retained English documents with supported titles. Source-link counts distinguish URLs associated with a retained file from source links without a local copy; source observations do not establish complete coverage.,light,MN,28,0,47,,"[{""source_page"":""https://mncourts.gov/getforms"",""status"":200,""evidence_file"":"".firecrawl\\scrape-mn.json"",""links_observed"":46,""cached_at"":null},{""source_page"":""https://mncourts.gov/getforms/appeals"",""status"":200,""evidence_file"":"".firecrawl\\scrape-mn-child-0.json"",""links_observed"":22,""cached_at"":null},{""source_page"":""https://mncourts.gov/getforms/civil"",""status"":200,""evidence_file"":"".firecrawl\\scrape-mn-child-1.json"",""links_observed"":83,""cached_at"":null},{""source_page"":""https://mncourts.gov/getforms/confidential-information"",""status"":200,""evidence_file"":"".firecrawl\\scrape-mn-child-2.json"",""links_observed"":30,""cached_at"":null},{""source_page"":""https://mncourts.gov/getforms/judgment-enforcement"",""status"":200,""evidence_file"":"".firecrawl\\scrape-mn-child-3.json"",""links_observed"":66,""cached_at"":null},{""source_page"":""https://mncourts.gov/getforms/service-of-process"",""status"":200,""evidence_file"":"".firecrawl\\scrape-mn-child-4.json"",""links_observed"":16,""cached_at"":null},{""source_page"":""https://mncourts.gov/getforms/subpoena"",""status"":200,""evidence_file"":"".firecrawl\\scrape-mn-child-5.json"",""links_observed"":17,""cached_at"":null},{""source_page"":""https://mncourts.gov/getforms/civil/form-civ901-instructions-exhibit-list-and-list-of-supporting-documents-civil-cases"",""status"":200,""evidence_file"":"".firecrawl\\scrape-mn-detail-0.json"",""links_observed"":12,""cached_at"":null},{""source_page"":""https://mncourts.gov/getforms/civil/form-civ902-exhibit-list-civil-trial"",""status"":200,""evidence_file"":"".firecrawl\\scrape-mn-detail-1.json"",""links_observed"":13,""cached_at"":null},{""source_page"":""https://mncourts.gov/getforms/civil/form-civ404-order-for-release-of-minor-settlement-funds"",""status"":200,""evidence_file"":"".firecrawl\\scrape-mn-detail-10.json"",""links_observed"":13,""cached_at"":null},{""source_page"":""https://mncourts.gov/getforms/civil/form-civ601-instructions-generic-civil-motion-and-affidavit"",""status"":200,""evidence_file"":"".firecrawl\\scrape-mn-detail-11.json"",""links_observed"":12,""cached_at"":null},{""source_page"":""https://mncourts.gov/getforms/civil/form-civ602-notice-of-motion-and-motion"",""status"":200,""evidence_file"":"".firecrawl\\scrape-mn-detail-12.json"",""links_observed"":13,""cached_at"":null},{""source_page"":""https://mncourts.gov/getforms/civil/form-civ603-affidavit-in-support-of-motion"",""status"":200,""evidence_file"":"".firecrawl\\scrape-mn-detail-13.json"",""links_observed"":13,""cached_at"":null},{""source_page"":""https://mncourts.gov/getforms/civil/form-civ604-notice-of-hearing"",""status"":200,""evidence_file"":"".firecrawl\\scrape-mn-detail-14.json"",""links_observed"":13,""cached_at"":null},{""source_page"":""https://mncourts.gov/getforms/civil/form-civ701-instructions-responsive-generic-civil-motion-and-affidavit"",""status"":200,""evidence_file"":"".firecrawl\\scrape-mn-detail-15.json"",""links_observed"":12,""cached_at"":null},{""source_page"":""https://mncourts.gov/getforms/civil/form-civ702-responsive-notice-of-motion-and-motion"",""status"":200,""evidence_file"":"".firecrawl\\scrape-mn-detail-16.json"",""links_observed"":13,""cached_at"":null},{""source_page"":""https://mncourts.gov/getforms/civil/form-civ703-affidavit-in-support-of-responsive-motion"",""status"":200,""evidence_file"":"".firecrawl\\scrape-mn-detail-17.json"",""links_observed"":13,""cached_at"":null},{""source_page"":""https://mncourts.gov/getforms/civil/form-civ801-instructions-starting-a-civil-case-in-district-court"",""status"":200,""evidence_file"":"".firecrawl\\scrape-mn-detail-18.json"",""links_observed"":12,""cached_at"":null},{""source_page"":""https://mncourts.gov/getforms/civil/form-civ802-civil-summons"",""status"":200,""evidence_file"":"".firecrawl\\scrape-mn-detail-19.json"",""links_observed"":14,""cached_at"":null},{""source_page"":""https://mncourts.gov/getforms/civil/form-civ903-list-of-supporting-documents-civil-case"",""status"":200,""evidence_file"":"".firecrawl\\scrape-mn-detail-2.json"",""links_observed"":13,""cached_at"":null},{""source_page"":""https://mncourts.gov/getforms/civil/form-civ803-civil-complaint"",""status"":200,""evidence_file"":"".firecrawl\\scrape-mn-detail-20.json"",""links_observed"":14,""cached_at"":null},{""source_page"":""https://mncourts.gov/getforms/civil/form-sop102-affidavit-of-personal-service"",""status"":200,""evidence_file"":"".firecrawl\\scrape-mn-detail-21.json"",""links_observed"":13,""cached_at"":null},{""source_page"":""https://mncourts.gov/getforms/civil/form-civ904-instructions-witness-list-civil-case"",""status"":200,""evidence_file"":"".firecrawl\\scrape-mn-detail-3.json"",""links_observed"":12,""cached_at"":null},{""source_page"":""https://mncourts.gov/getforms/civil/form-civ905-witness-list-civil-case"",""status"":200,""evidence_file"":"".firecrawl\\scrape-mn-detail-4.json"",""links_observed"":13,""cached_at"":null},{""source_page"":""https://mncourts.gov/getforms/civil/form-civ301-instructions-answer-or-answer-and-counterclaim"",""status"":200,""evidence_file"":"".firecrawl\\scrape-mn-detail-5.json"",""links_observed"":12,""cached_at"":null},{""source_page"":""https://mncourts.gov/getforms/civil/form-civ302-answer-or-answer-and-counterclaim"",""status"":200,""evidence_file"":"".firecrawl\\scrape-mn-detail-6.json"",""links_observed"":13,""cached_at"":null},{""source_page"":""https://mncourts.gov/getforms/civil/form-civ401-minor-settlement-order"",""status"":200,""evidence_file"":"".firecrawl\\scrape-mn-detail-7.json"",""links_observed"":13,""cached_at"":null},{""source_page"":""https://mncourts.gov/getforms/civil/form-civ402-receipt-of-minor-settlement-order-and-funds-form-1451"",""status"":200,""evidence_file"":"".firecrawl\\scrape-mn-detail-8.json"",""links_observed"":13,""cached_at"":null},{""source_page"":""https://mncourts.gov/getforms/civil/form-civ403-motion-for-release-of-minor-settlement-funds-form-1452"",""status"":200,""evidence_file"":"".firecrawl\\scrape-mn-detail-9.json"",""links_observed"":13,""cached_at"":null}]",Official statewide/judiciary form directories and selected observed child pages; not exhaustive local county/city court or judge-specific coverage.,,,,,
ST:ms_state,Mississippi Courts,state,Mississippi,https://courts.ms.gov/,"[""https://courts.ms.gov/mec/Mec-forms.php""]",https://courts.ms.gov/mec/Mec-forms.php,Official MEC forms index observed in search and retrieved with HTTP 500; a live 2026-09-12 quality recheck repeated that error. One directly observed civil case filing PDF returned HTTP 200 application/pdf via Firecrawl; detailed evidence is in QUALITY-REFREEZE.json. Retrieval is not certification of legal currency.,"The MEC index currently returns a branded error page and no document anchors from this access path. The original civil_case_filing_form.pdf URL is live via Firecrawl and is recorded separately in mississippi-targeted-links.jsonl. This does not establish a site-wide outage or a moved-source replacement, and does not justify retrying all previously failed URLs.",,,Mississippi state collection,56,0,56,298,56,0,0,0,0,242,English documents available; wider coverage unverified,Logo/seal available,05-Court-and-Judge-Assets/images/ba/baf5744ddbd2d6908b96a52e5bdeda1cb8b85c3e6fa9575d72221de46b6cb6de.png,judiciary_logo,https://courts.ms.gov/,Statewide source collections do not establish coverage of every county/division/judge; federal shared-site jurisdiction entries are not counts of distinct courts. Counts cover only retained English documents with supported titles. Source-link counts distinguish URLs associated with a retained file from source links without a local copy; source observations do not establish complete coverage.,light,MS,56,0,298,,"[{""source_page"":""https://courts.ms.gov/mec/Mec-forms.php"",""status"":500,""evidence_file"":"".firecrawl\\scrape-ms.json"",""links_observed"":1,""cached_at"":null}]",Official statewide/judiciary form directories and selected observed child pages; not exhaustive local county/city court or judge-specific coverage.,,,,,
ST:mo_state,Missouri Courts,state,Missouri,https://www.courts.mo.gov/,"[""https://www.courts.mo.gov/page.jsp?id=103116"",""https://www.courts.mo.gov/page.jsp?id=232494"",""https://www.courts.mo.gov/page.jsp?id=233093"",""https://www.courts.mo.gov/page.jsp?id=3833"",""https://www.courts.mo.gov/page.jsp?id=5240"",""https://www.courts.mo.gov/page.jsp?id=3772""]",https://www.courts.mo.gov/page.jsp?id=103116,Official page retrieved through Firecrawl; original response and link observations retained. Retrieval is not certification of current legal applicability.,Statewide or court-hosted forms index; may not cover all local courts or local forms.,,,Missouri state collection,1,0,1,8,1,0,6,0,0,7,English documents available; wider coverage unverified,Text fallback,,,,Statewide source collections do not establish coverage of every county/division/judge; federal shared-site jurisdiction entries are not counts of distinct courts. Counts cover only retained English documents with supported titles. Source-link counts distinguish URLs associated with a retained file from source links without a local copy; source observations do not establish complete coverage.,light,MO,1,0,2,,"[{""source_page"":""https://www.courts.mo.gov/page.jsp?id=103116"",""status"":200,""evidence_file"":"".firecrawl\\scrape-mo.json"",""links_observed"":21,""cached_at"":null},{""source_page"":""https://www.courts.mo.gov/page.jsp?id=232494"",""status"":200,""evidence_file"":"".firecrawl\\scrape-mo-child-0.json"",""links_observed"":7,""cached_at"":null},{""source_page"":""https://www.courts.mo.gov/page.jsp?id=233093"",""status"":200,""evidence_file"":"".firecrawl\\scrape-mo-child-1.json"",""links_observed"":8,""cached_at"":null},{""source_page"":""https://www.courts.mo.gov/page.jsp?id=3833"",""status"":200,""evidence_file"":"".firecrawl\\scrape-mo-child-2.json"",""links_observed"":8,""cached_at"":null},{""source_page"":""https://www.courts.mo.gov/page.jsp?id=5240"",""status"":200,""evidence_file"":"".firecrawl\\scrape-mo-child-3.json"",""links_observed"":42,""cached_at"":null},{""source_page"":""https://www.courts.mo.gov/page.jsp?id=3772"",""status"":200,""evidence_file"":"".firecrawl\\scrape-mo-child-4.json"",""links_observed"":10,""cached_at"":null}]",Official statewide/judiciary form directories and selected observed child pages; not exhaustive local county/city court or judge-specific coverage.,,,,,
ST:mt_state,Montana Courts,state,Montana,https://courts.mt.gov/,"[""https://courts.mt.gov/forms/civilforms""]",https://courts.mt.gov/forms/civilforms,Official page retrieved through Firecrawl; original response and link observations retained. Retrieval is not certification of current legal applicability.,Statewide or court-hosted forms index; may not cover all local courts or local forms.,,,Montana state collection,53,23,30,219,53,0,1,0,0,166,English documents available; wider coverage unverified,Logo/seal available,05-Court-and-Judge-Assets/images/29/299ad4dbd00e4cd7c584296367edf151f2f204494f11aaa639fa6bce78364265.gif,judiciary_logo,https://courts.mt.gov/,Statewide source collections do not establish coverage of every county/division/judge; federal shared-site jurisdiction entries are not counts of distinct courts. Counts cover only retained English documents with supported titles. Source-link counts distinguish URLs associated with a retained file from source links without a local copy; source observations do not establish complete coverage.,light,MT,53,0,218,,"[{""source_page"":""https://courts.mt.gov/forms/civilforms"",""status"":200,""evidence_file"":"".firecrawl\\scrape-mt.json"",""links_observed"":103,""cached_at"":null}]",Official statewide/judiciary form directories and selected observed child pages; not exhaustive local county/city court or judge-specific coverage.,,,,,
ST:ne_state,Nebraska Courts,state,Nebraska,https://nebraskajudicial.gov/,"[""https://nebraskajudicial.gov/forms""]",https://nebraskajudicial.gov/forms,Official page retrieved through Firecrawl; original response and link observations retained. Retrieval is not certification of current legal applicability.,Statewide or court-hosted forms index; may not cover all local courts or local forms.,,,Nebraska state collection,89,4,85,253,93,0,2,0,0,160,English documents available; wider coverage unverified,Logo/seal available,05-Court-and-Judge-Assets/images/a8/a8412041e43c73112d3de33fc72619416b629b07636dd522d24941df39061962.jpg,judiciary_logo,https://nebraskajudicial.gov/,Statewide source collections do not establish coverage of every county/division/judge; federal shared-site jurisdiction entries are not counts of distinct courts. Counts cover only retained English documents with supported titles. Source-link counts distinguish URLs associated with a retained file from source links without a local copy; source observations do not establish complete coverage.,light,NE,89,0,251,,"[{""source_page"":""https://nebraskajudicial.gov/forms"",""status"":200,""evidence_file"":"".firecrawl\\scrape-ne.json"",""links_observed"":615,""cached_at"":null}]",Official statewide/judiciary form directories and selected observed child pages; not exhaustive local county/city court or judge-specific coverage.,,,,,
ST:nv_state,Nevada Courts,state,Nevada,https://nvcourts.gov/,"[""https://nvcourts.gov/aoc/documents_and_forms""]",https://nvcourts.gov/aoc/documents_and_forms,Official page retrieved through Firecrawl; original response and link observations retained. Retrieval is not certification of current legal applicability.,Statewide or court-hosted forms index; may not cover all local courts or local forms.,,,Nevada state collection,3,0,3,8,3,0,0,0,0,5,English documents available; wider coverage unverified,Text fallback,,,,Statewide source collections do not establish coverage of every county/division/judge; federal shared-site jurisdiction entries are not counts of distinct courts. Counts cover only retained English documents with supported titles. Source-link counts distinguish URLs associated with a retained file from source links without a local copy; source observations do not establish complete coverage.,light,NV,3,0,8,,"[{""source_page"":""https://nvcourts.gov/aoc/documents_and_forms"",""status"":200,""evidence_file"":"".firecrawl\\scrape-nv.json"",""links_observed"":46,""cached_at"":null}]",Official statewide/judiciary form directories and selected observed child pages; not exhaustive local county/city court or judge-specific coverage.,,,,,
ST:nh_state,New Hampshire Courts,state,New Hampshire,https://www.courts.nh.gov/,"[""https://www.courts.nh.gov/resources/forms-and-fees""]",https://www.courts.nh.gov/resources/forms-and-fees,Official page retrieved through Firecrawl; original response and link observations retained. Retrieval is not certification of current legal applicability.,Statewide or court-hosted forms index; may not cover all local courts or local forms.,,,New Hampshire state collection,1,0,1,6,1,0,0,0,0,5,English documents available; wider coverage unverified,Text fallback,,,,Statewide source collections do not establish coverage of every county/division/judge; federal shared-site jurisdiction entries are not counts of distinct courts. Counts cover only retained English documents with supported titles. Source-link counts distinguish URLs associated with a retained file from source links without a local copy; source observations do not establish complete coverage.,light,NH,1,0,6,,"[{""source_page"":""https://www.courts.nh.gov/resources/forms-and-fees"",""status"":200,""evidence_file"":"".firecrawl\\scrape-nh.json"",""links_observed"":54,""cached_at"":null}]",Official statewide/judiciary form directories and selected observed child pages; not exhaustive local county/city court or judge-specific coverage.,,,,,
ST:nj_state,New Jersey Courts,state,New Jersey,https://www.njcourts.gov/,"[""https://www.njcourts.gov/self-help/forms"",""https://www.njcourts.gov/attorneys/multicounty-litigation/fosamax/forms"",""https://www.njcourts.gov/attorneys/multicounty-litigation/accutane-archived/forms"",""https://www.njcourts.gov/attorneys/multicounty-litigation/stryker-hipabg-ii/forms"",""https://www.njcourts.gov/attorneys/multicounty-litigation/pinnacle-metal-metal-mom-hip-implants/forms""]",https://www.njcourts.gov/self-help/forms,Official page retrieved through Firecrawl; original response and link observations retained. Retrieval is not certification of current legal applicability.,Statewide or court-hosted forms index; may not cover all local courts or local forms.,,,New Jersey state collection,91,6,85,242,93,0,0,0,0,149,English documents available; wider coverage unverified,Logo/seal available,05-Court-and-Judge-Assets/images/c4/c4cc32f225ba684a52080b699ae863c614290fa6c8a324c3a9885fd00b5719ee.png,judiciary_logo,https://www.njcourts.gov/,Statewide source collections do not establish coverage of every county/division/judge; federal shared-site jurisdiction entries are not counts of distinct courts. Counts cover only retained English documents with supported titles. Source-link counts distinguish URLs associated with a retained file from source links without a local copy; source observations do not establish complete coverage.,light,NJ,91,0,242,,"[{""source_page"":""https://www.njcourts.gov/self-help/forms"",""status"":200,""evidence_file"":"".firecrawl\\scrape-nj.json"",""links_observed"":23,""cached_at"":""2026-09-12T15:53:22.994Z""},{""source_page"":""https://www.njcourts.gov/attorneys/multicounty-litigation/fosamax/forms"",""status"":200,""evidence_file"":"".firecrawl\\scrape-nj-mass-0.json"",""links_observed"":439,""cached_at"":null},{""source_page"":""https://www.njcourts.gov/attorneys/multicounty-litigation/accutane-archived/forms"",""status"":200,""evidence_file"":"".firecrawl\\scrape-nj-mass-1.json"",""links_observed"":433,""cached_at"":null},{""source_page"":""https://www.njcourts.gov/attorneys/multicounty-litigation/stryker-hipabg-ii/forms"",""status"":200,""evidence_file"":"".firecrawl\\scrape-nj-mass-2.json"",""links_observed"":432,""cached_at"":null},{""source_page"":""https://www.njcourts.gov/attorneys/multicounty-litigation/pinnacle-metal-metal-mom-hip-implants/forms"",""status"":200,""evidence_file"":"".firecrawl\\scrape-nj-mass-3.json"",""links_observed"":416,""cached_at"":null}]",Official statewide/judiciary form directories and selected observed child pages; not exhaustive local county/city court or judge-specific coverage.,,,,,
ST:nm_state,New Mexico Courts,state,New Mexico,https://nmcourts.gov/,"[""https://nmcourts.gov/forms-library/"",""https://nmcourts.gov/forms-files/affidavits"",""https://nmcourts.gov/forms-files/appeals"",""https://nmcourts.gov/forms-files/civil""]",https://nmcourts.gov/forms-library/,Official page retrieved through Firecrawl; original response and link observations retained. Retrieval is not certification of current legal applicability.,Statewide or court-hosted forms index; may not cover all local courts or local forms.,,,New Mexico state collection,408,0,408,611,413,0,0,0,0,198,English documents available; wider coverage unverified,Logo/seal available,05-Court-and-Judge-Assets/images/55/55feb930585c4a2b011ba67c05e53bacbb5453853936b00e63ad0a90f5dfe30e.svg,judiciary_logo,https://nmcourts.gov/,Statewide source collections do not establish coverage of every county/division/judge; federal shared-site jurisdiction entries are not counts of distinct courts. Counts cover only retained English documents with supported titles. Source-link counts distinguish URLs associated with a retained file from source links without a local copy; source observations do not establish complete coverage.,light,NM,408,0,611,,"[{""source_page"":""https://nmcourts.gov/forms-library/"",""status"":200,""evidence_file"":"".firecrawl\\scrape-nm.json"",""links_observed"":27,""cached_at"":null},{""source_page"":""https://nmcourts.gov/forms-files/affidavits"",""status"":200,""evidence_file"":"".firecrawl\\scrape-nm-child-0.json"",""links_observed"":15,""cached_at"":null},{""source_page"":""https://nmcourts.gov/forms-files/appeals"",""status"":200,""evidence_file"":"".firecrawl\\scrape-nm-child-1.json"",""links_observed"":6,""cached_at"":null},{""source_page"":""https://nmcourts.gov/forms-files/civil"",""status"":200,""evidence_file"":"".firecrawl\\scrape-nm-child-2.json"",""links_observed"":177,""cached_at"":null},{""source_page"":""https://nmcourts.gov/forms-files/other-files"",""status"":502,""evidence_file"":"".firecrawl\\scrape-nm-child-3.json"",""links_observed"":0,""cached_at"":null},{""source_page"":""https://nmcourts.gov/forms-files/self-representation"",""status"":502,""evidence_file"":"".firecrawl\\scrape-nm-child-4.json"",""links_observed"":0,""cached_at"":null}]",Official statewide/judiciary form directories and selected observed child pages; not exhaustive local county/city court or judge-specific coverage.,,,,,
ST:ny_state,New York Courts,state,New York,https://www.nycourts.gov/,"[""https://www.nycourts.gov/forms"",""https://www.nycourts.gov/statewide-forms"",""https://nycourts.gov/supreme-court-forms""]",https://www.nycourts.gov/forms,Official page retrieved through Firecrawl; original response and link observations retained. Retrieval is not certification of current legal applicability.,Statewide or court-hosted forms index; may not cover all local courts or local forms.,,,New York state collection,4,0,4,19,4,0,0,0,0,15,English documents available; wider coverage unverified,Logo/seal available,05-Court-and-Judge-Assets/images/99/99c18df88186ceb3483b60c545a7304f46ce7430f2c804aeea668da4a907034a.svg,judiciary_logo,https://www.nycourts.gov/,Statewide source collections do not establish coverage of every county/division/judge; federal shared-site jurisdiction entries are not counts of distinct courts. Counts cover only retained English documents with supported titles. Source-link counts distinguish URLs associated with a retained file from source links without a local copy; source observations do not establish complete coverage.,light,NY,4,0,19,,"[{""source_page"":""https://www.nycourts.gov/forms"",""status"":200,""evidence_file"":"".firecrawl\\scrape-ny.json"",""links_observed"":126,""cached_at"":""2026-09-12T16:26:02.075Z""},{""source_page"":""https://www.nycourts.gov/statewide-forms"",""status"":200,""evidence_file"":"".firecrawl\\scrape-ny-statewide.json"",""links_observed"":84,""cached_at"":null},{""source_page"":""https://nycourts.gov/supreme-court-forms"",""status"":200,""evidence_file"":"".firecrawl\\scrape-ny-supreme.json"",""links_observed"":21,""cached_at"":null}]",Official statewide/judiciary form directories and selected observed child pages; not exhaustive local county/city court or judge-specific coverage.,,,,,
ST:nc_state,North Carolina Courts,state,North Carolina,https://www.nccourts.gov/,"[""https://www.nccourts.gov/documents/forms""]",https://www.nccourts.gov/documents/forms,Official page retrieved through Firecrawl; original response and link observations retained. Retrieval is not certification of current legal applicability.,Statewide or court-hosted forms index; may not cover all local courts or local forms.,,,North Carolina state collection,0,0,0,27,0,27,0,0,0,27,No verified English documents in the active library,Text fallback,,,,Statewide source collections do not establish coverage of every county/division/judge; federal shared-site jurisdiction entries are not counts of distinct courts. Counts cover only retained English documents with supported titles. Source-link counts distinguish URLs associated with a retained file from source links without a local copy; source observations do not establish complete coverage.,light,NC,0,0,0,,"[{""source_page"":""https://www.nccourts.gov/documents/forms"",""status"":200,""evidence_file"":"".firecrawl\\scrape-nc.json"",""links_observed"":24,""cached_at"":null}]",Official statewide/judiciary form directories and selected observed child pages; not exhaustive local county/city court or judge-specific coverage.,,,,,
ST:nd_state,North Dakota Courts,state,North Dakota,https://www.ndcourts.gov/,"[""https://www.ndcourts.gov/legal-self-help""]",https://www.ndcourts.gov/legal-self-help,Official page retrieved through Firecrawl; original response and link observations retained. Retrieval is not certification of current legal applicability.,Court-hosted self-help forms are expressly not official court forms and courts are not required to accept them.,,,North Dakota state collection,58,0,58,93,58,0,1,0,0,35,English documents available; wider coverage unverified,Logo/seal available,05-Court-and-Judge-Assets/images/87/8732f1178c42632bccaaa2def6a28fdc0ac694066be7be952f57bd05543228b8.png,judiciary_logo,https://www.ndcourts.gov/,Statewide source collections do not establish coverage of every county/division/judge; federal shared-site jurisdiction entries are not counts of distinct courts. Counts cover only retained English documents with supported titles. Source-link counts distinguish URLs associated with a retained file from source links without a local copy; source observations do not establish complete coverage.,light,ND,58,0,92,,"[{""source_page"":""https://www.ndcourts.gov/legal-self-help"",""status"":200,""evidence_file"":"".firecrawl\\scrape-nd.json"",""links_observed"":2,""cached_at"":null},{""source_page"":""https://www.ndcourts.gov/legal-self-help"",""status"":200,""evidence_file"":"".firecrawl\\scrape-nd-full.json"",""links_observed"":202,""cached_at"":""2026-09-12T23:49:11.890Z""}]",Official statewide/judiciary form directories and selected observed child pages; not exhaustive local county/city court or judge-specific coverage.,,,,,
ST:oh_state,Ohio Courts,state,Ohio,https://www.supremecourt.ohio.gov/,"[""https://www.supremecourt.ohio.gov/forms/all-forms/""]",https://www.supremecourt.ohio.gov/forms/all-forms/,Official page retrieved through Firecrawl; original response and link observations retained. Retrieval is not certification of current legal applicability.,Statewide or court-hosted forms index; may not cover all local courts or local forms.,,,Ohio state collection,384,24,360,838,384,1,3,0,0,454,English documents available; wider coverage unverified,Logo/seal available,05-Court-and-Judge-Assets/images/31/3172ceaf6039d6633b9934d41b7dd2f9cb8aa10f5bab6a342f4bcd811e2002ef.svg,judiciary_logo,https://www.supremecourt.ohio.gov/,Statewide source collections do not establish coverage of every county/division/judge; federal shared-site jurisdiction entries are not counts of distinct courts. Counts cover only retained English documents with supported titles. Source-link counts distinguish URLs associated with a retained file from source links without a local copy; source observations do not establish complete coverage.,light,OH,384,0,834,,"[{""source_page"":""https://www.supremecourt.ohio.gov/forms/all-forms/"",""status"":200,""evidence_file"":"".firecrawl\\scrape-oh.json"",""links_observed"":146,""cached_at"":null}]",Official statewide/judiciary form directories and selected observed child pages; not exhaustive local county/city court or judge-specific coverage.,,,,,
ST:ok_state,Oklahoma Courts,state,Oklahoma,https://www.oscn.net/,"[""https://www.oscn.net/static/forms/start.asp"",""https://www.oscn.net/static/forms/scforms.asp"",""https://www.oscn.net/static/forms/AOCforms.asp"",""https://www.oscn.net/static/forms/districtcover.asp"",""https://www.oscn.net/UniformOrders/default.aspx""]",https://www.oscn.net/static/forms/start.asp,Official page retrieved through Firecrawl; original response and link observations retained. Retrieval is not certification of current legal applicability.,Statewide or court-hosted forms index; may not cover all local courts or local forms.,,,Oklahoma state collection,0,0,0,93,0,93,0,0,0,93,No verified English documents in the active library,Text fallback,,,,Statewide source collections do not establish coverage of every county/division/judge; federal shared-site jurisdiction entries are not counts of distinct courts. Counts cover only retained English documents with supported titles. Source-link counts distinguish URLs associated with a retained file from source links without a local copy; source observations do not establish complete coverage.,light,OK,0,0,0,,"[{""source_page"":""https://www.oscn.net/static/forms/start.asp"",""status"":200,""evidence_file"":"".firecrawl\\scrape-ok.json"",""links_observed"":11,""cached_at"":null},{""source_page"":""https://www.oscn.net/static/forms/scforms.asp"",""status"":200,""evidence_file"":"".firecrawl\\scrape-ok-child-0.json"",""links_observed"":38,""cached_at"":null},{""source_page"":""https://www.oscn.net/static/forms/AOCforms.asp"",""status"":200,""evidence_file"":"".firecrawl\\scrape-ok-child-1.json"",""links_observed"":20,""cached_at"":null},{""source_page"":""https://www.oscn.net/static/forms/districtcover.asp"",""status"":200,""evidence_file"":"".firecrawl\\scrape-ok-child-2.json"",""links_observed"":7,""cached_at"":""2026-09-11T23:28:22.904Z""},{""source_page"":""https://www.oscn.net/UniformOrders/default.aspx"",""status"":200,""evidence_file"":"".firecrawl\\scrape-ok-child-3.json"",""links_observed"":52,""cached_at"":null}]",Official statewide/judiciary form directories and selected observed child pages; not exhaustive local county/city court or judge-specific coverage.,,,,,
ST:or_state,Oregon Courts,state,Oregon,https://www.courts.oregon.gov/,"[""https://www.courts.oregon.gov/forms/pages/default.aspx""]",https://www.courts.oregon.gov/forms/pages/default.aspx,Official page retrieved through Firecrawl; original response and link observations retained. Retrieval is not certification of current legal applicability.,Statewide or court-hosted forms index; may not cover all local courts or local forms.,,,Oregon state collection,5,0,5,81,5,0,2,0,0,76,English documents available; wider coverage unverified,Logo/seal available,05-Court-and-Judge-Assets/images/10/10a42959d4a4fd3f79a41be97933492824c4ea6bfd41aaaf9965cdc96352c9b4.png,judiciary_logo,https://www.courts.oregon.gov/Pages/default.aspx,Statewide source collections do not establish coverage of every county/division/judge; federal shared-site jurisdiction entries are not counts of distinct courts. Counts cover only retained English documents with supported titles. Source-link counts distinguish URLs associated with a retained file from source links without a local copy; source observations do not establish complete coverage.,light,OR,5,0,79,,"[{""source_page"":""https://www.courts.oregon.gov/forms/pages/default.aspx"",""status"":200,""evidence_file"":"".firecrawl\\scrape-or.json"",""links_observed"":73,""cached_at"":null}]",Official statewide/judiciary form directories and selected observed child pages; not exhaustive local county/city court or judge-specific coverage.,,,,,
ST:pa_state,Pennsylvania Courts,state,Pennsylvania,https://www.pacourts.us/,"[""https://www.pacourts.us/forms""]",https://www.pacourts.us/forms,Official page retrieved through Firecrawl; original response and link observations retained. Retrieval is not certification of current legal applicability.,Statewide or court-hosted forms index; may not cover all local courts or local forms.,,,Pennsylvania state collection,188,54,134,228,134,0,1,0,0,94,English documents available; wider coverage unverified,Logo/seal available,05-Court-and-Judge-Assets/images/ce/ce5c92ee28f7b4219f2fb994bd2f6b39caf5175a33876032514e858e83920954.png,judiciary_logo,https://www.pacourts.us/,Statewide source collections do not establish coverage of every county/division/judge; federal shared-site jurisdiction entries are not counts of distinct courts. Counts cover only retained English documents with supported titles. Source-link counts distinguish URLs associated with a retained file from source links without a local copy; source observations do not establish complete coverage.,light,PA,188,0,227,,"[{""source_page"":""https://www.pacourts.us/forms"",""status"":200,""evidence_file"":"".firecrawl\\scrape-pa.json"",""links_observed"":22,""cached_at"":""2026-09-12T16:26:08.763Z""}]",Official statewide/judiciary form directories and selected observed child pages; not exhaustive local county/city court or judge-specific coverage.,,,,,
ST:ri_state,Rhode Island Courts,state,Rhode Island,https://www.courts.ri.gov/,"[""https://www.courts.ri.gov/Pages/forms.aspx""]",https://www.courts.ri.gov/Pages/forms.aspx,Official page retrieved through Firecrawl; original response and link observations retained. Retrieval is not certification of current legal applicability.,Statewide or court-hosted forms index; may not cover all local courts or local forms.,,,Rhode Island state collection,11,0,11,15,11,0,0,0,0,4,English documents available; wider coverage unverified,Logo/seal available,05-Court-and-Judge-Assets/images/6c/6c3652bdaaa10d003474585d6326961bc7a35ccb9bb989339b6dd7cd86c1b83a.png,judiciary_logo,https://www.courts.ri.gov/Pages/default.aspx,Statewide source collections do not establish coverage of every county/division/judge; federal shared-site jurisdiction entries are not counts of distinct courts. Counts cover only retained English documents with supported titles. Source-link counts distinguish URLs associated with a retained file from source links without a local copy; source observations do not establish complete coverage.,light,RI,11,0,15,,"[{""source_page"":""https://www.courts.ri.gov/Pages/forms.aspx"",""status"":200,""evidence_file"":"".firecrawl\\scrape-ri.json"",""links_observed"":17,""cached_at"":null}]",Official statewide/judiciary form directories and selected observed child pages; not exhaustive local county/city court or judge-specific coverage.,,,,,
ST:sc_state,South Carolina Courts,state,South Carolina,https://www.sccourts.org/,"[""https://www.sccourts.org/court-forms/""]",https://www.sccourts.org/court-forms/,Official page retrieved through Firecrawl; original response and link observations retained. Retrieval is not certification of current legal applicability.,Statewide or court-hosted forms index; may not cover all local courts or local forms.,,,South Carolina state collection,0,0,0,2,0,2,0,0,0,2,No verified English documents in the active library,Text fallback,,,,Statewide source collections do not establish coverage of every county/division/judge; federal shared-site jurisdiction entries are not counts of distinct courts. Counts cover only retained English documents with supported titles. Source-link counts distinguish URLs associated with a retained file from source links without a local copy; source observations do not establish complete coverage.,light,SC,0,0,0,,"[{""source_page"":""https://www.sccourts.org/court-forms/"",""status"":200,""evidence_file"":"".firecrawl\\scrape-sc.json"",""links_observed"":5,""cached_at"":""2026-09-12T16:47:11.507Z""},{""source_page"":""https://www.sccourts.org/court-forms/"",""status"":200,""evidence_file"":"".firecrawl\\scrape-sc-full.json"",""links_observed"":109,""cached_at"":""2026-09-12T16:47:11.507Z""}]",Official statewide/judiciary form directories and selected observed child pages; not exhaustive local county/city court or judge-specific coverage.,,,,,
ST:sd_state,South Dakota Courts,state,South Dakota,https://ujs.sd.gov/,"[""https://ujs.sd.gov/form-file-search/"",""https://ujs.sd.gov/form-file-search/?category=attorney-forms"",""https://ujs.sd.gov/form-file-search/?category=civil-law"",""https://ujs.sd.gov/form-file-search/?category=mediation""]",https://ujs.sd.gov/form-file-search/,Official page retrieved through Firecrawl; original response and link observations retained. Retrieval is not certification of current legal applicability.,Statewide or court-hosted forms index; may not cover all local courts or local forms.,,,South Dakota state collection,51,0,51,83,51,0,0,0,0,32,English documents available; wider coverage unverified,Logo/seal available,05-Court-and-Judge-Assets/images/c8/c8df726e8a26cc7dad185e760237b8d3f512963ba5b056f0cac5ff31c4422b45.svg,judiciary_logo,https://ujs.sd.gov/,Statewide source collections do not establish coverage of every county/division/judge; federal shared-site jurisdiction entries are not counts of distinct courts. Counts cover only retained English documents with supported titles. Source-link counts distinguish URLs associated with a retained file from source links without a local copy; source observations do not establish complete coverage.,light,SD,51,0,83,,"[{""source_page"":""https://ujs.sd.gov/form-file-search/"",""status"":200,""evidence_file"":"".firecrawl\\scrape-sd.json"",""links_observed"":17,""cached_at"":null},{""source_page"":""https://ujs.sd.gov/form-file-search/?category=attorney-forms"",""status"":200,""evidence_file"":"".firecrawl\\scrape-sd-child-0.json"",""links_observed"":18,""cached_at"":null},{""source_page"":""https://ujs.sd.gov/form-file-search/?category=civil-law"",""status"":200,""evidence_file"":"".firecrawl\\scrape-sd-child-1.json"",""links_observed"":18,""cached_at"":null},{""source_page"":""https://ujs.sd.gov/form-file-search/?category=mediation"",""status"":200,""evidence_file"":"".firecrawl\\scrape-sd-child-2.json"",""links_observed"":12,""cached_at"":null}]",Official statewide/judiciary form directories and selected observed child pages; not exhaustive local county/city court or judge-specific coverage.,,,,,
ST:tn_state,Tennessee Courts,state,Tennessee,https://www.tncourts.gov/,"[""https://www.tncourts.gov/forms-publications"",""https://www.tncourts.gov/courts/appellate-court-clerks-office/forms-resources"",""https://www.tncourts.gov/programs/self-help-center/forms/order-protection-forms"",""https://www.tncourts.gov/administration/judicial-resources/forms-documents/court-forms"",""https://www.tncourts.gov/programs/court-reporters/resources-court-reporters/forms-resources"",""https://www.tncourts.gov/administration/judicial-resources/forms-documents"",""https://www.tncourts.gov/docs/forms/trial-court/certificate-good-faith-medical-malpractice-case-plaintiffs-form"",""https://www.tncourts.gov/docs/forms/trial-court/certificate-good-faith-medical-malpractice-case-defendants-form"",""https://www.tncourts.gov/docs/forms/trial-court/uniform-order-alt-electronic-monitoring-device"",""https://www.tncourts.gov/docs/forms/trial-court/affidavit-complaint-criminal"",""https://www.tncourts.gov/docs/forms/trial-court/affidavit-complaint-worthless-check-sight-order"",""https://www.tncourts.gov/docs/forms/trial-court/affidavit-income-and-property"",""https://www.tncourts.gov/docs/forms/trial-court/appeal-bond-general-sessions"",""https://www.tncourts.gov/docs/forms/trial-court/appearance-bond-general-sessions-court"",""https://www.tncourts.gov/docs/forms/trial-court/application-writ-immediate-possession-personal-property"",""https://www.tncourts.gov/docs/forms/trial-court/arrest-warrant"",""https://www.tncourts.gov/docs/forms/trial-court/capias-bench-warrant"",""https://www.tncourts.gov/docs/forms/trial-court/civil-summons-general-sessions-court"",""https://www.tncourts.gov/docs/forms/supreme-court-approved-forms/disposition-firearms-pdf"",""https://www.tncourts.gov/docs/forms/trial-court/civil-summons-chancery-and-circuit-courts"",""https://www.tncourts.gov/docs/forms/trial-court/criminal-summons"",""https://www.tncourts.gov/docs/forms/trial-court/detainer-summons"",""https://www.tncourts.gov/docs/forms/trial-court/execution-garnishment"",""https://www.tncourts.gov/docs/forms/trial-court/final-forfeiture"",""https://www.tncourts.gov/docs/forms/trial-court/grand-jury-subpoena"",""https://www.tncourts.gov/docs/forms/trial-court/initial-appearance"",""https://www.tncourts.gov/docs/forms/trial-court/inventory-be-included-summons-recover-personal-property"",""https://www.tncourts.gov/docs/forms/trial-court/judgment-sheet-multiple-charges-gs"",""https://www.tncourts.gov/docs/forms/trial-court/judgment-sheet-single-charge-gs"",""https://www.tncourts.gov/docs/forms/trial-court/health-insurance-notice-form-4"",""https://www.tncourts.gov/docs/forms/trial-court/judicial-hospitalization-cost-form"",""https://www.tncourts.gov/docs/forms/trial-court/mittimus"",""https://www.tncourts.gov/docs/forms/trial-court/motion-installment-payment"",""https://www.tncourts.gov/docs/forms/trial-court/motion-quash-garnishmentexecution-and-claim-exemption-rights"",""https://www.tncourts.gov/docs/forms/trial-court/motion-recover-court-cost"",""https://www.tncourts.gov/docs/forms/trial-court/notice-filing-foreign-judgment"",""https://www.tncourts.gov/docs/forms/trial-court/notice-re-tax-court-cost"",""https://www.tncourts.gov/docs/forms/trial-court/order-re-taxing-court-cost"",""https://www.tncourts.gov/docs/forms/trial-court/paupers-oath-lieu-appeal-bond"",""https://www.tncourts.gov/docs/forms/trial-court/petition-certificate-employability-pdf"",""https://www.tncourts.gov/docs/forms/trial-court/receipt-and-waiver-probate-court"",""https://www.tncourts.gov/docs/forms/trial-court/verified-petition-restoration-citizenship-rights"",""https://www.tncourts.gov/docs/forms/trial-court/order-restoration-citizenship-rights"",""https://www.tncourts.gov/docs/forms/appellate-court-clerk/uniform-affidavit-indigency"",""https://www.tncourts.gov/docs/forms/indigent-representation/uniform-affidavit-indigency-civil"",""https://www.tncourts.gov/docs/forms/trial-court/uniform-facsimile-filing-cover-sheet-pdf"",""https://www.tncourts.gov/docs/forms/trial-court/petition-post-conviction-relief"",""https://www.tncourts.gov/docs/forms/trial-court/release-garnishment"",""https://www.tncourts.gov/docs/forms/trial-court/release-income-assignment"",""https://www.tncourts.gov/docs/forms/trial-court/scire-facias"",""https://www.tncourts.gov/docs/forms/trial-court/stay-garnishment-or-attachment"",""https://www.tncourts.gov/docs/forms/trial-court/stay-income-assignment"",""https://www.tncourts.gov/docs/forms/trial-court/subpoena"",""https://www.tncourts.gov/docs/forms/trial-court/summons-enforcement-foreign-judgment"",""https://www.tncourts.gov/docs/forms/trial-court/summons-recover-personal-property"",""https://www.tncourts.gov/docs/forms/trial-court/uniform-pre-trial-diversion-application-1"",""https://www.tncourts.gov/docs/forms/trial-court/waiver-right-counsel"",""https://www.tncourts.gov/docs/forms/trial-court/writ-possession""]",https://www.tncourts.gov/,Official page retrieved through Firecrawl; original response and link observations retained. Retrieval is not certification of current legal applicability.,"Official forms/publications directory and selected appellate, trial-court, self-help and court-reporter form pages were identified and retrieved. The 58 stored forms_pages include observed document redirect endpoints; they are not 58 separate court collections. This bounded pass does not exhaust Tennessee local forms.",,,Tennessee state collection,0,0,0,53,0,0,53,0,0,53,No verified English documents in the active library,Text fallback,,,,Statewide source collections do not establish coverage of every county/division/judge; federal shared-site jurisdiction entries are not counts of distinct courts. Counts cover only retained English documents with supported titles. Source-link counts distinguish URLs associated with a retained file from source links without a local copy; source observations do not establish complete coverage.,light,TN,0,0,0,,"[{""source_page"":""https://www.tncourts.gov/"",""status"":200,""evidence_file"":"".firecrawl\\scrape-tn-home.json"",""links_observed"":110,""cached_at"":""2026-09-11T22:06:20.590Z""},{""source_page"":""https://www.tncourts.gov/forms-publications"",""status"":200,""evidence_file"":"".firecrawl\\scrape-tn.json"",""links_observed"":29,""cached_at"":null},{""source_page"":""https://www.tncourts.gov/courts/appellate-court-clerks-office/forms-resources"",""status"":200,""evidence_file"":"".firecrawl\\scrape-tn-child-0.json"",""links_observed"":18,""cached_at"":null},{""source_page"":""https://www.tncourts.gov/programs/self-help-center/forms/order-protection-forms"",""status"":200,""evidence_file"":"".firecrawl\\scrape-tn-child-1.json"",""links_observed"":20,""cached_at"":null},{""source_page"":""https://www.tncourts.gov/administration/judicial-resources/forms-documents/court-forms"",""status"":200,""evidence_file"":"".firecrawl\\scrape-tn-child-2.json"",""links_observed"":59,""cached_at"":null},{""source_page"":""https://www.tncourts.gov/programs/court-reporters/resources-court-reporters/forms-resources"",""status"":200,""evidence_file"":"".firecrawl\\scrape-tn-child-3.json"",""links_observed"":3,""cached_at"":null},{""source_page"":""https://www.tncourts.gov/administration/judicial-resources/forms-documents"",""status"":200,""evidence_file"":"".firecrawl\\scrape-tn-child-4.json"",""links_observed"":3,""cached_at"":null},{""source_page"":""https://www.tncourts.gov/docs/forms/trial-court/certificate-good-faith-medical-malpractice-case-plaintiffs-form"",""status"":200,""evidence_file"":"".firecrawl\\scrape-tn-detail-0.json"",""links_observed"":0,""cached_at"":null},{""source_page"":""https://www.tncourts.gov/docs/forms/trial-court/certificate-good-faith-medical-malpractice-case-defendants-form"",""status"":200,""evidence_file"":"".firecrawl\\scrape-tn-detail-1.json"",""links_observed"":0,""cached_at"":null},{""source_page"":""https://www.tncourts.gov/docs/forms/trial-court/uniform-order-alt-electronic-monitoring-device"",""status"":200,""evidence_file"":"".firecrawl\\scrape-tn-detail-10.json"",""links_observed"":0,""cached_at"":null},{""source_page"":""https://www.tncourts.gov/docs/forms/trial-court/affidavit-complaint-criminal"",""status"":200,""evidence_file"":"".firecrawl\\scrape-tn-detail-11.json"",""links_observed"":0,""cached_at"":null},{""source_page"":""https://www.tncourts.gov/docs/forms/trial-court/affidavit-complaint-worthless-check-sight-order"",""status"":200,""evidence_file"":"".firecrawl\\scrape-tn-detail-12.json"",""links_observed"":0,""cached_at"":null},{""source_page"":""https://www.tncourts.gov/docs/forms/trial-court/affidavit-income-and-property"",""status"":200,""evidence_file"":"".firecrawl\\scrape-tn-detail-13.json"",""links_observed"":0,""cached_at"":null},{""source_page"":""https://www.tncourts.gov/docs/forms/trial-court/appeal-bond-general-sessions"",""status"":200,""evidence_file"":"".firecrawl\\scrape-tn-detail-14.json"",""links_observed"":0,""cached_at"":null},{""source_page"":""https://www.tncourts.gov/docs/forms/trial-court/appearance-bond-general-sessions-court"",""status"":200,""evidence_file"":"".firecrawl\\scrape-tn-detail-15.json"",""links_observed"":0,""cached_at"":null},{""source_page"":""https://www.tncourts.gov/docs/forms/trial-court/application-writ-immediate-possession-personal-property"",""status"":200,""evidence_file"":"".firecrawl\\scrape-tn-detail-16.json"",""links_observed"":0,""cached_at"":null},{""source_page"":""https://www.tncourts.gov/docs/forms/trial-court/arrest-warrant"",""status"":200,""evidence_file"":"".firecrawl\\scrape-tn-detail-17.json"",""links_observed"":0,""cached_at"":null},{""source_page"":""https://www.tncourts.gov/docs/forms/trial-court/capias-bench-warrant"",""status"":200,""evidence_file"":"".firecrawl\\scrape-tn-detail-18.json"",""links_observed"":0,""cached_at"":null},{""source_page"":""https://www.tncourts.gov/docs/forms/trial-court/civil-summons-general-sessions-court"",""status"":200,""evidence_file"":"".firecrawl\\scrape-tn-detail-19.json"",""links_observed"":0,""cached_at"":null},{""source_page"":""https://www.tncourts.gov/docs/forms/supreme-court-approved-forms/disposition-firearms-pdf"",""status"":200,""evidence_file"":"".firecrawl\\scrape-tn-detail-2.json"",""links_observed"":0,""cached_at"":null},{""source_page"":""https://www.tncourts.gov/docs/forms/trial-court/civil-summons-chancery-and-circuit-courts"",""status"":200,""evidence_file"":"".firecrawl\\scrape-tn-detail-20.json"",""links_observed"":0,""cached_at"":null},{""source_page"":""https://www.tncourts.gov/docs/forms/trial-court/criminal-summons"",""status"":200,""evidence_file"":"".firecrawl\\scrape-tn-detail-21.json"",""links_observed"":0,""cached_at"":null},{""source_page"":""https://www.tncourts.gov/docs/forms/trial-court/detainer-summons"",""status"":200,""evidence_file"":"".firecrawl\\scrape-tn-detail-22.json"",""links_observed"":0,""cached_at"":null},{""source_page"":""https://www.tncourts.gov/docs/forms/trial-court/execution-garnishment"",""status"":200,""evidence_file"":"".firecrawl\\scrape-tn-detail-23.json"",""links_observed"":0,""cached_at"":null},{""source_page"":""https://www.tncourts.gov/docs/forms/trial-court/final-forfeiture"",""status"":200,""evidence_file"":"".firecrawl\\scrape-tn-detail-24.json"",""links_observed"":0,""cached_at"":null},{""source_page"":""https://www.tncourts.gov/docs/forms/trial-court/grand-jury-subpoena"",""status"":200,""evidence_file"":"".firecrawl\\scrape-tn-detail-25.json"",""links_observed"":0,""cached_at"":null},{""source_page"":""https://www.tncourts.gov/docs/forms/trial-court/initial-appearance"",""status"":200,""evidence_file"":"".firecrawl\\scrape-tn-detail-26.json"",""links_observed"":0,""cached_at"":null},{""source_page"":""https://www.tncourts.gov/docs/forms/trial-court/inventory-be-included-summons-recover-personal-property"",""status"":200,""evidence_file"":"".firecrawl\\scrape-tn-detail-27.json"",""links_observed"":0,""cached_at"":null},{""source_page"":""https://www.tncourts.gov/docs/forms/trial-court/judgment-sheet-multiple-charges-gs"",""status"":200,""evidence_file"":"".firecrawl\\scrape-tn-detail-28.json"",""links_observed"":0,""cached_at"":null},{""source_page"":""https://www.tncourts.gov/docs/forms/trial-court/judgment-sheet-single-charge-gs"",""status"":200,""evidence_file"":"".firecrawl\\scrape-tn-detail-29.json"",""links_observed"":0,""cached_at"":null},{""source_page"":""https://www.tncourts.gov/docs/forms/trial-court/health-insurance-notice-form-4"",""status"":200,""evidence_file"":"".firecrawl\\scrape-tn-detail-3.json"",""links_observed"":0,""cached_at"":null},{""source_page"":""https://www.tncourts.gov/docs/forms/trial-court/judicial-hospitalization-cost-form"",""status"":200,""evidence_file"":"".firecrawl\\scrape-tn-detail-30.json"",""links_observed"":0,""cached_at"":null},{""source_page"":""https://www.tncourts.gov/docs/forms/trial-court/mittimus"",""status"":200,""evidence_file"":"".firecrawl\\scrape-tn-detail-31.json"",""links_observed"":0,""cached_at"":null},{""source_page"":""https://www.tncourts.gov/docs/forms/trial-court/motion-installment-payment"",""status"":200,""evidence_file"":"".firecrawl\\scrape-tn-detail-32.json"",""links_observed"":0,""cached_at"":null},{""source_page"":""https://www.tncourts.gov/docs/forms/trial-court/motion-quash-garnishmentexecution-and-claim-exemption-rights"",""status"":200,""evidence_file"":"".firecrawl\\scrape-tn-detail-33.json"",""links_observed"":0,""cached_at"":null},{""source_page"":""https://www.tncourts.gov/docs/forms/trial-court/motion-recover-court-cost"",""status"":200,""evidence_file"":"".firecrawl\\scrape-tn-detail-34.json"",""links_observed"":0,""cached_at"":null},{""source_page"":""https://www.tncourts.gov/docs/forms/trial-court/notice-filing-foreign-judgment"",""status"":200,""evidence_file"":"".firecrawl\\scrape-tn-detail-35.json"",""links_observed"":0,""cached_at"":null},{""source_page"":""https://www.tncourts.gov/docs/forms/trial-court/notice-re-tax-court-cost"",""status"":200,""evidence_file"":"".firecrawl\\scrape-tn-detail-36.json"",""links_observed"":0,""cached_at"":null},{""source_page"":""https://www.tncourts.gov/docs/forms/trial-court/order-re-taxing-court-cost"",""status"":200,""evidence_file"":"".firecrawl\\scrape-tn-detail-37.json"",""links_observed"":0,""cached_at"":null},{""source_page"":""https://www.tncourts.gov/docs/forms/trial-court/paupers-oath-lieu-appeal-bond"",""status"":200,""evidence_file"":"".firecrawl\\scrape-tn-detail-38.json"",""links_observed"":0,""cached_at"":null},{""source_page"":""https://www.tncourts.gov/docs/forms/trial-court/petition-certificate-employability-pdf"",""status"":200,""evidence_file"":"".firecrawl\\scrape-tn-detail-4.json"",""links_observed"":0,""cached_at"":null},{""source_page"":""https://www.tncourts.gov/docs/forms/trial-court/receipt-and-waiver-probate-court"",""status"":200,""evidence_file"":"".firecrawl\\scrape-tn-detail-40.json"",""links_observed"":0,""cached_at"":null},{""source_page"":""https://www.tncourts.gov/docs/forms/trial-court/verified-petition-restoration-citizenship-rights"",""status"":200,""evidence_file"":"".firecrawl\\scrape-tn-detail-5.json"",""links_observed"":2,""cached_at"":null},{""source_page"":""https://www.tncourts.gov/docs/forms/trial-court/order-restoration-citizenship-rights"",""status"":200,""evidence_file"":"".firecrawl\\scrape-tn-detail-6.json"",""links_observed"":2,""cached_at"":null},{""source_page"":""https://www.tncourts.gov/docs/forms/appellate-court-clerk/uniform-affidavit-indigency"",""status"":200,""evidence_file"":"".firecrawl\\scrape-tn-detail-7.json"",""links_observed"":0,""cached_at"":null},{""source_page"":""https://www.tncourts.gov/docs/forms/indigent-representation/uniform-affidavit-indigency-civil"",""status"":200,""evidence_file"":"".firecrawl\\scrape-tn-detail-8.json"",""links_observed"":0,""cached_at"":null},{""source_page"":""https://www.tncourts.gov/docs/forms/trial-court/uniform-facsimile-filing-cover-sheet-pdf"",""status"":200,""evidence_file"":"".firecrawl\\scrape-tn-detail-9.json"",""links_observed"":0,""cached_at"":null},{""source_page"":""https://www.tncourts.gov/docs/forms/trial-court/petition-post-conviction-relief"",""status"":200,""evidence_file"":"".firecrawl\\scrape-tn-detail-39.json"",""links_observed"":0,""cached_at"":null},{""source_page"":""https://www.tncourts.gov/docs/forms/trial-court/release-garnishment"",""status"":200,""evidence_file"":"".firecrawl\\scrape-tn-detail-41.json"",""links_observed"":0,""cached_at"":null},{""source_page"":""https://www.tncourts.gov/docs/forms/trial-court/release-income-assignment"",""status"":200,""evidence_file"":"".firecrawl\\scrape-tn-detail-42.json"",""links_observed"":0,""cached_at"":null},{""source_page"":""https://www.tncourts.gov/docs/forms/trial-court/scire-facias"",""status"":200,""evidence_file"":"".firecrawl\\scrape-tn-detail-43.json"",""links_observed"":0,""cached_at"":null},{""source_page"":""https://www.tncourts.gov/docs/forms/trial-court/stay-garnishment-or-attachment"",""status"":200,""evidence_file"":"".firecrawl\\scrape-tn-detail-44.json"",""links_observed"":0,""cached_at"":null},{""source_page"":""https://www.tncourts.gov/docs/forms/trial-court/stay-income-assignment"",""status"":200,""evidence_file"":"".firecrawl\\scrape-tn-detail-45.json"",""links_observed"":0,""cached_at"":null},{""source_page"":""https://www.tncourts.gov/docs/forms/trial-court/subpoena"",""status"":200,""evidence_file"":"".firecrawl\\scrape-tn-detail-46.json"",""links_observed"":0,""cached_at"":null},{""source_page"":""https://www.tncourts.gov/docs/forms/trial-court/summons-enforcement-foreign-judgment"",""status"":200,""evidence_file"":"".firecrawl\\scrape-tn-detail-47.json"",""links_observed"":0,""cached_at"":null},{""source_page"":""https://www.tncourts.gov/docs/forms/trial-court/summons-recover-personal-property"",""status"":200,""evidence_file"":"".firecrawl\\scrape-tn-detail-48.json"",""links_observed"":0,""cached_at"":null},{""source_page"":""https://www.tncourts.gov/docs/forms/trial-court/uniform-pre-trial-diversion-application-1"",""status"":200,""evidence_file"":"".firecrawl\\scrape-tn-detail-49.json"",""links_observed"":0,""cached_at"":null},{""source_page"":""https://www.tncourts.gov/docs/forms/trial-court/waiver-right-counsel"",""status"":200,""evidence_file"":"".firecrawl\\scrape-tn-detail-50.json"",""links_observed"":0,""cached_at"":null},{""source_page"":""https://www.tncourts.gov/docs/forms/trial-court/writ-possession"",""status"":200,""evidence_file"":"".firecrawl\\scrape-tn-detail-51.json"",""links_observed"":0,""cached_at"":null}]",Official statewide/judiciary form directories and selected observed child pages; not exhaustive local county/city court or judge-specific coverage.,,,,,
ST:tx_state,Texas Courts,state,Texas,https://www.txcourts.gov/,"[""https://www.txcourts.gov/forms/""]",https://www.txcourts.gov/forms/,Official page retrieved through Firecrawl; original response and link observations retained. Retrieval is not certification of current legal applicability.,Statewide or court-hosted forms index; may not cover all local courts or local forms.,,,Texas state collection,306,38,268,707,309,0,1,0,0,398,English documents available; wider coverage unverified,Logo/seal available,05-Court-and-Judge-Assets/images/39/396cb54ab4ab77d0e62f63ee7efcf3054721519773f87e5136c73f9caefc50e3.png,judiciary_logo,https://www.txcourts.gov/,Statewide source collections do not establish coverage of every county/division/judge; federal shared-site jurisdiction entries are not counts of distinct courts. Counts cover only retained English documents with supported titles. Source-link counts distinguish URLs associated with a retained file from source links without a local copy; source observations do not establish complete coverage.,light,TX,306,0,706,,"[{""source_page"":""https://www.txcourts.gov/forms/"",""status"":200,""evidence_file"":"".firecrawl\\scrape-tx.json"",""links_observed"":87,""cached_at"":""2026-09-12T16:26:01.242Z""}]",Official statewide/judiciary form directories and selected observed child pages; not exhaustive local county/city court or judge-specific coverage.,,,,,
ST:ut_state,Utah Courts,state,Utah,https://www.utcourts.gov/,"[""https://www.utcourts.gov/en/forms/forms/court-forms.html"",""https://www.utcourts.gov/en/forms/forms/court-forms.html?case-type=all"",""https://www.utcourts.gov/en/forms/forms/court-forms/form-detail.detail.html?formNumber=1001CR"",""https://www.utcourts.gov/en/forms/forms/court-forms/form-detail.detail.html?formNumber=1501CR"",""https://www.utcourts.gov/en/forms/forms/court-forms/form-detail.detail.html?formNumber=1000CR"",""https://www.utcourts.gov/en/forms/forms/court-forms/form-detail.detail.html?formNumber=1306GE"",""https://www.utcourts.gov/en/forms/forms/court-forms/form-detail.detail.html?formNumber=1502CR"",""https://www.utcourts.gov/en/forms/forms/court-forms/form-detail.detail.html?formNumber=2000CR"",""https://www.utcourts.gov/en/forms/forms/court-forms/form-detail.detail.html?formNumber=1500CR"",""https://www.utcourts.gov/en/forms/forms/court-forms/form-detail.detail.html?formNumber=1071GE"",""https://www.utcourts.gov/en/forms/forms/court-forms/form-detail.detail.html?formNumber=1600GE"",""https://www.utcourts.gov/en/forms/forms/court-forms/form-detail.detail.html?formNumber=1110GE"",""https://www.utcourts.gov/en/forms/forms/court-forms/form-detail.detail.html?formNumber=1160GEJ"",""https://www.utcourts.gov/en/forms/forms/court-forms/form-detail.detail.html?formNumber=1051GE"",""https://www.utcourts.gov/en/forms/forms/court-forms/form-detail.detail.html?formNumber=1161GEJ"",""https://www.utcourts.gov/en/forms/forms/court-forms/form-detail.detail.html?formNumber=1054GE"",""https://www.utcourts.gov/en/forms/forms/court-forms/form-detail.detail.html?formNumber=1053GE"",""https://www.utcourts.gov/en/forms/forms/court-forms/form-detail.detail.html?formNumber=1002CR"",""https://www.utcourts.gov/en/forms/forms/court-forms/form-detail.detail.html?formNumber=1013GE"",""https://www.utcourts.gov/en/forms/forms/court-forms/form-detail.detail.html?formNumber=1070GE""]",https://www.utcourts.gov/en/forms/forms/court-forms.html,Official page retrieved through Firecrawl; original response and link observations retained. Retrieval is not certification of current legal applicability.,Statewide or court-hosted forms index; may not cover all local courts or local forms.,,,Utah state collection,22,2,20,68,22,10,0,0,0,46,English documents available; wider coverage unverified,Logo/seal available,05-Court-and-Judge-Assets/images/3f/3f0a4836f51fdf1e53b671302c27763aa9fea79910f6827c9c720b3bbd025496.svg,judiciary_logo,https://www.utcourts.gov/,Statewide source collections do not establish coverage of every county/division/judge; federal shared-site jurisdiction entries are not counts of distinct courts. Counts cover only retained English documents with supported titles. Source-link counts distinguish URLs associated with a retained file from source links without a local copy; source observations do not establish complete coverage.,light,UT,22,0,58,,"[{""source_page"":""https://www.utcourts.gov/en/forms/forms/court-forms.html"",""status"":200,""evidence_file"":"".firecrawl\\scrape-ut.json"",""links_observed"":19,""cached_at"":null},{""source_page"":""https://www.utcourts.gov/en/forms/forms/court-forms.html?case-type=all"",""status"":200,""evidence_file"":"".firecrawl\\scrape-ut-child-0.json"",""links_observed"":933,""cached_at"":null},{""source_page"":""https://www.utcourts.gov/en/forms/forms/court-forms/form-detail.detail.html?formNumber=1001CR"",""status"":200,""evidence_file"":"".firecrawl\\scrape-ut-detail-0.json"",""links_observed"":7,""cached_at"":null},{""source_page"":""https://www.utcourts.gov/en/forms/forms/court-forms/form-detail.detail.html?formNumber=1501CR"",""status"":200,""evidence_file"":"".firecrawl\\scrape-ut-detail-1.json"",""links_observed"":7,""cached_at"":null},{""source_page"":""https://www.utcourts.gov/en/forms/forms/court-forms/form-detail.detail.html?formNumber=1000CR"",""status"":200,""evidence_file"":"".firecrawl\\scrape-ut-detail-2.json"",""links_observed"":7,""cached_at"":null},{""source_page"":""https://www.utcourts.gov/en/forms/forms/court-forms/form-detail.detail.html?formNumber=1306GE"",""status"":200,""evidence_file"":"".firecrawl\\scrape-ut-detail-4.json"",""links_observed"":7,""cached_at"":null},{""source_page"":""https://www.utcourts.gov/en/forms/forms/court-forms/form-detail.detail.html?formNumber=1502CR"",""status"":200,""evidence_file"":"".firecrawl\\scrape-ut-detail-5.json"",""links_observed"":7,""cached_at"":null},{""source_page"":""https://www.utcourts.gov/en/forms/forms/court-forms/form-detail.detail.html?formNumber=2000CR"",""status"":200,""evidence_file"":"".firecrawl\\scrape-ut-detail-6.json"",""links_observed"":7,""cached_at"":null},{""source_page"":""https://www.utcourts.gov/en/forms/forms/court-forms/form-detail.detail.html?formNumber=1500CR"",""status"":200,""evidence_file"":"".firecrawl\\scrape-ut-detail-7.json"",""links_observed"":7,""cached_at"":null},{""source_page"":""https://www.utcourts.gov/en/forms/forms/court-forms/form-detail.detail.html?formNumber=1071GE"",""status"":200,""evidence_file"":"".firecrawl\\scrape-ut-detail-10.json"",""links_observed"":7,""cached_at"":null},{""source_page"":""https://www.utcourts.gov/en/forms/forms/court-forms/form-detail.detail.html?formNumber=1600GE"",""status"":200,""evidence_file"":"".firecrawl\\scrape-ut-detail-11.json"",""links_observed"":8,""cached_at"":null},{""source_page"":""https://www.utcourts.gov/en/forms/forms/court-forms/form-detail.detail.html?formNumber=1110GE"",""status"":200,""evidence_file"":"".firecrawl\\scrape-ut-detail-12.json"",""links_observed"":7,""cached_at"":null},{""source_page"":""https://www.utcourts.gov/en/forms/forms/court-forms/form-detail.detail.html?formNumber=1160GEJ"",""status"":200,""evidence_file"":"".firecrawl\\scrape-ut-detail-13.json"",""links_observed"":7,""cached_at"":null},{""source_page"":""https://www.utcourts.gov/en/forms/forms/court-forms/form-detail.detail.html?formNumber=1051GE"",""status"":200,""evidence_file"":"".firecrawl\\scrape-ut-detail-14.json"",""links_observed"":7,""cached_at"":null},{""source_page"":""https://www.utcourts.gov/en/forms/forms/court-forms/form-detail.detail.html?formNumber=1161GEJ"",""status"":200,""evidence_file"":"".firecrawl\\scrape-ut-detail-15.json"",""links_observed"":7,""cached_at"":null},{""source_page"":""https://www.utcourts.gov/en/forms/forms/court-forms/form-detail.detail.html?formNumber=1054GE"",""status"":200,""evidence_file"":"".firecrawl\\scrape-ut-detail-16.json"",""links_observed"":7,""cached_at"":null},{""source_page"":""https://www.utcourts.gov/en/forms/forms/court-forms/form-detail.detail.html?formNumber=1053GE"",""status"":200,""evidence_file"":"".firecrawl\\scrape-ut-detail-17.json"",""links_observed"":7,""cached_at"":null},{""source_page"":""https://www.utcourts.gov/en/forms/forms/court-forms/form-detail.detail.html?formNumber=1002CR"",""status"":200,""evidence_file"":"".firecrawl\\scrape-ut-detail-3.json"",""links_observed"":7,""cached_at"":null},{""source_page"":""https://www.utcourts.gov/en/forms/forms/court-forms/form-detail.detail.html?formNumber=1013GE"",""status"":200,""evidence_file"":"".firecrawl\\scrape-ut-detail-8.json"",""links_observed"":7,""cached_at"":null},{""source_page"":""https://www.utcourts.gov/en/forms/forms/court-forms/form-detail.detail.html?formNumber=1070GE"",""status"":200,""evidence_file"":"".firecrawl\\scrape-ut-detail-9.json"",""links_observed"":8,""cached_at"":null}]",Official statewide/judiciary form directories and selected observed child pages; not exhaustive local county/city court or judge-specific coverage.,,,,,
ST:vt_state,Vermont Courts,state,Vermont,http://www.vtcourts.gov/,"[""http://www.vtcourts.gov/court-forms""]",http://www.vtcourts.gov/court-forms,Official page retrieved through Firecrawl; original response and link observations retained. Retrieval is not certification of current legal applicability.,Statewide or court-hosted forms index; may not cover all local courts or local forms.,,,Vermont state collection,33,0,33,50,33,0,2,0,0,17,English documents available; wider coverage unverified,Logo/seal available,05-Court-and-Judge-Assets/images/15/158132c77bc525bcd54743784d472729d82757212e0a88c0f5110b43c47e0a83.svg,judiciary_logo,https://www.vtcourts.gov/,Statewide source collections do not establish coverage of every county/division/judge; federal shared-site jurisdiction entries are not counts of distinct courts. Counts cover only retained English documents with supported titles. Source-link counts distinguish URLs associated with a retained file from source links without a local copy; source observations do not establish complete coverage.,light,VT,33,0,48,,"[{""source_page"":""http://www.vtcourts.gov/court-forms"",""status"":200,""evidence_file"":"".firecrawl\\scrape-vt.json"",""links_observed"":68,""cached_at"":null}]",Official statewide/judiciary form directories and selected observed child pages; not exhaustive local county/city court or judge-specific coverage.,,,,,
ST:va_state,Virginia Courts,state,Virginia,https://www.vacourts.gov/,"[""https://www.vacourts.gov/forms/home"",""https://www.vacourts.gov/courts/scv/forms"",""https://www.vacourts.gov/courts/cav/forms/general"",""https://www.vacourts.gov/forms/circuit/home"",""https://www.vacourts.gov/forms/district/home""]",https://www.vacourts.gov/forms/home,Official page retrieved through Firecrawl; original response and link observations retained. Retrieval is not certification of current legal applicability.,Statewide or court-hosted forms index; may not cover all local courts or local forms.,,,Virginia state collection,187,1,186,481,188,0,1,0,0,293,English documents available; wider coverage unverified,Text fallback,,,,Statewide source collections do not establish coverage of every county/division/judge; federal shared-site jurisdiction entries are not counts of distinct courts. Counts cover only retained English documents with supported titles. Source-link counts distinguish URLs associated with a retained file from source links without a local copy; source observations do not establish complete coverage.,light,VA,187,0,480,,"[{""source_page"":""https://www.vacourts.gov/forms/home"",""status"":200,""evidence_file"":"".firecrawl\\scrape-va.json"",""links_observed"":5,""cached_at"":null},{""source_page"":""https://www.vacourts.gov/courts/scv/forms"",""status"":200,""evidence_file"":"".firecrawl\\scrape-va-detail-0.json"",""links_observed"":8,""cached_at"":null},{""source_page"":""https://www.vacourts.gov/courts/cav/forms/general"",""status"":200,""evidence_file"":"".firecrawl\\scrape-va-detail-1.json"",""links_observed"":23,""cached_at"":null},{""source_page"":""https://www.vacourts.gov/forms/circuit/home"",""status"":200,""evidence_file"":"".firecrawl\\scrape-va-detail-2.json"",""links_observed"":5,""cached_at"":""2026-09-11T14:27:32.642Z""},{""source_page"":""https://www.vacourts.gov/forms/district/home"",""status"":200,""evidence_file"":"".firecrawl\\scrape-va-detail-3.json"",""links_observed"":4,""cached_at"":null},{""source_page"":""https://www.vacourts.gov/forms/home"",""status"":200,""evidence_file"":"".firecrawl\\scrape-va-full.json"",""links_observed"":97,""cached_at"":""2026-09-12T23:49:37.928Z""}]",Official statewide/judiciary form directories and selected observed child pages; not exhaustive local county/city court or judge-specific coverage.,,,,,
ST:wa_state,Washington Courts,state,Washington,https://www.courts.wa.gov/,"[""https://www.courts.wa.gov/forms/"",""https://www.courts.wa.gov/forms/?fa=forms.static&staticID=14""]",https://www.courts.wa.gov/forms/,Official page retrieved through Firecrawl; original response and link observations retained. Retrieval is not certification of current legal applicability.,Statewide or court-hosted forms index; may not cover all local courts or local forms.,,,Washington state collection,624,322,302,1443,624,0,0,0,0,819,English documents available; wider coverage unverified,Logo/seal available,05-Court-and-Judge-Assets/images/fb/fbff862fd631d5caf637b5e1d274267720b79ff79eaa6a0656920cef837835ca.jpg,judiciary_logo,https://www.courts.wa.gov/error.html,Statewide source collections do not establish coverage of every county/division/judge; federal shared-site jurisdiction entries are not counts of distinct courts. Counts cover only retained English documents with supported titles. Source-link counts distinguish URLs associated with a retained file from source links without a local copy; source observations do not establish complete coverage.,light,WA,624,0,1443,,"[{""source_page"":""https://www.courts.wa.gov/forms/?fa=forms.static&staticID=14"",""status"":200,""evidence_file"":"".firecrawl\\scrape-wa-all.json"",""links_observed"":1527,""cached_at"":""2026-09-12T12:29:57.223Z""},{""source_page"":""https://www.courts.wa.gov/forms/"",""status"":200,""evidence_file"":"".firecrawl\\scrape-wa.json"",""links_observed"":119,""cached_at"":""2026-09-12T12:29:15.297Z""}]",Official statewide/judiciary form directories and selected observed child pages; not exhaustive local county/city court or judge-specific coverage.,,,,,
ST:wv_state,West Virginia Courts,state,West Virginia,https://www.courtswv.gov/,"[""https://www.courtswv.gov/public-resources/court-forms""]",https://www.courtswv.gov/public-resources/court-forms,Official page retrieved through Firecrawl; original response and link observations retained. Retrieval is not certification of current legal applicability.,Statewide or court-hosted forms index; may not cover all local courts or local forms.,,,West Virginia state collection,155,0,155,255,157,0,1,0,0,98,English documents available; wider coverage unverified,Logo/seal available,05-Court-and-Judge-Assets/images/70/7005d53ad5d5960cd53d250f01b33cfb88c505ff4dbe3d081c4796d922ddc3ea.png,judiciary_logo,https://www.courtswv.gov/,Statewide source collections do not establish coverage of every county/division/judge; federal shared-site jurisdiction entries are not counts of distinct courts. Counts cover only retained English documents with supported titles. Source-link counts distinguish URLs associated with a retained file from source links without a local copy; source observations do not establish complete coverage.,light,WV,155,0,254,,"[{""source_page"":""https://www.courtswv.gov/public-resources/court-forms"",""status"":200,""evidence_file"":"".firecrawl\\scrape-wv.json"",""links_observed"":19,""cached_at"":null}]",Official statewide/judiciary form directories and selected observed child pages; not exhaustive local county/city court or judge-specific coverage.,,,,,
ST:wi_state,Wisconsin Courts,state,Wisconsin,https://www.wicourts.gov/,"[""https://www.wicourts.gov/forms1/circuit.htm"",""https://www.wicourts.gov/forms1/circuit/formcategory.jsp?Category=4"",""https://www.wicourts.gov/forms1/circuit/formcategory.jsp?Category=12""]",https://www.wicourts.gov/forms1/circuit.htm,Official page retrieved through Firecrawl; original response and link observations retained. Retrieval is not certification of current legal applicability.,Statewide or court-hosted forms index; may not cover all local courts or local forms.,,,Wisconsin state collection,5,0,5,892,5,0,2,0,0,887,English documents available; wider coverage unverified,Logo/seal available,05-Court-and-Judge-Assets/images/c4/c462a2aa6c9ef6daefd401190c0a82e907d9809b95dc710961139207023a89fb.png,judiciary_logo,https://www.wicourts.gov/,Statewide source collections do not establish coverage of every county/division/judge; federal shared-site jurisdiction entries are not counts of distinct courts. Counts cover only retained English documents with supported titles. Source-link counts distinguish URLs associated with a retained file from source links without a local copy; source observations do not establish complete coverage.,light,WI,5,0,890,,"[{""source_page"":""https://www.wicourts.gov/forms1/circuit.htm"",""status"":200,""evidence_file"":"".firecrawl\\scrape-wi.json"",""links_observed"":25,""cached_at"":null},{""source_page"":""https://www.wicourts.gov/forms1/circuit/formcategory.jsp?Category=4"",""status"":200,""evidence_file"":"".firecrawl\\scrape-wi-child-0.json"",""links_observed"":13,""cached_at"":null},{""source_page"":""https://www.wicourts.gov/forms1/circuit/formcategory.jsp?Category=12"",""status"":200,""evidence_file"":"".firecrawl\\scrape-wi-child-1.json"",""links_observed"":9,""cached_at"":null}]",Official statewide/judiciary form directories and selected observed child pages; not exhaustive local county/city court or judge-specific coverage.,,,,,
ST:wy_state,Wyoming Courts,state,Wyoming,https://www.wyocourts.gov/,"[""https://www.wyocourts.gov/self-help-forms/""]",https://www.wyocourts.gov/self-help-forms/,Official page retrieved through Firecrawl; original response and link observations retained. Retrieval is not certification of current legal applicability.,Statewide or court-hosted forms index; may not cover all local courts or local forms.,,,Wyoming state collection,603,293,310,1042,606,0,0,0,0,436,English documents available; wider coverage unverified,Logo/seal available,05-Court-and-Judge-Assets/images/98/98ac9d008e6b247e18899f65b5a4635012478d4e4d0cc175497f33c48c4d987a.png,judiciary_logo,https://www.wyocourts.gov/,Statewide source collections do not establish coverage of every county/division/judge; federal shared-site jurisdiction entries are not counts of distinct courts. Counts cover only retained English documents with supported titles. Source-link counts distinguish URLs associated with a retained file from source links without a local copy; source observations do not establish complete coverage.,light,WY,603,0,1042,,"[{""source_page"":""https://www.wyocourts.gov/self-help-forms/"",""status"":200,""evidence_file"":"".firecrawl\\scrape-wy.json"",""links_observed"":1146,""cached_at"":null}]",Official statewide/judiciary form directories and selected observed child pages; not exhaustive local county/city court or judge-specific coverage.,,,,,
ST:pr_state,Puerto Rico Courts,state,Puerto Rico,https://poderjudicial.pr/,"[""https://poderjudicial.pr/formularios/""]",https://poderjudicial.pr/formularios/,Official page retrieved through Firecrawl; original response and link observations retained. Retrieval is not certification of current legal applicability.,Official forms page prohibits commercial use or personal profit. Link/reference only pending reuse permission review.,,,Puerto Rico state collection,0,0,0,224,0,0,0,224,0,224,No verified English documents in the active library,Logo/seal available,05-Court-and-Judge-Assets/images/62/62fbfae1492ed36aea408bb32f4e5a6b6f51c8abd6977d19b8e7ee331308091a.png,judiciary_logo,https://poderjudicial.pr/,Statewide source collections do not establish coverage of every county/division/judge; federal shared-site jurisdiction entries are not counts of distinct courts. Counts cover only retained English documents with supported titles. Source-link counts distinguish URLs associated with a retained file from source links without a local copy; source observations do not establish complete coverage.,light,PR,0,0,0,,"[{""source_page"":""https://poderjudicial.pr/formularios/"",""status"":200,""evidence_file"":"".firecrawl\\scrape-pr.json"",""links_observed"":238,""cached_at"":null}]",Official statewide/judiciary form directories and selected observed child pages; not exhaustive local county/city court or judge-specific coverage.,,reference_only,,,
ST:vi_state,U.S. Virgin Islands Courts,state,U.S. Virgin Islands,https://www.vicourts.org/,"[""https://www.vicourts.org/forms"",""https://www.vicourts.org/forms/superior_court""]",https://www.vicourts.org/forms,Official page retrieved through Firecrawl; original response and link observations retained. Retrieval is not certification of current legal applicability.,Statewide or court-hosted forms index; may not cover all local courts or local forms.,,,Virgin Islands state collection,1,0,1,1,1,0,0,0,0,0,English documents available; wider coverage unverified,Text fallback,,,,Statewide source collections do not establish coverage of every county/division/judge; federal shared-site jurisdiction entries are not counts of distinct courts. Counts cover only retained English documents with supported titles. Source-link counts distinguish URLs associated with a retained file from source links without a local copy; source observations do not establish complete coverage.,light,VI,1,0,1,,"[{""source_page"":""https://www.vicourts.org/forms"",""status"":200,""evidence_file"":"".firecrawl\\scrape-vi.json"",""links_observed"":12,""cached_at"":null},{""source_page"":""https://www.vicourts.org/forms/superior_court"",""status"":200,""evidence_file"":"".firecrawl\\scrape-vi-child-0.json"",""links_observed"":10,""cached_at"":null}]",Official statewide/judiciary form directories and selected observed child pages; not exhaustive local county/city court or judge-specific coverage.,,,,,
ST:gu_state,Guam Courts,state,Guam,https://guamcourts.gov/,"[""https://guamcourts.gov/judiciary-information/resources/forms""]",https://guamcourts.gov/judiciary-information/resources/forms,Official page retrieved through Firecrawl; original response and link observations retained. Retrieval is not certification of current legal applicability.,Statewide or court-hosted forms index; may not cover all local courts or local forms.,,,Guam state collection,26,0,26,127,35,0,1,0,0,92,English documents available; wider coverage unverified,Logo/seal available,05-Court-and-Judge-Assets/images/c8/c8506191e67777f3c6bd0594661bd82c1252ef192ef31dd7d6f951679d2dc754.png,judiciary_logo,https://www.guamcourts.gov/,Statewide source collections do not establish coverage of every county/division/judge; federal shared-site jurisdiction entries are not counts of distinct courts. Counts cover only retained English documents with supported titles. Source-link counts distinguish URLs associated with a retained file from source links without a local copy; source observations do not establish complete coverage.,light,GU,26,0,126,,"[{""source_page"":""https://guamcourts.gov/judiciary-information/resources/forms"",""status"":200,""evidence_file"":"".firecrawl\\scrape-gu.json"",""links_observed"":45,""cached_at"":null}]",Official statewide/judiciary form directories and selected observed child pages; not exhaustive local county/city court or judge-specific coverage.,,,,,
ST:mp_state,Northern Mariana Islands Courts,state,Northern Mariana Islands,https://www.nmijudiciary.gov/,"[""https://www.nmijudiciary.gov/court-forms""]",https://www.nmijudiciary.gov/court-forms,Official page retrieved through Firecrawl; original response and link observations retained. Retrieval is not certification of current legal applicability.,"CNMI local judiciary, separate from federal District Court NMI.",,,Northern Mariana Islands state collection,3,0,3,18,3,0,0,0,0,15,English documents available; wider coverage unverified,Text fallback,,,,Statewide source collections do not establish coverage of every county/division/judge; federal shared-site jurisdiction entries are not counts of distinct courts. Counts cover only retained English documents with supported titles. Source-link counts distinguish URLs associated with a retained file from source links without a local copy; source observations do not establish complete coverage.,light,MP,3,0,18,,"[{""source_page"":""https://www.nmijudiciary.gov/court-forms"",""status"":200,""evidence_file"":"".firecrawl\\scrape-mp.json"",""links_observed"":12,""cached_at"":null}]",Official statewide/judiciary form directories and selected observed child pages; not exhaustive local county/city court or judge-specific coverage.,,,,,
ST:as_state,High Court of American Samoa,state,American Samoa,,[],https://www.justice.gov/jmd/ls/state/american-samoa,Judiciary existence verified through U.S. DOJ directory; official forms unavailable in this discovery pass,No official downloadable court form collection verified. Included as an explicit roster gap; do not treat judiciary directory as downloaded forms.,,,American Samoa state collection,0,0,0,0,0,0,0,0,0,0,No verified English documents in the active library,Text fallback,,,,Statewide source collections do not establish coverage of every county/division/judge; federal shared-site jurisdiction entries are not counts of distinct courts. Counts cover only retained English documents with supported titles. Source-link counts distinguish URLs associated with a retained file from source links without a local copy; source observations do not establish complete coverage.,light,AS,0,0,0,,,Official statewide/judiciary form directories and selected observed child pages; not exhaustive local county/city court or judge-specific coverage.,,,,,
LC:pa_philadelphia,"Court of Common Pleas of Philadelphia County — Trial Division, Civil",local,Pennsylvania,https://www.courts.phila.gov/,"[""https://www.courts.phila.gov/"",""https://www.courts.phila.gov/common-pleas/trial/civil"",""https://www.courts.phila.gov/forms"",""https://www.courts.phila.gov/localrules""]",https://www.courts.phila.gov/,"Official court search result and live official page links observed through Firecrawl, 2026-09-12; document currency and reuse permission are not certified.",Complex Litigation Center and general civil forms.,,,Philadelphia Court of Common Pleas,121,0,121,214,122,0,1,0,0,92,English documents available; wider coverage unverified,Logo/seal available,05-Court-and-Judge-Assets/images/21/21bef4871fc4b187c7834af08d89c9fd0cfb7e04af0c43d3e98ead96f7aaa24f.png,court_logo,https://www.courts.phila.gov/,Statewide source collections do not establish coverage of every county/division/judge; federal shared-site jurisdiction entries are not counts of distinct courts. Counts cover only retained English documents with supported titles. Source-link counts distinguish URLs associated with a retained file from source links without a local copy; source observations do not establish complete coverage.,light,PHL,121,0,213,,,,,official_blank_forms_rules_practice_materials_only,,Permission for redistribution or incorporation into a product is not established by public availability; verify court terms and each document's applicability.,214
LC:ny_new_york,"Supreme Court of the State of New York, New York County — Civil Term",local,New York,https://www.nycourts.gov/courts/new-york-county-supreme-court-civil-term/about-court,"[""https://www.nycourts.gov/commercial-division-new-york-county-manhattan"",""https://www.nycourts.gov/commercial-division-new-york-county-manhattan/new-york-county-rules"",""https://www.nycourts.gov/courts/1st-judicial-district/new-york-county-supreme-court-civil-term/forms"",""https://www.nycourts.gov/courts/new-york-county-supreme-court-civil-term/preliminary-conference-forms""]",https://www.nycourts.gov/courts/1st-judicial-district/new-york-county-supreme-court-civil-term/forms,"Official court search result and live official page links observed through Firecrawl, 2026-09-12; document currency and reuse permission are not certified.",Civil Term; preliminary conference forms and case-management practices. Individual Parts may require different forms.,,,New York County Supreme Court Civil,2,0,2,12,2,0,0,0,0,10,English documents available; wider coverage unverified,Logo/seal available,05-Court-and-Judge-Assets/images/99/99c18df88186ceb3483b60c545a7304f46ce7430f2c804aeea668da4a907034a.svg,judiciary_logo,https://www.nycourts.gov/courts/1st-judicial-district/new-york-county-supreme-court-civil-term/forms,Statewide source collections do not establish coverage of every county/division/judge; federal shared-site jurisdiction entries are not counts of distinct courts. Counts cover only retained English documents with supported titles. Source-link counts distinguish URLs associated with a retained file from source links without a local copy; source observations do not establish complete coverage.,light,NYC,2,0,12,,,,,official_blank_forms_rules_practice_materials_only,,Permission for redistribution or incorporation into a product is not established by public availability; verify court terms and each document's applicability.,12
LC:ca_los_angeles,"Superior Court of California, County of Los Angeles — Civil Division",local,California,https://www.lacourt.ca.gov/home,"[""https://www.lacourt.ca.gov/pages/cp/general-orders"",""https://www.lacourt.ca.gov/pages/lp/fo-forms/cp/civil""]",https://www.lacourt.ca.gov/pages/lp/fo-forms/cp/civil,"Official court search result and live official page links observed through Firecrawl, 2026-09-12; document currency and reuse permission are not certified.",New official domain observed on current forms page; some form listings are dynamic. Includes complex civil.,,,Los Angeles Superior Court,31,0,31,43,31,0,0,0,0,12,English documents available; wider coverage unverified,Logo/seal available,05-Court-and-Judge-Assets/images/bb/bb2379ebcdade3c399e213e2cb9f899008e7282fd42075148adb433b38c2732a.png,court_logo,https://www.lacourt.ca.gov/home,Statewide source collections do not establish coverage of every county/division/judge; federal shared-site jurisdiction entries are not counts of distinct courts. Counts cover only retained English documents with supported titles. Source-link counts distinguish URLs associated with a retained file from source links without a local copy; source observations do not establish complete coverage.,light,LA,31,0,43,,,,,official_blank_forms_rules_practice_materials_only,,Permission for redistribution or incorporation into a product is not established by public availability; verify court terms and each document's applicability.,43
LC:ca_san_francisco,"Superior Court of California, County of San Francisco — Civil Division",local,California,https://sf.courts.ca.gov/divisions/civil-division,"[""https://sf.courts.ca.gov/divisions/civil-division/alternative-dispute-resolution"",""https://sf.courts.ca.gov/divisions/civil-division/asbestos-department"",""https://sf.courts.ca.gov/divisions/civil-division/civil-case-management"",""https://sf.courts.ca.gov/divisions/civil-division/complex-civil-litigation"",""https://sf.courts.ca.gov/general-information/san-francisco-local-rules-court""]",https://sf.courts.ca.gov/divisions/civil-division/complex-civil-litigation,"Official court search result and live official page links observed through Firecrawl, 2026-09-12; document currency and reuse permission are not certified.",Complex Civil Litigation; Department-specific procedures must retain their Part/Department scope.,,,San Francisco Superior Court,7,0,7,11,7,0,0,0,0,4,English documents available; wider coverage unverified,Site icon only,05-Court-and-Judge-Assets/images/45/451b1b20fbebb8679e8dbd6ea1dc8d892056bdc70e86449a589b1d7f756578c5.gif,favicon,https://sf.courts.ca.gov/divisions/civil-division/complex-civil-litigation,Statewide source collections do not establish coverage of every county/division/judge; federal shared-site jurisdiction entries are not counts of distinct courts. Counts cover only retained English documents with supported titles. Source-link counts distinguish URLs associated with a retained file from source links without a local copy; source observations do not establish complete coverage.,light,SF,7,0,11,,,,,official_blank_forms_rules_practice_materials_only,,Permission for redistribution or incorporation into a product is not established by public availability; verify court terms and each document's applicability.,11
LC:ca_alameda,"Superior Court of California, County of Alameda — Civil Division",local,California,https://www.alameda.courts.ca.gov/,"[""https://www.alameda.courts.ca.gov/divisions/civil"",""https://www.alameda.courts.ca.gov/forms-filing/forms"",""https://www.alameda.courts.ca.gov/general-information/local-rules-forms""]",https://www.alameda.courts.ca.gov/forms-filing/forms,"Official court search result and live official page links observed through Firecrawl, 2026-09-12; document currency and reuse permission are not certified.",Civil forms and complex-litigation practices; general public eCourt department directory may contain additional practices.,,,Alameda Superior Court,10,1,9,17,10,0,0,1,0,7,English documents available; wider coverage unverified,Site icon only,05-Court-and-Judge-Assets/images/45/451b1b20fbebb8679e8dbd6ea1dc8d892056bdc70e86449a589b1d7f756578c5.gif,favicon,https://www.alameda.courts.ca.gov/,Statewide source collections do not establish coverage of every county/division/judge; federal shared-site jurisdiction entries are not counts of distinct courts. Counts cover only retained English documents with supported titles. Source-link counts distinguish URLs associated with a retained file from source links without a local copy; source observations do not establish complete coverage.,light,ALA,10,0,16,,,,,official_blank_forms_rules_practice_materials_only,,Permission for redistribution or incorporation into a product is not established by public availability; verify court terms and each document's applicability.,16
LC:mo_st_louis,Circuit Court of the City of St. Louis — 22nd Judicial Circuit,local,Missouri,https://www.stlcitycircuitcourt.com/,"[""https://www.stlcitycircuitcourt.com/"",""https://www.stlcitycircuitcourt.com/attorneys/administrative_orders.php"",""https://www.stlcitycircuitcourt.com/courts_services/court_forms/index.php""]",https://www.stlcitycircuitcourt.com/courts_services/court_forms/index.php,"Official court search result and live official page links observed through Firecrawl, 2026-09-12; document currency and reuse permission are not certified.","City of St. Louis, not St. Louis County (21st Judicial Circuit). Blank civil interrogatories and court forms.",,,St. Louis City Circuit Court,1,0,1,40,1,0,0,39,0,39,English documents available; wider coverage unverified,Text fallback,,,,Statewide source collections do not establish coverage of every county/division/judge; federal shared-site jurisdiction entries are not counts of distinct courts. Counts cover only retained English documents with supported titles. Source-link counts distinguish URLs associated with a retained file from source links without a local copy; source observations do not establish complete coverage.,light,MO22,1,0,1,,,,,official_blank_forms_rules_practice_materials_only,,Permission for redistribution or incorporation into a product is not established by public availability; verify court terms and each document's applicability.,40
LC:la_orleans,Orleans Parish Civil District Court,local,Louisiana,https://www.orleanscivildistrictcourt.org/,"[""https://www.orleanscivildistrictcourt.org/forms""]",,Official forms page and five linked English originals reviewed on 2026-09-12,Local civil trial court forms for Orleans Parish; not statewide Louisiana coverage.,,,Orleans Parish Civil District Court,5,0,5,5,5,0,0,0,0,0,English documents available; wider coverage unverified,Text fallback,,,,Five local civil trial court forms; does not establish statewide or complete local coverage. Counts cover only retained English documents with supported titles. Source-link counts distinguish URLs associated with a retained file from source links without a local copy; source observations do not establish complete coverage.,light,ORL,5,0,5,,,,,public,,,
