court_id,court_name,judge_name,kind,identity_scope,observed_on_single_registry_entry,title,local_path,width,height,mime_type,sha256,source_page,asset_url,retrieved_at,reuse_note
F:ca1,United States Court of Appeals — First Circuit,,court_seal,federal_court_site_mark,True,United States Court of Appeals — First Circuit - official-site identity mark,images/db/db6e4f21338b6e14df0336dc80a018f04d7ae64dbd4a270ddd9e6dadd10be264.png,126,133,image/png,db6e4f21338b6e14df0336dc80a018f04d7ae64dbd4a270ddd9e6dadd10be264,https://www.ca1.uscourts.gov/,https://www.ca1.uscourts.gov/sites/ca1/files/seal_appellate_option1_1.png,2026-09-12T23:43:19.743313+00:00,Permission not established. Public availability is not a reuse license. Use only for clearly identified court reference; do not imply court endorsement. Check court terms before public deployment.
F:ca10,United States Court of Appeals — Tenth Circuit,,court_logo,federal_court_site_mark,True,United States Court of Appeals — Tenth Circuit - official-site identity mark,images/f9/f97c301c6c49402d7c7669b50bda72fe9a2aca6e815f11ee450d453005f70273.png,129,133,image/png,f97c301c6c49402d7c7669b50bda72fe9a2aca6e815f11ee450d453005f70273,https://www.ca10.uscourts.gov/,https://www.ca10.uscourts.gov/sites/ca10/files/CA10%20-%20Color%20-%20Option2.png,2026-09-12T23:46:22.252371+00:00,Permission not established. Public availability is not a reuse license. Use only for clearly identified court reference; do not imply court endorsement. Check court terms before public deployment.
F:ca11,United States Court of Appeals — Eleventh Circuit,,court_seal,federal_court_site_mark,True,United States Court of Appeals — Eleventh Circuit - official-site identity mark,images/df/dfb80555c0c23331cc61fda272526ab0e31b71a277003416f0606fdf6e3a3515.png,133,126,image/png,dfb80555c0c23331cc61fda272526ab0e31b71a277003416f0606fdf6e3a3515,https://www.ca11.uscourts.gov/,https://www.ca11.uscourts.gov/sites/default/themes/custom/uswds_base_subtheme/eleventh_appellate_court_seal.png,2026-09-12T23:43:20.405263+00:00,Permission not established. Public availability is not a reuse license. Use only for clearly identified court reference; do not imply court endorsement. Check court terms before public deployment.
F:ca11,United States Court of Appeals — Eleventh Circuit,,favicon,site_icon,False,United States Court of Appeals — Eleventh Circuit - official-site icon,images/c4/c4e4a7a6a6f1734b9939e03fc58e85eb91a0324967c7b0b26799db493ac138ad.gif,16,16,image/gif,c4e4a7a6a6f1734b9939e03fc58e85eb91a0324967c7b0b26799db493ac138ad,https://www.ca11.uscourts.gov/,https://www.ca11.uscourts.gov/sites/default/files/favicon_0.ico,2026-09-12T23:43:20.605729+00:00,Permission not established. Public availability is not a reuse license. Use only for clearly identified court reference; do not imply court endorsement. Check court terms before public deployment.
F:ca2,United States Court of Appeals — Second Circuit,,court_logo,federal_court_site_mark,True,United States Court of Appeals for the Second Circuit header,images/e8/e8cdb3e1f192d3e8d4872d013a846f3e83bd4ba46779fe7463d9bddd8d05f7a6.png,1000,135,image/png,e8cdb3e1f192d3e8d4872d013a846f3e83bd4ba46779fe7463d9bddd8d05f7a6,https://www.ca2.uscourts.gov/,https://www.ca2.uscourts.gov/js/img/Header2b.png,2026-09-12T23:47:40.689001+00:00,Permission not established. Public availability is not a reuse license. Use only for clearly identified court reference; do not imply court endorsement. Check court terms before public deployment.
F:ca3,United States Court of Appeals — Third Circuit,,court_seal,federal_court_site_mark,True,United States Court of Appeals — Third Circuit - official-site identity mark,images/75/758c9fd88c17f31f74ff6397063911097f7d28a79ff5dc58bda653860db8b2eb.png,126,133,image/png,758c9fd88c17f31f74ff6397063911097f7d28a79ff5dc58bda653860db8b2eb,https://www.ca3.uscourts.gov/,https://www.ca3.uscourts.gov/sites/ca3/files/Third%20Circuit_LS_option1_0.png,2026-09-12T23:46:22.290167+00:00,Permission not established. Public availability is not a reuse license. Use only for clearly identified court reference; do not imply court endorsement. Check court terms before public deployment.
F:ca3,United States Court of Appeals — Third Circuit,,favicon,site_icon,False,United States Court of Appeals — Third Circuit - official-site icon,images/60/6091c776fb5c95cf1369be9ba026d59ea31b1b3f028a33187a7448b3034c43ee.png,120,120,image/png,6091c776fb5c95cf1369be9ba026d59ea31b1b3f028a33187a7448b3034c43ee,https://www.ca3.uscourts.gov/,https://www.ca3.uscourts.gov/sites/all/themes/appeals/apple-touch-icon-120x120.png,2026-09-12T23:46:22.443081+00:00,Permission not established. Public availability is not a reuse license. Use only for clearly identified court reference; do not imply court endorsement. Check court terms before public deployment.
F:ca3,United States Court of Appeals — Third Circuit,,favicon,site_icon,False,United States Court of Appeals — Third Circuit - official-site icon,images/c9/c96c8cdea312b83693a9c59c47d8f646a4091dcd535dd137cdb30d22165ce852.png,32,32,image/png,c96c8cdea312b83693a9c59c47d8f646a4091dcd535dd137cdb30d22165ce852,https://www.ca3.uscourts.gov/,https://www.ca3.uscourts.gov/sites/all/themes/appeals/favicon.ico,2026-09-12T23:43:19.862098+00:00,Permission not established. Public availability is not a reuse license. Use only for clearly identified court reference; do not imply court endorsement. Check court terms before public deployment.
F:ca4,United States Court of Appeals — Fourth Circuit,,court_logo,federal_court_site_mark,True,United States Court of Appeals for the Fourth Circuit,images/74/74023a3dc0afb78c9ec81fed69fdb27e435614d1f7629052ce5de60cc296dcb2.png,130,130,image/png,74023a3dc0afb78c9ec81fed69fdb27e435614d1f7629052ce5de60cc296dcb2,https://www.ca4.uscourts.gov/,https://www.ca4.uscourts.gov/images/theme/logo.png?sfvrsn=ba6ad309_4,2026-09-12T23:43:19.774859+00:00,Permission not established. Public availability is not a reuse license. Use only for clearly identified court reference; do not imply court endorsement. Check court terms before public deployment.
F:ca5,United States Court of Appeals — Fifth Circuit,,court_seal,federal_court_site_mark,True,Fifth Circuit Seal,images/e5/e55b4eb28e04f29358a9db22b1b8b5fe203140f3def1ab1b933463acfad7b378.svg,360.0,360.0,image/svg+xml,e55b4eb28e04f29358a9db22b1b8b5fe203140f3def1ab1b933463acfad7b378,https://www.ca5.uscourts.gov/,https://www.ca5.uscourts.gov/assets/COA-seal-court-of-appeals.svg,2026-09-12T23:43:19.948499+00:00,Permission not established. Public availability is not a reuse license. Use only for clearly identified court reference; do not imply court endorsement. Check court terms before public deployment.
F:ca5,United States Court of Appeals — Fifth Circuit,,favicon,site_icon,True,United States Court of Appeals — Fifth Circuit - official-site icon,images/8d/8dc5c0116b8c0a525d7599001a6e7bb238d6a69b18b6b2b12ba7438cdd21186d.svg,64.0,64.0,image/svg+xml,8dc5c0116b8c0a525d7599001a6e7bb238d6a69b18b6b2b12ba7438cdd21186d,https://www.ca5.uscourts.gov/,https://www.ca5.uscourts.gov/favicon.svg,2026-09-12T23:43:20.114373+00:00,Permission not established. Public availability is not a reuse license. Use only for clearly identified court reference; do not imply court endorsement. Check court terms before public deployment.
F:ca6,United States Court of Appeals — Sixth Circuit,,court_seal,federal_court_site_mark,True,United States Court of Appeals — Sixth Circuit - official-site identity mark,images/9a/9a40070d3b02d3bdca93d83c5dd02b796686c46cb3b3bd7823d672ddf61784b5.png,126,133,image/png,9a40070d3b02d3bdca93d83c5dd02b796686c46cb3b3bd7823d672ddf61784b5,https://www.ca6.uscourts.gov/,https://www.ca6.uscourts.gov/sites/ca6/files/logo.png,2026-09-12T23:46:22.248210+00:00,Permission not established. Public availability is not a reuse license. Use only for clearly identified court reference; do not imply court endorsement. Check court terms before public deployment.
F:ca6,United States Court of Appeals — Sixth Circuit,,favicon,site_icon,False,United States Court of Appeals — Sixth Circuit - official-site icon,images/60/6091c776fb5c95cf1369be9ba026d59ea31b1b3f028a33187a7448b3034c43ee.png,120,120,image/png,6091c776fb5c95cf1369be9ba026d59ea31b1b3f028a33187a7448b3034c43ee,https://www.ca6.uscourts.gov/,https://www.ca6.uscourts.gov/sites/all/themes/appeals/apple-touch-icon-120x120.png,2026-09-12T23:46:22.402636+00:00,Permission not established. Public availability is not a reuse license. Use only for clearly identified court reference; do not imply court endorsement. Check court terms before public deployment.
F:ca6,United States Court of Appeals — Sixth Circuit,,favicon,site_icon,False,United States Court of Appeals — Sixth Circuit - official-site icon,images/c9/c96c8cdea312b83693a9c59c47d8f646a4091dcd535dd137cdb30d22165ce852.png,32,32,image/png,c96c8cdea312b83693a9c59c47d8f646a4091dcd535dd137cdb30d22165ce852,https://www.ca6.uscourts.gov/,https://www.ca6.uscourts.gov/sites/all/themes/appeals/favicon.ico,2026-09-12T23:43:19.696945+00:00,Permission not established. Public availability is not a reuse license. Use only for clearly identified court reference; do not imply court endorsement. Check court terms before public deployment.
F:ca8,United States Court of Appeals — Eighth Circuit,,court_seal,federal_court_site_mark,True,United States Court of Appeals — Eighth Circuit - official-site identity mark,images/fa/fad9377d53a433b40e29600e3ba8f05462b11532d425a0ba9f1c89f3e29746f8.png,126,133,image/png,fad9377d53a433b40e29600e3ba8f05462b11532d425a0ba9f1c89f3e29746f8,https://www.ca8.uscourts.gov/,https://www.ca8.uscourts.gov/sites/ca8/files/8TH_seal_appellate_option1_1.png,2026-09-12T23:43:20.089958+00:00,Permission not established. Public availability is not a reuse license. Use only for clearly identified court reference; do not imply court endorsement. Check court terms before public deployment.
F:ca8,United States Court of Appeals — Eighth Circuit,,favicon,site_icon,False,United States Court of Appeals — Eighth Circuit - official-site icon,images/c9/c96c8cdea312b83693a9c59c47d8f646a4091dcd535dd137cdb30d22165ce852.png,32,32,image/png,c96c8cdea312b83693a9c59c47d8f646a4091dcd535dd137cdb30d22165ce852,https://www.ca8.uscourts.gov/,https://www.ca8.uscourts.gov/sites/all/themes/appeals/favicon.ico,2026-09-12T23:43:20.233393+00:00,Permission not established. Public availability is not a reuse license. Use only for clearly identified court reference; do not imply court endorsement. Check court terms before public deployment.
F:ca9,United States Court of Appeals — Ninth Circuit,,court_logo,federal_court_site_mark,True,United States Court of Appeals for the Ninth Circuit,images/d8/d8e3a868f4951427c7ec45279316d3f347992b06b50e6821797ed87912ae6378.svg,628.18,585.58,image/svg+xml,d8e3a868f4951427c7ec45279316d3f347992b06b50e6821797ed87912ae6378,https://www.ca9.uscourts.gov/,https://cdn.ca9.uscourts.gov/assets/images/logo_dkgreen.svg,2026-09-12T23:52:13.060582+00:00,Permission not established. Public availability is not a reuse license. Use only for clearly identified court reference; do not imply court endorsement. Check court terms before public deployment.
F:cadc,United States Court of Appeals — District of Columbia Circuit,,court_seal,federal_court_site_mark,True,United States Court of Appeals — District of Columbia Circuit - official-site identity mark,images/fb/fbd38f8d8c53bd9704186cc7b99ba114deb279ff9add0ff9f06e4d1ec5bc1ae5.png,126,133,image/png,fbd38f8d8c53bd9704186cc7b99ba114deb279ff9add0ff9f06e4d1ec5bc1ae5,https://www.cadc.uscourts.gov/,https://www.cadc.uscourts.gov/sites/cadc/files/courtseal2011.png,2026-09-12T23:43:20.585505+00:00,Permission not established. Public availability is not a reuse license. Use only for clearly identified court reference; do not imply court endorsement. Check court terms before public deployment.
F:cafc,United States Court of Appeals — Federal Circuit,,court_seal,federal_court_site_mark,True,Seal of the Federal Circuit,images/c7/c76d29532d858ad0e3337e2ed94612a2d58c5eb4f71c6bdc7c03d7bdeaef72dc.png,3078,3078,image/png,c76d29532d858ad0e3337e2ed94612a2d58c5eb4f71c6bdc7c03d7bdeaef72dc,https://www.cafc.uscourts.gov/,https://www.cafc.uscourts.gov/wp-content/uploads/colorseal.png,2026-09-12T23:43:21.641302+00:00,Permission not established. Public availability is not a reuse license. Use only for clearly identified court reference; do not imply court endorsement. Check court terms before public deployment.
FB:akb,United States Bankruptcy Court — Alaska,,favicon,site_icon,True,United States Bankruptcy Court — Alaska - official-site icon,images/2d/2db3a924a1d6d4d5710298222c2aeb96d1dc8ab217265966a7de049db3745add.ico,32,32,image/x-icon,2db3a924a1d6d4d5710298222c2aeb96d1dc8ab217265966a7de049db3745add,https://www.akb.uscourts.gov/,https://www.akb.uscourts.gov/sites/akb/files/favicon.ico,2026-09-12T23:43:20.716891+00:00,Permission not established. Public availability is not a reuse license. Use only for clearly identified court reference; do not imply court endorsement. Check court terms before public deployment.
FB:akb,United States Bankruptcy Court — Alaska,,judiciary_logo,shared_federal_judiciary_mark,False,United States Bankruptcy Court — Alaska - official-site identity mark,images/07/079f46c625b5d7752f9be2c0a4260ae888849674bb5497f8dfbe7f5295f136bb.png,126,133,image/png,079f46c625b5d7752f9be2c0a4260ae888849674bb5497f8dfbe7f5295f136bb,https://www.akb.uscourts.gov/,https://www.akb.uscourts.gov/sites/all/themes/bankruptcy/logo.png,2026-09-12T23:43:20.548975+00:00,Permission not established. Public availability is not a reuse license. Use only for clearly identified court reference; do not imply court endorsement. Check court terms before public deployment.
FB:almb,United States Bankruptcy Court — Alabama Middle,,favicon,site_icon,False,United States Bankruptcy Court — Alabama Middle - official-site icon,images/aa/aa4633d5292b29853183a90b60f66edbaa517dd9eb0756fba05380f20cfb5880.png,120,120,image/png,aa4633d5292b29853183a90b60f66edbaa517dd9eb0756fba05380f20cfb5880,https://www.almb.uscourts.gov/,https://www.almb.uscourts.gov/sites/all/themes/bankruptcy/apple-touch-icon-120x120.png,2026-09-12T23:46:22.415030+00:00,Permission not established. Public availability is not a reuse license. Use only for clearly identified court reference; do not imply court endorsement. Check court terms before public deployment.
FB:almb,United States Bankruptcy Court — Alabama Middle,,judiciary_logo,shared_federal_judiciary_mark,False,United States Bankruptcy Court — Alabama Middle - official-site identity mark,images/07/079f46c625b5d7752f9be2c0a4260ae888849674bb5497f8dfbe7f5295f136bb.png,126,133,image/png,079f46c625b5d7752f9be2c0a4260ae888849674bb5497f8dfbe7f5295f136bb,https://www.almb.uscourts.gov/,https://www.almb.uscourts.gov/sites/all/themes/bankruptcy/logo.png,2026-09-12T23:46:22.247202+00:00,Permission not established. Public availability is not a reuse license. Use only for clearly identified court reference; do not imply court endorsement. Check court terms before public deployment.
FB:alnb,United States Bankruptcy Court — Alabama Northern,,court_seal,federal_court_site_mark,True,United States Bankruptcy Court — Alabama Northern - official-site identity mark,images/25/253504637f088e21de64a08bd0849422cc611b4be2d25bf8530074a93a666683.png,126,133,image/png,253504637f088e21de64a08bd0849422cc611b4be2d25bf8530074a93a666683,https://www.alnb.uscourts.gov/,https://www.alnb.uscourts.gov/sites/alnb/files/seal-img_0.png,2026-09-12T23:46:22.896877+00:00,Permission not established. Public availability is not a reuse license. Use only for clearly identified court reference; do not imply court endorsement. Check court terms before public deployment.
FB:alnb,United States Bankruptcy Court — Alabama Northern,,favicon,site_icon,False,United States Bankruptcy Court — Alabama Northern - official-site icon,images/aa/aa4633d5292b29853183a90b60f66edbaa517dd9eb0756fba05380f20cfb5880.png,120,120,image/png,aa4633d5292b29853183a90b60f66edbaa517dd9eb0756fba05380f20cfb5880,https://www.alnb.uscourts.gov/,https://www.alnb.uscourts.gov/sites/all/themes/bankruptcy/apple-touch-icon-120x120.png,2026-09-12T23:46:23.045197+00:00,Permission not established. Public availability is not a reuse license. Use only for clearly identified court reference; do not imply court endorsement. Check court terms before public deployment.
FB:alsb,United States Bankruptcy Court — Alabama Southern,,favicon,site_icon,False,United States Bankruptcy Court — Alabama Southern - official-site icon,images/c9/c96c8cdea312b83693a9c59c47d8f646a4091dcd535dd137cdb30d22165ce852.png,32,32,image/png,c96c8cdea312b83693a9c59c47d8f646a4091dcd535dd137cdb30d22165ce852,https://www.alsb.uscourts.gov/,https://www.alsb.uscourts.gov/sites/all/themes/bankruptcy/favicon.ico,2026-09-12T23:43:20.830783+00:00,Permission not established. Public availability is not a reuse license. Use only for clearly identified court reference; do not imply court endorsement. Check court terms before public deployment.
FB:areb,United States Bankruptcy Court — Arkansas Eastern,,judiciary_logo,shared_federal_judiciary_mark,False,United States Bankruptcy Court — Arkansas Eastern - official-site identity mark,images/07/079f46c625b5d7752f9be2c0a4260ae888849674bb5497f8dfbe7f5295f136bb.png,126,133,image/png,079f46c625b5d7752f9be2c0a4260ae888849674bb5497f8dfbe7f5295f136bb,https://www.areb.uscourts.gov/,https://www.areb.uscourts.gov/sites/all/themes/bankruptcy/logo.png,2026-09-12T23:43:20.833829+00:00,Permission not established. Public availability is not a reuse license. Use only for clearly identified court reference; do not imply court endorsement. Check court terms before public deployment.
FB:arwb,United States Bankruptcy Court — Arkansas Western,,favicon,site_icon,False,United States Bankruptcy Court — Arkansas Western - official-site icon,images/aa/aa4633d5292b29853183a90b60f66edbaa517dd9eb0756fba05380f20cfb5880.png,120,120,image/png,aa4633d5292b29853183a90b60f66edbaa517dd9eb0756fba05380f20cfb5880,https://www.areb.uscourts.gov/,https://www.areb.uscourts.gov/sites/all/themes/bankruptcy/apple-touch-icon-120x120.png,2026-09-12T23:46:23.225252+00:00,Permission not established. Public availability is not a reuse license. Use only for clearly identified court reference; do not imply court endorsement. Check court terms before public deployment.
FB:arwb,United States Bankruptcy Court — Arkansas Western,,judiciary_logo,shared_federal_judiciary_mark,False,United States Bankruptcy Court — Arkansas Western - official-site identity mark,images/07/079f46c625b5d7752f9be2c0a4260ae888849674bb5497f8dfbe7f5295f136bb.png,126,133,image/png,079f46c625b5d7752f9be2c0a4260ae888849674bb5497f8dfbe7f5295f136bb,https://www.areb.uscourts.gov/,https://www.areb.uscourts.gov/sites/all/themes/bankruptcy/logo.png,2026-09-12T23:46:23.087934+00:00,Permission not established. Public availability is not a reuse license. Use only for clearly identified court reference; do not imply court endorsement. Check court terms before public deployment.
FB:azb,United States Bankruptcy Court — Arizona,,favicon,site_icon,False,United States Bankruptcy Court — Arizona - official-site icon,images/aa/aa4633d5292b29853183a90b60f66edbaa517dd9eb0756fba05380f20cfb5880.png,120,120,image/png,aa4633d5292b29853183a90b60f66edbaa517dd9eb0756fba05380f20cfb5880,https://www.azb.uscourts.gov/,https://www.azb.uscourts.gov/sites/all/themes/bankruptcy/apple-touch-icon-120x120.png,2026-09-12T23:52:12.772730+00:00,Permission not established. Public availability is not a reuse license. Use only for clearly identified court reference; do not imply court endorsement. Check court terms before public deployment.
FB:azb,United States Bankruptcy Court — Arizona,,judiciary_logo,shared_federal_judiciary_mark,False,United States Bankruptcy Court — Arizona - official-site identity mark,images/07/079f46c625b5d7752f9be2c0a4260ae888849674bb5497f8dfbe7f5295f136bb.png,126,133,image/png,079f46c625b5d7752f9be2c0a4260ae888849674bb5497f8dfbe7f5295f136bb,https://www.azb.uscourts.gov/,https://www.azb.uscourts.gov/sites/all/themes/bankruptcy/logo.png,2026-09-12T23:52:12.615880+00:00,Permission not established. Public availability is not a reuse license. Use only for clearly identified court reference; do not imply court endorsement. Check court terms before public deployment.
FB:cacb,United States Bankruptcy Court — California Central,,court_seal,federal_court_site_mark,True,United States Bankruptcy Court — California Central - official-site identity mark,images/ed/ed0b1fbf20d3bec38fb604e12872ab93fb45c2cd6b78d0a085293e2c0db8cf84.png,126,133,image/png,ed0b1fbf20d3bec38fb604e12872ab93fb45c2cd6b78d0a085293e2c0db8cf84,https://www.cacb.uscourts.gov/,https://www.cacb.uscourts.gov/sites/cacb/files/logo_0_0.png,2026-09-12T23:52:14.004629+00:00,Permission not established. Public availability is not a reuse license. Use only for clearly identified court reference; do not imply court endorsement. Check court terms before public deployment.
FB:cacb,United States Bankruptcy Court — California Central,,favicon,site_icon,False,United States Bankruptcy Court — California Central - official-site icon,images/aa/aa4633d5292b29853183a90b60f66edbaa517dd9eb0756fba05380f20cfb5880.png,120,120,image/png,aa4633d5292b29853183a90b60f66edbaa517dd9eb0756fba05380f20cfb5880,https://www.cacb.uscourts.gov/,https://www.cacb.uscourts.gov/sites/all/themes/bankruptcy/apple-touch-icon-120x120.png,2026-09-12T23:52:14.607640+00:00,Permission not established. Public availability is not a reuse license. Use only for clearly identified court reference; do not imply court endorsement. Check court terms before public deployment.
FB:caeb,United States Bankruptcy Court — California Eastern,,court_seal,federal_court_site_mark,True,the great seal,images/4c/4c51b640353a3397f52c3de067b0d5d67a43d7bf0bc83bec3c89c17a66764515.png,261,258,image/png,4c51b640353a3397f52c3de067b0d5d67a43d7bf0bc83bec3c89c17a66764515,https://www.caeb.uscourts.gov/,https://www.caeb.uscourts.gov/images/seal.png,2026-09-12T23:43:22.152128+00:00,Permission not established. Public availability is not a reuse license. Use only for clearly identified court reference; do not imply court endorsement. Check court terms before public deployment.
FB:canb,United States Bankruptcy Court — California Northern,,court_logo,federal_court_site_mark,True,United States Bankruptcy Court,images/d0/d08d29aabd1efd46fb357ea2fc57c5087cc892e548f15f93d4a6cff6182345f7.gif,217,154,image/gif,d08d29aabd1efd46fb357ea2fc57c5087cc892e548f15f93d4a6cff6182345f7,https://www.canb.uscourts.gov/,https://www.canb.uscourts.gov/sites/default/files/images/newcroppedrwb.gif,2026-09-12T23:46:24.344639+00:00,Permission not established. Public availability is not a reuse license. Use only for clearly identified court reference; do not imply court endorsement. Check court terms before public deployment.
FB:canb,United States Bankruptcy Court — California Northern,,favicon,site_icon,True,United States Bankruptcy Court — California Northern - official-site icon,images/3b/3b04f2dfb1e5a31f2bfa5bbec383b12f90cd4e947b2ac5a3207d580fe9488800.png,32,32,image/png,3b04f2dfb1e5a31f2bfa5bbec383b12f90cd4e947b2ac5a3207d580fe9488800,https://www.canb.uscourts.gov/,https://www.canb.uscourts.gov/sites/default/files/favicon.ico,2026-09-12T23:46:24.581465+00:00,Permission not established. Public availability is not a reuse license. Use only for clearly identified court reference; do not imply court endorsement. Check court terms before public deployment.
FB:casb,United States Bankruptcy Court — California Southern,,court_seal,federal_court_site_mark,True,United States Bankruptcy Court — California Southern - official-site identity mark,images/bb/bb43dc8f60e8bac15c5e10c121a898b70498dcd98c0731837f2085df2fa08a55.png,126,133,image/png,bb43dc8f60e8bac15c5e10c121a898b70498dcd98c0731837f2085df2fa08a55,https://www.casb.uscourts.gov/,https://www.casb.uscourts.gov/sites/casb/files/casblogo_2.png,2026-09-12T23:43:21.406377+00:00,Permission not established. Public availability is not a reuse license. Use only for clearly identified court reference; do not imply court endorsement. Check court terms before public deployment.
FB:casb,United States Bankruptcy Court — California Southern,,favicon,site_icon,False,United States Bankruptcy Court — California Southern - official-site icon,images/c9/c96c8cdea312b83693a9c59c47d8f646a4091dcd535dd137cdb30d22165ce852.png,32,32,image/png,c96c8cdea312b83693a9c59c47d8f646a4091dcd535dd137cdb30d22165ce852,https://www.casb.uscourts.gov/,https://www.casb.uscourts.gov/sites/all/themes/bankruptcy/favicon.ico,2026-09-12T23:43:21.780837+00:00,Permission not established. Public availability is not a reuse license. Use only for clearly identified court reference; do not imply court endorsement. Check court terms before public deployment.
FB:cob,United States Bankruptcy Court — Colorado,,court_seal,federal_court_site_mark,True,United States Bankruptcy Court — Colorado - official-site identity mark,images/ce/ce7048899b25aa38a8db9c03af74e89f354f95029b3ee418f0b5d0292e59de8e.png,126,133,image/png,ce7048899b25aa38a8db9c03af74e89f354f95029b3ee418f0b5d0292e59de8e,https://www.cob.uscourts.gov/,https://www.cob.uscourts.gov/sites/default/files/bk_logo.png,2026-09-12T23:46:23.519966+00:00,Permission not established. Public availability is not a reuse license. Use only for clearly identified court reference; do not imply court endorsement. Check court terms before public deployment.
FB:cob,United States Bankruptcy Court — Colorado,,favicon,site_icon,False,United States Bankruptcy Court — Colorado - official-site icon,images/c9/c96c8cdea312b83693a9c59c47d8f646a4091dcd535dd137cdb30d22165ce852.png,32,32,image/png,c96c8cdea312b83693a9c59c47d8f646a4091dcd535dd137cdb30d22165ce852,https://www.cob.uscourts.gov/,https://www.cob.uscourts.gov/sites/all/themes/bankruptcy/favicon.ico,2026-09-12T23:43:22.526386+00:00,Permission not established. Public availability is not a reuse license. Use only for clearly identified court reference; do not imply court endorsement. Check court terms before public deployment.
FB:cob,United States Bankruptcy Court — Colorado,,favicon,site_icon,False,United States Bankruptcy Court — Colorado - official-site icon,images/1a/1adbd58c71aba58172f94c8e89a625652079d0bbba1bf4e9c5b1d95860b7abbc.png,114,114,image/png,1adbd58c71aba58172f94c8e89a625652079d0bbba1bf4e9c5b1d95860b7abbc,https://www.cob.uscourts.gov/,https://www.cob.uscourts.gov/sites/all/themes/cstbase/apple-touch-icon-114x114.png,2026-09-12T23:46:23.673265+00:00,Permission not established. Public availability is not a reuse license. Use only for clearly identified court reference; do not imply court endorsement. Check court terms before public deployment.
FB:ctb,United States Bankruptcy Court — Connecticut,,court_seal,federal_court_site_mark,True,United States Bankruptcy Court — Connecticut - official-site identity mark,images/c4/c4748454ede8f9d98f4fe841e9c3a0e501001888c66a6e1a48947c209af80133.png,126,133,image/png,c4748454ede8f9d98f4fe841e9c3a0e501001888c66a6e1a48947c209af80133,https://www.ctb.uscourts.gov/,https://www.ctb.uscourts.gov/sites/ctb/files/Connecticut_bankruptcy_color3.png,2026-09-12T23:52:12.616880+00:00,Permission not established. Public availability is not a reuse license. Use only for clearly identified court reference; do not imply court endorsement. Check court terms before public deployment.
FB:ctb,United States Bankruptcy Court — Connecticut,,favicon,site_icon,False,United States Bankruptcy Court — Connecticut - official-site icon,images/aa/aa4633d5292b29853183a90b60f66edbaa517dd9eb0756fba05380f20cfb5880.png,120,120,image/png,aa4633d5292b29853183a90b60f66edbaa517dd9eb0756fba05380f20cfb5880,https://www.ctb.uscourts.gov/,https://www.ctb.uscourts.gov/sites/all/themes/bankruptcy/apple-touch-icon-120x120.png,2026-09-12T23:52:12.772730+00:00,Permission not established. Public availability is not a reuse license. Use only for clearly identified court reference; do not imply court endorsement. Check court terms before public deployment.
FB:dcb,United States Bankruptcy Court — District of Columbia,,judiciary_logo,shared_federal_judiciary_mark,False,United States Bankruptcy Court — District of Columbia - official-site identity mark,images/07/079f46c625b5d7752f9be2c0a4260ae888849674bb5497f8dfbe7f5295f136bb.png,126,133,image/png,079f46c625b5d7752f9be2c0a4260ae888849674bb5497f8dfbe7f5295f136bb,https://www.dcb.uscourts.gov/,https://www.dcb.uscourts.gov/sites/all/themes/bankruptcy/logo.png,2026-09-12T23:43:21.500959+00:00,Permission not established. Public availability is not a reuse license. Use only for clearly identified court reference; do not imply court endorsement. Check court terms before public deployment.
FB:deb,United States Bankruptcy Court — Delaware,,court_logo,federal_court_site_mark,True,United States Bankruptcy Court — Delaware - official-site identity mark,images/ef/ef25159ec976ff975d8693ce4be9cd29dcc82a2445cf1bcdc4e7cf73b525735d.png,175,175,image/png,ef25159ec976ff975d8693ce4be9cd29dcc82a2445cf1bcdc4e7cf73b525735d,https://www.deb.uscourts.gov/,https://www.deb.uscourts.gov/sites/deb/files/Delaware_bronze_small.png,2026-09-12T23:52:12.751013+00:00,Permission not established. Public availability is not a reuse license. Use only for clearly identified court reference; do not imply court endorsement. Check court terms before public deployment.
FB:flnb,United States Bankruptcy Court — Florida Northern,,court_logo,federal_court_site_mark,True,United States Bankruptcy Court — Florida Northern - official-site identity mark,images/fa/fa67dbc1adbbcfed110088f1f6b2f1b778259187898658294a01b1c1a41510a3.png,130,138,image/png,fa67dbc1adbbcfed110088f1f6b2f1b778259187898658294a01b1c1a41510a3,https://www.flnb.uscourts.gov/,https://www.flnb.uscourts.gov/sites/flnb/files/flnb_logo_0.png,2026-09-12T23:43:21.772200+00:00,Permission not established. Public availability is not a reuse license. Use only for clearly identified court reference; do not imply court endorsement. Check court terms before public deployment.
FB:flnb,United States Bankruptcy Court — Florida Northern,,favicon,site_icon,False,United States Bankruptcy Court — Florida Northern - official-site icon,images/c9/c96c8cdea312b83693a9c59c47d8f646a4091dcd535dd137cdb30d22165ce852.png,32,32,image/png,c96c8cdea312b83693a9c59c47d8f646a4091dcd535dd137cdb30d22165ce852,https://www.flnb.uscourts.gov/,https://www.flnb.uscourts.gov/sites/all/themes/bankruptcy/favicon.ico,2026-09-12T23:43:21.908682+00:00,Permission not established. Public availability is not a reuse license. Use only for clearly identified court reference; do not imply court endorsement. Check court terms before public deployment.
FB:flsb,United States Bankruptcy Court — Florida Southern,,court_seal,federal_court_site_mark,True,United States Bankruptcy Court — Florida Southern - official-site identity mark,images/a7/a7d9217775b69072a478b016124070180701154446603a8dac0cc63740cee418.png,126,133,image/png,a7d9217775b69072a478b016124070180701154446603a8dac0cc63740cee418,https://www.flsb.uscourts.gov/,https://www.flsb.uscourts.gov/sites/flsb/files/SOUTHERN_DISTRICT_OF_FLORIDA_bankruptcy_color2.png,2026-09-12T23:43:21.973878+00:00,Permission not established. Public availability is not a reuse license. Use only for clearly identified court reference; do not imply court endorsement. Check court terms before public deployment.
FB:flsb,United States Bankruptcy Court — Florida Southern,,favicon,site_icon,False,United States Bankruptcy Court — Florida Southern - official-site icon,images/c9/c96c8cdea312b83693a9c59c47d8f646a4091dcd535dd137cdb30d22165ce852.png,32,32,image/png,c96c8cdea312b83693a9c59c47d8f646a4091dcd535dd137cdb30d22165ce852,https://www.flsb.uscourts.gov/,https://www.flsb.uscourts.gov/sites/all/themes/bankruptcy/favicon.ico,2026-09-12T23:43:22.987709+00:00,Permission not established. Public availability is not a reuse license. Use only for clearly identified court reference; do not imply court endorsement. Check court terms before public deployment.
FB:gamb,United States Bankruptcy Court — Georgia Middle,,court_seal,federal_court_site_mark,True,United States Bankruptcy Court — Georgia Middle - official-site identity mark,images/35/35394897f831bc4c92d9b719f46f3c749fb9f70013c59dc654c1c39d6fae2dc5.gif,111,111,image/gif,35394897f831bc4c92d9b719f46f3c749fb9f70013c59dc654c1c39d6fae2dc5,https://www.gamb.uscourts.gov/USCourts/,https://www.gamb.uscourts.gov/USCourts/sites/default/files/Seal_small_trans_0.gif,2026-09-12T23:43:24.267999+00:00,Permission not established. Public availability is not a reuse license. Use only for clearly identified court reference; do not imply court endorsement. Check court terms before public deployment.
FB:gamb,United States Bankruptcy Court — Georgia Middle,,favicon,site_icon,False,United States Bankruptcy Court — Georgia Middle - official-site icon,images/c4/c4e4a7a6a6f1734b9939e03fc58e85eb91a0324967c7b0b26799db493ac138ad.gif,16,16,image/gif,c4e4a7a6a6f1734b9939e03fc58e85eb91a0324967c7b0b26799db493ac138ad,https://www.gamb.uscourts.gov/USCourts/,https://www.gamb.uscourts.gov/USCourts/sites/all/themes/us_courts_bankruptcy/favicon.ico,2026-09-12T23:43:24.491006+00:00,Permission not established. Public availability is not a reuse license. Use only for clearly identified court reference; do not imply court endorsement. Check court terms before public deployment.
FB:ganb,United States Bankruptcy Court — Georgia Northern,,court_seal,federal_court_site_mark,True,United States Bankruptcy Court — Georgia Northern - official-site identity mark,images/d8/d8e85785c553021b88426268608ea54062619df16605691a4aa899fec231ef0e.png,126,133,image/png,d8e85785c553021b88426268608ea54062619df16605691a4aa899fec231ef0e,https://www.ganb.uscourts.gov/,https://www.ganb.uscourts.gov/sites/default/files/NORTHERN%2520DISTRICT%2520OF%2520GEORGIA_bankruptcy_color2.png,2026-09-12T23:46:24.157514+00:00,Permission not established. Public availability is not a reuse license. Use only for clearly identified court reference; do not imply court endorsement. Check court terms before public deployment.
FB:ganb,United States Bankruptcy Court — Georgia Northern,,favicon,site_icon,False,United States Bankruptcy Court — Georgia Northern - official-site icon,images/c9/c96c8cdea312b83693a9c59c47d8f646a4091dcd535dd137cdb30d22165ce852.png,32,32,image/png,c96c8cdea312b83693a9c59c47d8f646a4091dcd535dd137cdb30d22165ce852,https://www.ganb.uscourts.gov/,https://www.ganb.uscourts.gov/sites/all/themes/bankruptcy/favicon.ico,2026-09-12T23:43:23.253168+00:00,Permission not established. Public availability is not a reuse license. Use only for clearly identified court reference; do not imply court endorsement. Check court terms before public deployment.
FB:ganb,United States Bankruptcy Court — Georgia Northern,,favicon,site_icon,False,United States Bankruptcy Court — Georgia Northern - official-site icon,images/1a/1adbd58c71aba58172f94c8e89a625652079d0bbba1bf4e9c5b1d95860b7abbc.png,114,114,image/png,1adbd58c71aba58172f94c8e89a625652079d0bbba1bf4e9c5b1d95860b7abbc,https://www.ganb.uscourts.gov/,https://www.ganb.uscourts.gov/sites/all/themes/cstbase/apple-touch-icon-114x114.png,2026-09-12T23:46:24.321422+00:00,Permission not established. Public availability is not a reuse license. Use only for clearly identified court reference; do not imply court endorsement. Check court terms before public deployment.
FB:gasb,United States Bankruptcy Court — Georgia Southern,,court_seal,federal_court_site_mark,True,United States Bankruptcy Court — Georgia Southern - official-site identity mark,images/0b/0b697e23bae4fd575f2db1a49cf03ffb6e7c4c6829220a0024b58f58da118798.png,126,133,image/png,0b697e23bae4fd575f2db1a49cf03ffb6e7c4c6829220a0024b58f58da118798,https://www.gasb.uscourts.gov/,https://www.gasb.uscourts.gov/sites/gasb/files/GASusbccolor2_0_0.png,2026-09-12T23:43:22.777146+00:00,Permission not established. Public availability is not a reuse license. Use only for clearly identified court reference; do not imply court endorsement. Check court terms before public deployment.
FB:gasb,United States Bankruptcy Court — Georgia Southern,,favicon,site_icon,False,United States Bankruptcy Court — Georgia Southern - official-site icon,images/c9/c96c8cdea312b83693a9c59c47d8f646a4091dcd535dd137cdb30d22165ce852.png,32,32,image/png,c96c8cdea312b83693a9c59c47d8f646a4091dcd535dd137cdb30d22165ce852,https://www.gasb.uscourts.gov/,https://www.gasb.uscourts.gov/sites/all/themes/bankruptcy/favicon.ico,2026-09-12T23:43:22.941034+00:00,Permission not established. Public availability is not a reuse license. Use only for clearly identified court reference; do not imply court endorsement. Check court terms before public deployment.
FB:gub,United States Bankruptcy Court — Guam,,favicon,site_icon,False,United States Bankruptcy Court — Guam - official-site icon,images/46/46a4d9c1e54ba0f8dc9bcad3d55177540e60b77a48f6a9f895f193991140e861.png,120,120,image/png,46a4d9c1e54ba0f8dc9bcad3d55177540e60b77a48f6a9f895f193991140e861,https://www.gud.uscourts.gov/,https://www.gud.uscourts.gov/sites/all/themes/district/apple-touch-icon-120x120.png,2026-09-12T23:52:13.324716+00:00,Permission not established. Public availability is not a reuse license. Use only for clearly identified court reference; do not imply court endorsement. Check court terms before public deployment.
FB:gub,United States Bankruptcy Court — Guam,,judiciary_logo,shared_federal_judiciary_mark,False,United States Bankruptcy Court — Guam - official-site identity mark,images/e8/e82bd676eefb7bf01a687db4127a0489519899124a8642836f5922e0779315df.png,126,133,image/png,e82bd676eefb7bf01a687db4127a0489519899124a8642836f5922e0779315df,https://www.gud.uscourts.gov/,https://www.gud.uscourts.gov/sites/gud/files/courtseal126x133_0.png,2026-09-12T23:52:13.149249+00:00,Permission not established. Public availability is not a reuse license. Use only for clearly identified court reference; do not imply court endorsement. Check court terms before public deployment.
FB:hib,United States Bankruptcy Court — Hawaii,,court_logo,federal_court_site_mark,True,United States Bankruptcy Court — Hawaii - official-site identity mark,images/02/027c8d4bf895eb03dbc02825d06934b138be30ce9eb746d9ca912de747f598fc.png,145,145,image/png,027c8d4bf895eb03dbc02825d06934b138be30ce9eb746d9ca912de747f598fc,https://www.hib.uscourts.gov/,https://www.hib.uscourts.gov/sites/hib/files/logo_HIB.png,2026-09-12T23:43:22.882023+00:00,Permission not established. Public availability is not a reuse license. Use only for clearly identified court reference; do not imply court endorsement. Check court terms before public deployment.
FB:hib,United States Bankruptcy Court — Hawaii,,favicon,site_icon,False,United States Bankruptcy Court — Hawaii - official-site icon,images/c9/c96c8cdea312b83693a9c59c47d8f646a4091dcd535dd137cdb30d22165ce852.png,32,32,image/png,c96c8cdea312b83693a9c59c47d8f646a4091dcd535dd137cdb30d22165ce852,https://www.hib.uscourts.gov/,https://www.hib.uscourts.gov/sites/all/themes/bankruptcy/favicon.ico,2026-09-12T23:43:23.046904+00:00,Permission not established. Public availability is not a reuse license. Use only for clearly identified court reference; do not imply court endorsement. Check court terms before public deployment.
FB:ianb,United States Bankruptcy Court — Iowa Northern,,court_seal,federal_court_site_mark,True,United States Bankruptcy Court — Iowa Northern - official-site identity mark,images/b2/b2f6624ee066991a48ee500cdd74ec618dbd54463b042c7e74f6bf4adba3ea2f.png,126,132,image/png,b2f6624ee066991a48ee500cdd74ec618dbd54463b042c7e74f6bf4adba3ea2f,https://www.ianb.uscourts.gov/,https://www.ianb.uscourts.gov/sites/ianb/files/seal.png,2026-09-12T23:43:22.961514+00:00,Permission not established. Public availability is not a reuse license. Use only for clearly identified court reference; do not imply court endorsement. Check court terms before public deployment.
FB:ianb,United States Bankruptcy Court — Iowa Northern,,favicon,site_icon,False,United States Bankruptcy Court — Iowa Northern - official-site icon,images/c9/c96c8cdea312b83693a9c59c47d8f646a4091dcd535dd137cdb30d22165ce852.png,32,32,image/png,c96c8cdea312b83693a9c59c47d8f646a4091dcd535dd137cdb30d22165ce852,https://www.ianb.uscourts.gov/,https://www.ianb.uscourts.gov/sites/all/themes/bankruptcy/favicon.ico,2026-09-12T23:43:23.097156+00:00,Permission not established. Public availability is not a reuse license. Use only for clearly identified court reference; do not imply court endorsement. Check court terms before public deployment.
FB:iasb,United States Bankruptcy Court — Iowa Southern,,court_seal,federal_court_site_mark,True,United States Bankruptcy Court — Iowa Southern - official-site identity mark,images/75/75dc63447af1ca9715ca4eaa2c33cad274acbaf99d046227b1edb2795846b00a.png,126,133,image/png,75dc63447af1ca9715ca4eaa2c33cad274acbaf99d046227b1edb2795846b00a,https://www.iasb.uscourts.gov/,https://www.iasb.uscourts.gov/sites/iasb/files/court_seal.png,2026-09-12T23:43:23.126822+00:00,Permission not established. Public availability is not a reuse license. Use only for clearly identified court reference; do not imply court endorsement. Check court terms before public deployment.
FB:iasb,United States Bankruptcy Court — Iowa Southern,,favicon,site_icon,False,United States Bankruptcy Court — Iowa Southern - official-site icon,images/c9/c96c8cdea312b83693a9c59c47d8f646a4091dcd535dd137cdb30d22165ce852.png,32,32,image/png,c96c8cdea312b83693a9c59c47d8f646a4091dcd535dd137cdb30d22165ce852,https://www.iasb.uscourts.gov/,https://www.iasb.uscourts.gov/sites/all/themes/bankruptcy/favicon.ico,2026-09-12T23:43:23.293142+00:00,Permission not established. Public availability is not a reuse license. Use only for clearly identified court reference; do not imply court endorsement. Check court terms before public deployment.
FB:idb,United States Bankruptcy Court — Idaho,,favicon,site_icon,False,United States Bankruptcy Court — Idaho - official-site icon,images/70/705c9f63add788c7548b2217481e0aae0e4cc256e62b2a7d10e7efbcd20738dc.ico,32,32,image/x-icon,705c9f63add788c7548b2217481e0aae0e4cc256e62b2a7d10e7efbcd20738dc,https://www.id.uscourts.gov/clerks/Welcome.cfm,https://www.id.uscourts.gov/favicon.ico,2026-09-12T23:43:24.158573+00:00,Permission not established. Public availability is not a reuse license. Use only for clearly identified court reference; do not imply court endorsement. Check court terms before public deployment.
FB:idb,United States Bankruptcy Court — Idaho,,judiciary_logo,shared_federal_judiciary_mark,False,U.S. Courts District of Idaho Seal,images/b6/b65df614f4d15a242ece247a967aecf616a8c696d3900af302f639cce20310d2.png,200,200,image/png,b65df614f4d15a242ece247a967aecf616a8c696d3900af302f639cce20310d2,https://www.id.uscourts.gov/clerks/Welcome.cfm,https://www.id.uscourts.gov/shared/images/skin_Bl/US_Courts_Idaho_Seal_Float.png,2026-09-12T23:43:23.722327+00:00,Permission not established. Public availability is not a reuse license. Use only for clearly identified court reference; do not imply court endorsement. Check court terms before public deployment.
FB:idb,United States Bankruptcy Court — Idaho,,judiciary_logo,shared_federal_judiciary_mark,False,United States Bankruptcy Court — Idaho - official-site identity mark,images/bf/bf0b026eafddd46ac5ee900df72de0c42d2d7fe98264773729edacdb65a3d261.png,100,100,image/png,bf0b026eafddd46ac5ee900df72de0c42d2d7fe98264773729edacdb65a3d261,https://www.id.uscourts.gov/clerks/Welcome.cfm,https://www.id.uscourts.gov/shared/images/skin_bl/US_Courts_Idaho_Seal_sm.png,2026-09-12T23:43:23.972536+00:00,Permission not established. Public availability is not a reuse license. Use only for clearly identified court reference; do not imply court endorsement. Check court terms before public deployment.
FB:ilcb,United States Bankruptcy Court — Illinois Central,,court_seal,federal_court_site_mark,True,United States Bankruptcy Court — Illinois Central - official-site identity mark,images/c5/c513953c189130db9ab32091f87a62847490c8bb1b84743e1fdb94e0c638b15b.png,126,133,image/png,c513953c189130db9ab32091f87a62847490c8bb1b84743e1fdb94e0c638b15b,https://www.ilcb.uscourts.gov/,https://www.ilcb.uscourts.gov/sites/ilcb/files/CENTRAL%20DISTRICT%20OF%20ILLINOIS_bankruptcy_color2.png,2026-09-12T23:43:23.543638+00:00,Permission not established. Public availability is not a reuse license. Use only for clearly identified court reference; do not imply court endorsement. Check court terms before public deployment.
FB:ilcb,United States Bankruptcy Court — Illinois Central,,favicon,site_icon,False,United States Bankruptcy Court — Illinois Central - official-site icon,images/c9/c96c8cdea312b83693a9c59c47d8f646a4091dcd535dd137cdb30d22165ce852.png,32,32,image/png,c96c8cdea312b83693a9c59c47d8f646a4091dcd535dd137cdb30d22165ce852,https://www.ilcb.uscourts.gov/,https://www.ilcb.uscourts.gov/sites/all/themes/bankruptcy/favicon.ico,2026-09-12T23:43:23.881844+00:00,Permission not established. Public availability is not a reuse license. Use only for clearly identified court reference; do not imply court endorsement. Check court terms before public deployment.
FB:ilnb,United States Bankruptcy Court — Illinois Northern,,favicon,site_icon,False,United States Bankruptcy Court — Illinois Northern - official-site icon,images/aa/aa4633d5292b29853183a90b60f66edbaa517dd9eb0756fba05380f20cfb5880.png,120,120,image/png,aa4633d5292b29853183a90b60f66edbaa517dd9eb0756fba05380f20cfb5880,https://www.ilnb.uscourts.gov/,https://www.ilnb.uscourts.gov/sites/all/themes/bankruptcy/apple-touch-icon-120x120.png,2026-09-12T23:52:13.619447+00:00,Permission not established. Public availability is not a reuse license. Use only for clearly identified court reference; do not imply court endorsement. Check court terms before public deployment.
FB:ilnb,United States Bankruptcy Court — Illinois Northern,,judiciary_logo,shared_federal_judiciary_mark,False,United States Bankruptcy Court — Illinois Northern - official-site identity mark,images/07/079f46c625b5d7752f9be2c0a4260ae888849674bb5497f8dfbe7f5295f136bb.png,126,133,image/png,079f46c625b5d7752f9be2c0a4260ae888849674bb5497f8dfbe7f5295f136bb,https://www.ilnb.uscourts.gov/,https://www.ilnb.uscourts.gov/sites/all/themes/bankruptcy/logo.png,2026-09-12T23:52:13.457754+00:00,Permission not established. Public availability is not a reuse license. Use only for clearly identified court reference; do not imply court endorsement. Check court terms before public deployment.
FB:ilsb,United States Bankruptcy Court — Illinois Southern,,court_seal,federal_court_site_mark,True,United States Bankruptcy Court — Illinois Southern - official-site identity mark,images/4c/4c7c01208279394f594cfa048597946a116cce4e0fdda5daea57cd4809ccf8b2.png,126,133,image/png,4c7c01208279394f594cfa048597946a116cce4e0fdda5daea57cd4809ccf8b2,https://www.ilsb.uscourts.gov/,https://www.ilsb.uscourts.gov/sites/ilsb/files/SOUTHERN%20DISTRICT%20OF%20ILLINOIS_color2_AG.png,2026-09-12T23:52:13.969077+00:00,Permission not established. Public availability is not a reuse license. Use only for clearly identified court reference; do not imply court endorsement. Check court terms before public deployment.
FB:ilsb,United States Bankruptcy Court — Illinois Southern,,favicon,site_icon,False,United States Bankruptcy Court — Illinois Southern - official-site icon,images/aa/aa4633d5292b29853183a90b60f66edbaa517dd9eb0756fba05380f20cfb5880.png,120,120,image/png,aa4633d5292b29853183a90b60f66edbaa517dd9eb0756fba05380f20cfb5880,https://www.ilsb.uscourts.gov/,https://www.ilsb.uscourts.gov/sites/all/themes/bankruptcy/apple-touch-icon-120x120.png,2026-09-12T23:52:14.116511+00:00,Permission not established. Public availability is not a reuse license. Use only for clearly identified court reference; do not imply court endorsement. Check court terms before public deployment.
FB:innb,United States Bankruptcy Court — Indiana Northern,,court_seal,federal_court_site_mark,True,United States Bankruptcy Court — Indiana Northern - official-site identity mark,images/bb/bb6eccda14988a6ad7abd7ee298c35b4b996018e6a58210cecec41562b57ed61.png,128,132,image/png,bb6eccda14988a6ad7abd7ee298c35b4b996018e6a58210cecec41562b57ed61,https://www.innb.uscourts.gov/,https://www.innb.uscourts.gov/sites/innb/files/innb_seal_2.png,2026-09-12T23:46:23.771015+00:00,Permission not established. Public availability is not a reuse license. Use only for clearly identified court reference; do not imply court endorsement. Check court terms before public deployment.
FB:innb,United States Bankruptcy Court — Indiana Northern,,favicon,site_icon,False,United States Bankruptcy Court — Indiana Northern - official-site icon,images/aa/aa4633d5292b29853183a90b60f66edbaa517dd9eb0756fba05380f20cfb5880.png,120,120,image/png,aa4633d5292b29853183a90b60f66edbaa517dd9eb0756fba05380f20cfb5880,https://www.innb.uscourts.gov/,https://www.innb.uscourts.gov/sites/all/themes/bankruptcy/apple-touch-icon-120x120.png,2026-09-12T23:46:23.966099+00:00,Permission not established. Public availability is not a reuse license. Use only for clearly identified court reference; do not imply court endorsement. Check court terms before public deployment.
FB:insb,United States Bankruptcy Court — Indiana Southern,,court_logo,federal_court_site_mark,True,United States Bankruptcy Court — Indiana Southern - official-site identity mark,images/1a/1afe93099a0fc25cba9e01cd9b15bddf581ac432feecd0364d79169727aa429f.png,640,260,image/png,1afe93099a0fc25cba9e01cd9b15bddf581ac432feecd0364d79169727aa429f,https://www.insb.uscourts.gov/,https://www.insb.uscourts.gov/sites/insb/files/slides/Care%20Indy%20logo.png,2026-09-12T23:46:24.356118+00:00,Permission not established. Public availability is not a reuse license. Use only for clearly identified court reference; do not imply court endorsement. Check court terms before public deployment.
FB:insb,United States Bankruptcy Court — Indiana Southern,,court_seal,federal_court_site_mark,True,United States Bankruptcy Court — Indiana Southern - official-site identity mark,images/a8/a8403a68b76d651075ccd429125658d57b81009523aa93b22af96e2b08c34e84.png,126,133,image/png,a8403a68b76d651075ccd429125658d57b81009523aa93b22af96e2b08c34e84,https://www.insb.uscourts.gov/,https://www.insb.uscourts.gov/sites/insb/files/logo_0.png,2026-09-12T23:46:24.188472+00:00,Permission not established. Public availability is not a reuse license. Use only for clearly identified court reference; do not imply court endorsement. Check court terms before public deployment.
FB:insb,United States Bankruptcy Court — Indiana Southern,,favicon,site_icon,False,United States Bankruptcy Court — Indiana Southern - official-site icon,images/aa/aa4633d5292b29853183a90b60f66edbaa517dd9eb0756fba05380f20cfb5880.png,120,120,image/png,aa4633d5292b29853183a90b60f66edbaa517dd9eb0756fba05380f20cfb5880,https://www.insb.uscourts.gov/,https://www.insb.uscourts.gov/sites/all/themes/bankruptcy/apple-touch-icon-120x120.png,2026-09-12T23:46:24.495585+00:00,Permission not established. Public availability is not a reuse license. Use only for clearly identified court reference; do not imply court endorsement. Check court terms before public deployment.
FB:insb,United States Bankruptcy Court — Indiana Southern,,favicon,site_icon,False,United States Bankruptcy Court — Indiana Southern - official-site icon,images/c9/c96c8cdea312b83693a9c59c47d8f646a4091dcd535dd137cdb30d22165ce852.png,32,32,image/png,c96c8cdea312b83693a9c59c47d8f646a4091dcd535dd137cdb30d22165ce852,https://www.insb.uscourts.gov/,https://www.insb.uscourts.gov/sites/all/themes/bankruptcy/favicon.ico,2026-09-12T23:43:24.379105+00:00,Permission not established. Public availability is not a reuse license. Use only for clearly identified court reference; do not imply court endorsement. Check court terms before public deployment.
FB:ksb,United States Bankruptcy Court — Kansas,,favicon,site_icon,False,United States Bankruptcy Court — Kansas - official-site icon,images/aa/aa4633d5292b29853183a90b60f66edbaa517dd9eb0756fba05380f20cfb5880.png,120,120,image/png,aa4633d5292b29853183a90b60f66edbaa517dd9eb0756fba05380f20cfb5880,https://www.ksb.uscourts.gov/,https://www.ksb.uscourts.gov/sites/all/themes/bankruptcy/apple-touch-icon-120x120.png,2026-09-12T23:52:13.935005+00:00,Permission not established. Public availability is not a reuse license. Use only for clearly identified court reference; do not imply court endorsement. Check court terms before public deployment.
FB:ksb,United States Bankruptcy Court — Kansas,,judiciary_logo,shared_federal_judiciary_mark,False,United States Bankruptcy Court — Kansas - official-site identity mark,images/07/079f46c625b5d7752f9be2c0a4260ae888849674bb5497f8dfbe7f5295f136bb.png,126,133,image/png,079f46c625b5d7752f9be2c0a4260ae888849674bb5497f8dfbe7f5295f136bb,https://www.ksb.uscourts.gov/,https://www.ksb.uscourts.gov/sites/all/themes/bankruptcy/logo.png,2026-09-12T23:52:13.761576+00:00,Permission not established. Public availability is not a reuse license. Use only for clearly identified court reference; do not imply court endorsement. Check court terms before public deployment.
FB:kyeb,United States Bankruptcy Court — Kentucky Eastern,,favicon,site_icon,False,United States Bankruptcy Court — Kentucky Eastern - official-site icon,images/c9/c96c8cdea312b83693a9c59c47d8f646a4091dcd535dd137cdb30d22165ce852.png,32,32,image/png,c96c8cdea312b83693a9c59c47d8f646a4091dcd535dd137cdb30d22165ce852,https://www.kyeb.uscourts.gov/,https://www.kyeb.uscourts.gov/sites/all/themes/bankruptcy/favicon.ico,2026-09-12T23:43:24.157290+00:00,Permission not established. Public availability is not a reuse license. Use only for clearly identified court reference; do not imply court endorsement. Check court terms before public deployment.
FB:kyeb,United States Bankruptcy Court — Kentucky Eastern,,judiciary_logo,shared_federal_judiciary_mark,False,United States Bankruptcy Court — Kentucky Eastern - official-site identity mark,images/07/079f46c625b5d7752f9be2c0a4260ae888849674bb5497f8dfbe7f5295f136bb.png,126,133,image/png,079f46c625b5d7752f9be2c0a4260ae888849674bb5497f8dfbe7f5295f136bb,https://www.kyeb.uscourts.gov/,https://www.kyeb.uscourts.gov/sites/all/themes/bankruptcy/logo.png,2026-09-12T23:43:23.950189+00:00,Permission not established. Public availability is not a reuse license. Use only for clearly identified court reference; do not imply court endorsement. Check court terms before public deployment.
FB:kywb,United States Bankruptcy Court — Kentucky Western,,judiciary_logo,shared_federal_judiciary_mark,False,United States Bankruptcy Court — Kentucky Western - official-site identity mark,images/07/079f46c625b5d7752f9be2c0a4260ae888849674bb5497f8dfbe7f5295f136bb.png,126,133,image/png,079f46c625b5d7752f9be2c0a4260ae888849674bb5497f8dfbe7f5295f136bb,https://www.kywb.uscourts.gov/,https://www.kywb.uscourts.gov/sites/all/themes/bankruptcy/logo.png,2026-09-12T23:43:24.092605+00:00,Permission not established. Public availability is not a reuse license. Use only for clearly identified court reference; do not imply court endorsement. Check court terms before public deployment.
FB:laeb,United States Bankruptcy Court — Louisiana Eastern,,court_seal,federal_court_site_mark,True,United States Bankruptcy Court — Louisiana Eastern - official-site identity mark,images/c6/c657bb3ede1cbe78be06b82e884fe84907626b8b495e32fccfb5bb9ec81ba416.png,126,133,image/png,c657bb3ede1cbe78be06b82e884fe84907626b8b495e32fccfb5bb9ec81ba416,https://www.laeb.uscourts.gov/,https://www.laeb.uscourts.gov/sites/laeb/files/Bankruptcy%20EASTERN%20DISTRICT%20OF%20LOUISIANA%20_LS_MEDIUM_0.png,2026-09-12T23:46:25.509227+00:00,Permission not established. Public availability is not a reuse license. Use only for clearly identified court reference; do not imply court endorsement. Check court terms before public deployment.
FB:laeb,United States Bankruptcy Court — Louisiana Eastern,,favicon,site_icon,False,United States Bankruptcy Court — Louisiana Eastern - official-site icon,images/aa/aa4633d5292b29853183a90b60f66edbaa517dd9eb0756fba05380f20cfb5880.png,120,120,image/png,aa4633d5292b29853183a90b60f66edbaa517dd9eb0756fba05380f20cfb5880,https://www.laeb.uscourts.gov/,https://www.laeb.uscourts.gov/sites/all/themes/bankruptcy/apple-touch-icon-120x120.png,2026-09-12T23:46:25.657921+00:00,Permission not established. Public availability is not a reuse license. Use only for clearly identified court reference; do not imply court endorsement. Check court terms before public deployment.
FB:laeb,United States Bankruptcy Court — Louisiana Eastern,,favicon,site_icon,False,United States Bankruptcy Court — Louisiana Eastern - official-site icon,images/c9/c96c8cdea312b83693a9c59c47d8f646a4091dcd535dd137cdb30d22165ce852.png,32,32,image/png,c96c8cdea312b83693a9c59c47d8f646a4091dcd535dd137cdb30d22165ce852,https://www.laeb.uscourts.gov/,https://www.laeb.uscourts.gov/sites/all/themes/bankruptcy/favicon.ico,2026-09-12T23:43:24.350668+00:00,Permission not established. Public availability is not a reuse license. Use only for clearly identified court reference; do not imply court endorsement. Check court terms before public deployment.
FB:lamb,United States Bankruptcy Court — Louisiana Middle,,court_seal,federal_court_site_mark,True,United States Bankruptcy Court — Louisiana Middle - official-site identity mark,images/be/be4f792ec2fd2a1022f4f49ae3bb011df511a2571f870fac1b6aa95ccbd86224.png,120,120,image/png,be4f792ec2fd2a1022f4f49ae3bb011df511a2571f870fac1b6aa95ccbd86224,https://www.lamb.uscourts.gov/,https://www.lamb.uscourts.gov/sites/lamb/files/Seal4Web_3_1.png,2026-09-12T23:46:24.405338+00:00,Permission not established. Public availability is not a reuse license. Use only for clearly identified court reference; do not imply court endorsement. Check court terms before public deployment.
FB:lamb,United States Bankruptcy Court — Louisiana Middle,,favicon,site_icon,False,United States Bankruptcy Court — Louisiana Middle - official-site icon,images/aa/aa4633d5292b29853183a90b60f66edbaa517dd9eb0756fba05380f20cfb5880.png,120,120,image/png,aa4633d5292b29853183a90b60f66edbaa517dd9eb0756fba05380f20cfb5880,https://www.lamb.uscourts.gov/,https://www.lamb.uscourts.gov/sites/all/themes/bankruptcy/apple-touch-icon-120x120.png,2026-09-12T23:46:24.550013+00:00,Permission not established. Public availability is not a reuse license. Use only for clearly identified court reference; do not imply court endorsement. Check court terms before public deployment.
FB:lawb,United States Bankruptcy Court — Louisiana Western,,favicon,site_icon,False,United States Bankruptcy Court — Louisiana Western - official-site icon,images/aa/aa4633d5292b29853183a90b60f66edbaa517dd9eb0756fba05380f20cfb5880.png,120,120,image/png,aa4633d5292b29853183a90b60f66edbaa517dd9eb0756fba05380f20cfb5880,https://www.lawb.uscourts.gov/,https://www.lawb.uscourts.gov/sites/all/themes/bankruptcy/apple-touch-icon-120x120.png,2026-09-12T23:46:24.876422+00:00,Permission not established. Public availability is not a reuse license. Use only for clearly identified court reference; do not imply court endorsement. Check court terms before public deployment.
FB:mab,United States Bankruptcy Court — Massachusetts,,court_seal,federal_court_site_mark,True,United States Bankruptcy Court — Massachusetts - official-site identity mark,images/3a/3a3d053c530eb93437037eadefe5fa140dc256a15177f95c7aa140a82178a4f9.png,126,133,image/png,3a3d053c530eb93437037eadefe5fa140dc256a15177f95c7aa140a82178a4f9,https://www.mab.uscourts.gov/,https://www.mab.uscourts.gov/sites/mab/files/DISTRICT%20OF%20MASSACHUSETTS_bankruptcy_color3.png,2026-09-12T23:43:25.028414+00:00,Permission not established. Public availability is not a reuse license. Use only for clearly identified court reference; do not imply court endorsement. Check court terms before public deployment.
FB:mab,United States Bankruptcy Court — Massachusetts,,favicon,site_icon,False,United States Bankruptcy Court — Massachusetts - official-site icon,images/c9/c96c8cdea312b83693a9c59c47d8f646a4091dcd535dd137cdb30d22165ce852.png,32,32,image/png,c96c8cdea312b83693a9c59c47d8f646a4091dcd535dd137cdb30d22165ce852,https://www.mab.uscourts.gov/,https://www.mab.uscourts.gov/sites/all/themes/bankruptcy/favicon.ico,2026-09-12T23:43:25.177245+00:00,Permission not established. Public availability is not a reuse license. Use only for clearly identified court reference; do not imply court endorsement. Check court terms before public deployment.
FB:mdb,United States Bankruptcy Court — Maryland,,court_logo,federal_court_site_mark,True,United States Bankruptcy Court — Maryland - official-site identity mark,images/c0/c0d41f0e32d39057dbdf6e1845204efb31c385190200d10105990bc00468066d.png,300,300,image/png,c0d41f0e32d39057dbdf6e1845204efb31c385190200d10105990bc00468066d,https://www.mdb.uscourts.gov/,https://www.mdb.uscourts.gov/themes/uscourts/logo.png,2026-09-12T23:43:25.890224+00:00,Permission not established. Public availability is not a reuse license. Use only for clearly identified court reference; do not imply court endorsement. Check court terms before public deployment.
FB:mdb,United States Bankruptcy Court — Maryland,,favicon,site_icon,False,United States Bankruptcy Court — Maryland - official-site icon,images/c9/c96c8cdea312b83693a9c59c47d8f646a4091dcd535dd137cdb30d22165ce852.png,32,32,image/png,c96c8cdea312b83693a9c59c47d8f646a4091dcd535dd137cdb30d22165ce852,https://www.mdb.uscourts.gov/,https://www.mdb.uscourts.gov/themes/uscourts/favicon.ico,2026-09-12T23:43:26.131510+00:00,Permission not established. Public availability is not a reuse license. Use only for clearly identified court reference; do not imply court endorsement. Check court terms before public deployment.
FB:meb,United States Bankruptcy Court — Maine,,court_logo,federal_court_site_mark,True,United States Bankruptcy Court — Maine - official-site identity mark,images/d7/d71a86ee19f21065d5e4c0ec61a79abd11b6ac535bfb8c96e1525c3eac08f64e.png,139,155,image/png,d71a86ee19f21065d5e4c0ec61a79abd11b6ac535bfb8c96e1525c3eac08f64e,https://www.meb.uscourts.gov/,https://www.meb.uscourts.gov/sites/meb/files/meb_1.png,2026-09-12T23:43:24.854298+00:00,Permission not established. Public availability is not a reuse license. Use only for clearly identified court reference; do not imply court endorsement. Check court terms before public deployment.
FB:meb,United States Bankruptcy Court — Maine,,favicon,site_icon,False,United States Bankruptcy Court — Maine - official-site icon,images/c9/c96c8cdea312b83693a9c59c47d8f646a4091dcd535dd137cdb30d22165ce852.png,32,32,image/png,c96c8cdea312b83693a9c59c47d8f646a4091dcd535dd137cdb30d22165ce852,https://www.meb.uscourts.gov/,https://www.meb.uscourts.gov/sites/all/themes/bankruptcy/favicon.ico,2026-09-12T23:43:25.004225+00:00,Permission not established. Public availability is not a reuse license. Use only for clearly identified court reference; do not imply court endorsement. Check court terms before public deployment.
FB:mieb,United States Bankruptcy Court — Michigan Eastern,,court_seal,federal_court_site_mark,True,United States Bankruptcy Court — Michigan Eastern - official-site identity mark,images/f7/f7843cf2d6879416ff349dd7d741b7d046a3a4531415f849d2448d0bd2df69fb.png,126,133,image/png,f7843cf2d6879416ff349dd7d741b7d046a3a4531415f849d2448d0bd2df69fb,https://www.mieb.uscourts.gov/,https://www.mieb.uscourts.gov/sites/mieb/files/logo.png,2026-09-12T23:52:13.913885+00:00,Permission not established. Public availability is not a reuse license. Use only for clearly identified court reference; do not imply court endorsement. Check court terms before public deployment.
FB:miwb,United States Bankruptcy Court — Michigan Western,,favicon,site_icon,False,United States Bankruptcy Court — Michigan Western - official-site icon,images/aa/aa4633d5292b29853183a90b60f66edbaa517dd9eb0756fba05380f20cfb5880.png,120,120,image/png,aa4633d5292b29853183a90b60f66edbaa517dd9eb0756fba05380f20cfb5880,https://www.miwb.uscourts.gov/,https://www.miwb.uscourts.gov/sites/all/themes/bankruptcy/apple-touch-icon-120x120.png,2026-09-12T23:46:25.366966+00:00,Permission not established. Public availability is not a reuse license. Use only for clearly identified court reference; do not imply court endorsement. Check court terms before public deployment.
FB:miwb,United States Bankruptcy Court — Michigan Western,,judiciary_logo,shared_federal_judiciary_mark,False,United States Bankruptcy Court — Michigan Western - official-site identity mark,images/07/079f46c625b5d7752f9be2c0a4260ae888849674bb5497f8dfbe7f5295f136bb.png,126,133,image/png,079f46c625b5d7752f9be2c0a4260ae888849674bb5497f8dfbe7f5295f136bb,https://www.miwb.uscourts.gov/,https://www.miwb.uscourts.gov/sites/all/themes/bankruptcy/logo.png,2026-09-12T23:46:25.241010+00:00,Permission not established. Public availability is not a reuse license. Use only for clearly identified court reference; do not imply court endorsement. Check court terms before public deployment.
FB:mnb,United States Bankruptcy Court — Minnesota,,court_seal,federal_court_site_mark,True,United States Bankruptcy Court — Minnesota - official-site identity mark,images/c4/c44b6a87204b67124140ec334f1392442435bd2b4b286b3d561c155b6ce6dfb5.png,126,133,image/png,c44b6a87204b67124140ec334f1392442435bd2b4b286b3d561c155b6ce6dfb5,https://www.mnb.uscourts.gov/,https://www.mnb.uscourts.gov/sites/mnb/files/DISTRICT%20OF%20MINNESOTA_bankruptcy_color2.png,2026-09-12T23:46:25.319109+00:00,Permission not established. Public availability is not a reuse license. Use only for clearly identified court reference; do not imply court endorsement. Check court terms before public deployment.
FB:mnb,United States Bankruptcy Court — Minnesota,,favicon,site_icon,False,United States Bankruptcy Court — Minnesota - official-site icon,images/aa/aa4633d5292b29853183a90b60f66edbaa517dd9eb0756fba05380f20cfb5880.png,120,120,image/png,aa4633d5292b29853183a90b60f66edbaa517dd9eb0756fba05380f20cfb5880,https://www.mnb.uscourts.gov/,https://www.mnb.uscourts.gov/sites/all/themes/bankruptcy/apple-touch-icon-120x120.png,2026-09-12T23:46:25.452313+00:00,Permission not established. Public availability is not a reuse license. Use only for clearly identified court reference; do not imply court endorsement. Check court terms before public deployment.
FB:moeb,United States Bankruptcy Court — Missouri Eastern,,court_seal,federal_court_site_mark,True,United States Bankruptcy Court — Missouri Eastern - official-site identity mark,images/57/573f32673e2be3a708226bdd2b2dcf4c1049bb75b74a9934434ed24aca269916.png,126,133,image/png,573f32673e2be3a708226bdd2b2dcf4c1049bb75b74a9934434ed24aca269916,https://www.moeb.uscourts.gov/,https://www.moeb.uscourts.gov/sites/moeb/files/Seal%201.png,2026-09-12T23:52:15.754688+00:00,Permission not established. Public availability is not a reuse license. Use only for clearly identified court reference; do not imply court endorsement. Check court terms before public deployment.
FB:moeb,United States Bankruptcy Court — Missouri Eastern,,favicon,site_icon,False,United States Bankruptcy Court — Missouri Eastern - official-site icon,images/aa/aa4633d5292b29853183a90b60f66edbaa517dd9eb0756fba05380f20cfb5880.png,120,120,image/png,aa4633d5292b29853183a90b60f66edbaa517dd9eb0756fba05380f20cfb5880,https://www.moeb.uscourts.gov/,https://www.moeb.uscourts.gov/sites/all/themes/bankruptcy/apple-touch-icon-120x120.png,2026-09-12T23:52:15.911415+00:00,Permission not established. Public availability is not a reuse license. Use only for clearly identified court reference; do not imply court endorsement. Check court terms before public deployment.
FB:mowb,United States Bankruptcy Court — Missouri Western,,favicon,site_icon,False,United States Bankruptcy Court — Missouri Western - official-site icon,images/1a/1adbd58c71aba58172f94c8e89a625652079d0bbba1bf4e9c5b1d95860b7abbc.png,114,114,image/png,1adbd58c71aba58172f94c8e89a625652079d0bbba1bf4e9c5b1d95860b7abbc,https://www.mow.uscourts.gov/,https://www.mow.uscourts.gov/sites/all/themes/opps/apple-touch-icon-114x114.png,2026-09-12T23:52:15.853780+00:00,Permission not established. Public availability is not a reuse license. Use only for clearly identified court reference; do not imply court endorsement. Check court terms before public deployment.
FB:mowb,United States Bankruptcy Court — Missouri Western,,judiciary_logo,shared_federal_judiciary_mark,False,United States Bankruptcy Court — Missouri Western - official-site identity mark,images/60/60abf2e9f08f7d942f78c9223816812277f8ede31caca828766eb25a28f4829e.png,126,133,image/png,60abf2e9f08f7d942f78c9223816812277f8ede31caca828766eb25a28f4829e,https://www.mow.uscourts.gov/,https://www.mow.uscourts.gov/sites/mow/files/generic_seal_regular_color3_0.png,2026-09-12T23:52:15.693623+00:00,Permission not established. Public availability is not a reuse license. Use only for clearly identified court reference; do not imply court endorsement. Check court terms before public deployment.
FB:msnb,United States Bankruptcy Court — Mississippi Northern,,court_seal,federal_court_site_mark,True,United States Bankruptcy Court — Mississippi Northern - official-site identity mark,images/a3/a3ca8b3b8f61fabf0e9a6f551a334313666673fd5a3d141271b8d8a91173b576.png,126,133,image/png,a3ca8b3b8f61fabf0e9a6f551a334313666673fd5a3d141271b8d8a91173b576,https://www.msnb.uscourts.gov/,https://www.msnb.uscourts.gov/sites/msnb/files/MSNB_Seal.png,2026-09-12T23:46:25.425536+00:00,Permission not established. Public availability is not a reuse license. Use only for clearly identified court reference; do not imply court endorsement. Check court terms before public deployment.
FB:msnb,United States Bankruptcy Court — Mississippi Northern,,favicon,site_icon,False,United States Bankruptcy Court — Mississippi Northern - official-site icon,images/aa/aa4633d5292b29853183a90b60f66edbaa517dd9eb0756fba05380f20cfb5880.png,120,120,image/png,aa4633d5292b29853183a90b60f66edbaa517dd9eb0756fba05380f20cfb5880,https://www.msnb.uscourts.gov/,https://www.msnb.uscourts.gov/sites/all/themes/bankruptcy/apple-touch-icon-120x120.png,2026-09-12T23:46:25.577526+00:00,Permission not established. Public availability is not a reuse license. Use only for clearly identified court reference; do not imply court endorsement. Check court terms before public deployment.
FB:mssb,United States Bankruptcy Court — Mississippi Southern,,favicon,site_icon,False,United States Bankruptcy Court — Mississippi Southern - official-site icon,images/aa/aa4633d5292b29853183a90b60f66edbaa517dd9eb0756fba05380f20cfb5880.png,120,120,image/png,aa4633d5292b29853183a90b60f66edbaa517dd9eb0756fba05380f20cfb5880,https://www.mssb.uscourts.gov/,https://www.mssb.uscourts.gov/sites/all/themes/bankruptcy/apple-touch-icon-120x120.png,2026-09-12T23:46:25.580247+00:00,Permission not established. Public availability is not a reuse license. Use only for clearly identified court reference; do not imply court endorsement. Check court terms before public deployment.
FB:mssb,United States Bankruptcy Court — Mississippi Southern,,judiciary_logo,shared_federal_judiciary_mark,False,United States Bankruptcy Court — Mississippi Southern - official-site identity mark,images/07/079f46c625b5d7752f9be2c0a4260ae888849674bb5497f8dfbe7f5295f136bb.png,126,133,image/png,079f46c625b5d7752f9be2c0a4260ae888849674bb5497f8dfbe7f5295f136bb,https://www.mssb.uscourts.gov/,https://www.mssb.uscourts.gov/sites/all/themes/bankruptcy/logo.png,2026-09-12T23:46:25.441637+00:00,Permission not established. Public availability is not a reuse license. Use only for clearly identified court reference; do not imply court endorsement. Check court terms before public deployment.
FB:mtb,United States Bankruptcy Court — Montana,,court_seal,federal_court_site_mark,True,United States Bankruptcy Court — Montana - official-site identity mark,images/9f/9fec0ff0025e453e1c67b2cb0459f41b821d5b0be326975082c985291cf210b6.png,160,160,image/png,9fec0ff0025e453e1c67b2cb0459f41b821d5b0be326975082c985291cf210b6,https://www.mtb.uscourts.gov/,https://www.mtb.uscourts.gov/sites/mtb/files/mtbseal_1_0.png,2026-09-12T23:46:25.692769+00:00,Permission not established. Public availability is not a reuse license. Use only for clearly identified court reference; do not imply court endorsement. Check court terms before public deployment.
FB:mtb,United States Bankruptcy Court — Montana,,favicon,site_icon,False,United States Bankruptcy Court — Montana - official-site icon,images/aa/aa4633d5292b29853183a90b60f66edbaa517dd9eb0756fba05380f20cfb5880.png,120,120,image/png,aa4633d5292b29853183a90b60f66edbaa517dd9eb0756fba05380f20cfb5880,https://www.mtb.uscourts.gov/,https://www.mtb.uscourts.gov/sites/all/themes/bankruptcy/apple-touch-icon-120x120.png,2026-09-12T23:46:25.832168+00:00,Permission not established. Public availability is not a reuse license. Use only for clearly identified court reference; do not imply court endorsement. Check court terms before public deployment.
FB:ncmb,United States Bankruptcy Court — North Carolina Middle,,court_seal,federal_court_site_mark,True,United States Bankruptcy Court — North Carolina Middle - official-site identity mark,images/5c/5cd305182250dc5f09f64e78084d547a6561ce0deac50ff74f8f6b946e31dafc.png,126,133,image/png,5cd305182250dc5f09f64e78084d547a6561ce0deac50ff74f8f6b946e31dafc,https://www.ncmb.uscourts.gov/,https://www.ncmb.uscourts.gov/sites/default/files/seal2.png,2026-09-12T23:46:26.159993+00:00,Permission not established. Public availability is not a reuse license. Use only for clearly identified court reference; do not imply court endorsement. Check court terms before public deployment.
FB:ncmb,United States Bankruptcy Court — North Carolina Middle,,favicon,site_icon,False,United States Bankruptcy Court — North Carolina Middle - official-site icon,images/c4/c4e4a7a6a6f1734b9939e03fc58e85eb91a0324967c7b0b26799db493ac138ad.gif,16,16,image/gif,c4e4a7a6a6f1734b9939e03fc58e85eb91a0324967c7b0b26799db493ac138ad,https://www.ncmb.uscourts.gov/,https://www.ncmb.uscourts.gov/sites/all/themes/us_courts_bankruptcy/favicon.ico,2026-09-12T23:46:26.318597+00:00,Permission not established. Public availability is not a reuse license. Use only for clearly identified court reference; do not imply court endorsement. Check court terms before public deployment.
FB:ncwb,United States Bankruptcy Court — North Carolina Western,,court_seal,federal_court_site_mark,True,United States Bankruptcy Court — North Carolina Western - official-site identity mark,images/65/651912c11c1a662f370be92ef291ab0d02a73d4bab76eb4d519f75dda673bc9a.png,126,133,image/png,651912c11c1a662f370be92ef291ab0d02a73d4bab76eb4d519f75dda673bc9a,https://www.ncwb.uscourts.gov/,https://www.ncwb.uscourts.gov/sites/ncwb/files/ncwb_logo.png,2026-09-12T23:43:25.902280+00:00,Permission not established. Public availability is not a reuse license. Use only for clearly identified court reference; do not imply court endorsement. Check court terms before public deployment.
FB:ncwb,United States Bankruptcy Court — North Carolina Western,,favicon,site_icon,False,United States Bankruptcy Court — North Carolina Western - official-site icon,images/c9/c96c8cdea312b83693a9c59c47d8f646a4091dcd535dd137cdb30d22165ce852.png,32,32,image/png,c96c8cdea312b83693a9c59c47d8f646a4091dcd535dd137cdb30d22165ce852,https://www.ncwb.uscourts.gov/,https://www.ncwb.uscourts.gov/sites/all/themes/bankruptcy/favicon.ico,2026-09-12T23:43:26.057986+00:00,Permission not established. Public availability is not a reuse license. Use only for clearly identified court reference; do not imply court endorsement. Check court terms before public deployment.
FB:ndb,United States Bankruptcy Court — North Dakota,,court_logo,federal_court_site_mark,True,United States Bankruptcy Court — North Dakota - official-site identity mark,images/4b/4b5372eee866f27a9ff9eb17c0c51f808e5a181ad93d7d1d2f8467222a957d08.png,140,140,image/png,4b5372eee866f27a9ff9eb17c0c51f808e5a181ad93d7d1d2f8467222a957d08,https://www.ndb.uscourts.gov/,https://www.ndb.uscourts.gov/sites/default/files/Bankruptcy%20DISTRICT%20OF%20NORTH%20DAKOTA_AG_MEDIUM_2.png,2026-09-12T23:46:27.631201+00:00,Permission not established. Public availability is not a reuse license. Use only for clearly identified court reference; do not imply court endorsement. Check court terms before public deployment.
FB:ndb,United States Bankruptcy Court — North Dakota,,favicon,site_icon,False,United States Bankruptcy Court — North Dakota - official-site icon,images/c4/c4e4a7a6a6f1734b9939e03fc58e85eb91a0324967c7b0b26799db493ac138ad.gif,16,16,image/gif,c4e4a7a6a6f1734b9939e03fc58e85eb91a0324967c7b0b26799db493ac138ad,https://www.ndb.uscourts.gov/,https://www.ndb.uscourts.gov/sites/all/themes/us_courts_bankruptcy/favicon.ico,2026-09-12T23:46:27.777887+00:00,Permission not established. Public availability is not a reuse license. Use only for clearly identified court reference; do not imply court endorsement. Check court terms before public deployment.
FB:neb,United States Bankruptcy Court — Nebraska,,court_seal,federal_court_site_mark,True,United States Bankruptcy Court — Nebraska - official-site identity mark,images/56/56e726bf4e5c228d79edca0c30b64d782a71fd27163adad9f056691fb8d997b3.png,126,133,image/png,56e726bf4e5c228d79edca0c30b64d782a71fd27163adad9f056691fb8d997b3,https://www.neb.uscourts.gov/,https://www.neb.uscourts.gov/sites/neb/files/Bankruptcy%20NEBRASKA_LS_MEDIUM.png,2026-09-12T23:52:15.701618+00:00,Permission not established. Public availability is not a reuse license. Use only for clearly identified court reference; do not imply court endorsement. Check court terms before public deployment.
FB:neb,United States Bankruptcy Court — Nebraska,,favicon,site_icon,False,United States Bankruptcy Court — Nebraska - official-site icon,images/aa/aa4633d5292b29853183a90b60f66edbaa517dd9eb0756fba05380f20cfb5880.png,120,120,image/png,aa4633d5292b29853183a90b60f66edbaa517dd9eb0756fba05380f20cfb5880,https://www.neb.uscourts.gov/,https://www.neb.uscourts.gov/sites/all/themes/bankruptcy/apple-touch-icon-120x120.png,2026-09-12T23:52:15.853780+00:00,Permission not established. Public availability is not a reuse license. Use only for clearly identified court reference; do not imply court endorsement. Check court terms before public deployment.
FB:nhb,United States Bankruptcy Court — New Hampshire,,court_seal,federal_court_site_mark,True,United States Bankruptcy Court — New Hampshire - official-site identity mark,images/fd/fd28fab7d6d37d5c8daa0e9b887495e973d6aae3cee49033c18b901ef6f84f4c.png,126,133,image/png,fd28fab7d6d37d5c8daa0e9b887495e973d6aae3cee49033c18b901ef6f84f4c,https://www.nhb.uscourts.gov/,https://www.nhb.uscourts.gov/sites/nhb/files/New%20Hampshire%20bankruptcy_color3_0.png,2026-09-12T23:46:26.166252+00:00,Permission not established. Public availability is not a reuse license. Use only for clearly identified court reference; do not imply court endorsement. Check court terms before public deployment.
FB:nhb,United States Bankruptcy Court — New Hampshire,,favicon,site_icon,False,United States Bankruptcy Court — New Hampshire - official-site icon,images/aa/aa4633d5292b29853183a90b60f66edbaa517dd9eb0756fba05380f20cfb5880.png,120,120,image/png,aa4633d5292b29853183a90b60f66edbaa517dd9eb0756fba05380f20cfb5880,https://www.nhb.uscourts.gov/,https://www.nhb.uscourts.gov/sites/all/themes/bankruptcy/apple-touch-icon-120x120.png,2026-09-12T23:46:26.319625+00:00,Permission not established. Public availability is not a reuse license. Use only for clearly identified court reference; do not imply court endorsement. Check court terms before public deployment.
FB:nhb,United States Bankruptcy Court — New Hampshire,,favicon,site_icon,False,United States Bankruptcy Court — New Hampshire - official-site icon,images/c9/c96c8cdea312b83693a9c59c47d8f646a4091dcd535dd137cdb30d22165ce852.png,32,32,image/png,c96c8cdea312b83693a9c59c47d8f646a4091dcd535dd137cdb30d22165ce852,https://www.nhb.uscourts.gov/,https://www.nhb.uscourts.gov/sites/all/themes/bankruptcy/favicon.ico,2026-09-12T23:43:25.771917+00:00,Permission not established. Public availability is not a reuse license. Use only for clearly identified court reference; do not imply court endorsement. Check court terms before public deployment.
FB:nmb,United States Bankruptcy Court — New Mexico,,court_logo,federal_court_site_mark,True,United States Bankruptcy Court — New Mexico - official-site identity mark,images/1f/1fc505176560d6f81397cb55cbbd6d41000dbff434b6ec5e3d1926f68074ce16.png,85,86,image/png,1fc505176560d6f81397cb55cbbd6d41000dbff434b6ec5e3d1926f68074ce16,https://www.nmb.uscourts.gov/,https://www.nmb.uscourts.gov/sites/default/files/LOGO6_0.png,2026-09-12T23:46:26.583946+00:00,Permission not established. Public availability is not a reuse license. Use only for clearly identified court reference; do not imply court endorsement. Check court terms before public deployment.
FB:nmb,United States Bankruptcy Court — New Mexico,,favicon,site_icon,True,United States Bankruptcy Court — New Mexico - official-site icon,images/77/7773fe3b39fd83e464f8918f970267b7a44b658eef3fbd3a036b875125ec81f0.ico,48,48,image/x-icon,7773fe3b39fd83e464f8918f970267b7a44b658eef3fbd3a036b875125ec81f0,https://www.nmb.uscourts.gov/,https://www.nmb.uscourts.gov/sites/default/files/favicon_0.ico,2026-09-12T23:46:26.827657+00:00,Permission not established. Public availability is not a reuse license. Use only for clearly identified court reference; do not imply court endorsement. Check court terms before public deployment.
FB:nmib,United States Bankruptcy Jurisdiction — Northern Mariana Islands,,favicon,site_icon,False,United States Bankruptcy Jurisdiction — Northern Mariana Islands - official-site icon,images/46/46a4d9c1e54ba0f8dc9bcad3d55177540e60b77a48f6a9f895f193991140e861.png,120,120,image/png,46a4d9c1e54ba0f8dc9bcad3d55177540e60b77a48f6a9f895f193991140e861,https://www.nmid.uscourts.gov/,https://www.nmid.uscourts.gov/sites/all/themes/district/apple-touch-icon-120x120.png,2026-09-12T23:52:14.943861+00:00,Permission not established. Public availability is not a reuse license. Use only for clearly identified court reference; do not imply court endorsement. Check court terms before public deployment.
FB:nmib,United States Bankruptcy Jurisdiction — Northern Mariana Islands,,judiciary_logo,shared_federal_judiciary_mark,False,United States Bankruptcy Jurisdiction — Northern Mariana Islands - official-site identity mark,images/10/103eac7c2c7bcc698c87b1c75a9ef914d4552d731bce49e9c0f2c0bd6986cf62.png,126,133,image/png,103eac7c2c7bcc698c87b1c75a9ef914d4552d731bce49e9c0f2c0bd6986cf62,https://www.nmid.uscourts.gov/,https://www.nmid.uscourts.gov/sites/nmid/files/courtseal126x133.png,2026-09-12T23:52:14.807552+00:00,Permission not established. Public availability is not a reuse license. Use only for clearly identified court reference; do not imply court endorsement. Check court terms before public deployment.
FB:nvb,United States Bankruptcy Court — Nevada,,favicon,site_icon,True,United States Bankruptcy Court — Nevada - official-site icon,images/8f/8f338cf2e62d070110cdebcff31c1d6c3d340ac45f2cf687e83ff884d829ce9e.ico,16,16,image/x-icon,8f338cf2e62d070110cdebcff31c1d6c3d340ac45f2cf687e83ff884d829ce9e,https://www.nvb.uscourts.gov/,https://www.nvb.uscourts.gov/favicon.ico,2026-09-12T23:46:26.715242+00:00,Permission not established. Public availability is not a reuse license. Use only for clearly identified court reference; do not imply court endorsement. Check court terms before public deployment.
FB:nyeb,United States Bankruptcy Court — New York Eastern,,court_seal,federal_court_site_mark,True,United States Bankruptcy Court — New York Eastern - official-site identity mark,images/81/8161385bf67fcb03ec8e48f404d0370c3520cb624ff9f30d17259edabd551f0d.png,148,130,image/png,8161385bf67fcb03ec8e48f404d0370c3520cb624ff9f30d17259edabd551f0d,https://www.nyeb.uscourts.gov/,https://www.nyeb.uscourts.gov/sites/nyeb/files/NYEB_Court_Seal_0.png,2026-09-12T23:43:26.029908+00:00,Permission not established. Public availability is not a reuse license. Use only for clearly identified court reference; do not imply court endorsement. Check court terms before public deployment.
FB:nyeb,United States Bankruptcy Court — New York Eastern,,favicon,site_icon,False,United States Bankruptcy Court — New York Eastern - official-site icon,images/c9/c96c8cdea312b83693a9c59c47d8f646a4091dcd535dd137cdb30d22165ce852.png,32,32,image/png,c96c8cdea312b83693a9c59c47d8f646a4091dcd535dd137cdb30d22165ce852,https://www.nyeb.uscourts.gov/,https://www.nyeb.uscourts.gov/sites/all/themes/bankruptcy/favicon.ico,2026-09-12T23:43:26.358895+00:00,Permission not established. Public availability is not a reuse license. Use only for clearly identified court reference; do not imply court endorsement. Check court terms before public deployment.
FB:nynb,United States Bankruptcy Court — New York Northern,,favicon,site_icon,False,United States Bankruptcy Court — New York Northern - official-site icon,images/c9/c96c8cdea312b83693a9c59c47d8f646a4091dcd535dd137cdb30d22165ce852.png,32,32,image/png,c96c8cdea312b83693a9c59c47d8f646a4091dcd535dd137cdb30d22165ce852,https://www.nynb.uscourts.gov/,https://www.nynb.uscourts.gov/sites/all/themes/bankruptcy/favicon.ico,2026-09-12T23:52:15.109026+00:00,Permission not established. Public availability is not a reuse license. Use only for clearly identified court reference; do not imply court endorsement. Check court terms before public deployment.
FB:nynb,United States Bankruptcy Court — New York Northern,,judiciary_logo,shared_federal_judiciary_mark,False,United States Bankruptcy Court — New York Northern - official-site identity mark,images/07/079f46c625b5d7752f9be2c0a4260ae888849674bb5497f8dfbe7f5295f136bb.png,126,133,image/png,079f46c625b5d7752f9be2c0a4260ae888849674bb5497f8dfbe7f5295f136bb,https://www.nynb.uscourts.gov/,https://www.nynb.uscourts.gov/sites/all/themes/bankruptcy/logo.png,2026-09-12T23:52:14.962668+00:00,Permission not established. Public availability is not a reuse license. Use only for clearly identified court reference; do not imply court endorsement. Check court terms before public deployment.
FB:nysb,United States Bankruptcy Court — New York Southern,,court_seal,federal_court_site_mark,True,United States Bankruptcy Court — New York Southern - official-site identity mark,images/03/03fc31f7b2126e28e8068680f2a55781fef4483d06c6b6d18ca394c97dc86c9d.png,126,133,image/png,03fc31f7b2126e28e8068680f2a55781fef4483d06c6b6d18ca394c97dc86c9d,https://www.nysb.uscourts.gov/,https://www.nysb.uscourts.gov/sites/default/files/seal126x133.png,2026-09-12T23:46:26.542692+00:00,Permission not established. Public availability is not a reuse license. Use only for clearly identified court reference; do not imply court endorsement. Check court terms before public deployment.
FB:nysb,United States Bankruptcy Court — New York Southern,,favicon,site_icon,False,United States Bankruptcy Court — New York Southern - official-site icon,images/c9/c96c8cdea312b83693a9c59c47d8f646a4091dcd535dd137cdb30d22165ce852.png,32,32,image/png,c96c8cdea312b83693a9c59c47d8f646a4091dcd535dd137cdb30d22165ce852,https://www.nysb.uscourts.gov/,https://www.nysb.uscourts.gov/sites/all/themes/bankruptcy/favicon.ico,2026-09-12T23:43:26.791072+00:00,Permission not established. Public availability is not a reuse license. Use only for clearly identified court reference; do not imply court endorsement. Check court terms before public deployment.
FB:nysb,United States Bankruptcy Court — New York Southern,,favicon,site_icon,False,United States Bankruptcy Court — New York Southern - official-site icon,images/1a/1adbd58c71aba58172f94c8e89a625652079d0bbba1bf4e9c5b1d95860b7abbc.png,114,114,image/png,1adbd58c71aba58172f94c8e89a625652079d0bbba1bf4e9c5b1d95860b7abbc,https://www.nysb.uscourts.gov/,https://www.nysb.uscourts.gov/sites/all/themes/cstbase/apple-touch-icon-114x114.png,2026-09-12T23:46:26.686752+00:00,Permission not established. Public availability is not a reuse license. Use only for clearly identified court reference; do not imply court endorsement. Check court terms before public deployment.
FB:nywb,United States Bankruptcy Court — New York Western,,court_seal,federal_court_site_mark,True,United States Bankruptcy Court — New York Western - official-site identity mark,images/5e/5e87b080cfec28295d8f10e025e803cd492133abb30b645e908359f94f6799b6.png,126,133,image/png,5e87b080cfec28295d8f10e025e803cd492133abb30b645e908359f94f6799b6,https://www.nywb.uscourts.gov/,https://www.nywb.uscourts.gov/sites/nywb/files/25_0_0.png,2026-09-12T23:43:27.308698+00:00,Permission not established. Public availability is not a reuse license. Use only for clearly identified court reference; do not imply court endorsement. Check court terms before public deployment.
FB:nywb,United States Bankruptcy Court — New York Western,,favicon,site_icon,False,United States Bankruptcy Court — New York Western - official-site icon,images/c9/c96c8cdea312b83693a9c59c47d8f646a4091dcd535dd137cdb30d22165ce852.png,32,32,image/png,c96c8cdea312b83693a9c59c47d8f646a4091dcd535dd137cdb30d22165ce852,https://www.nywb.uscourts.gov/,https://www.nywb.uscourts.gov/sites/all/themes/bankruptcy/favicon.ico,2026-09-12T23:43:27.457474+00:00,Permission not established. Public availability is not a reuse license. Use only for clearly identified court reference; do not imply court endorsement. Check court terms before public deployment.
FB:ohnb,United States Bankruptcy Court — Ohio Northern,,court_seal,federal_court_site_mark,True,United States Bankruptcy Court — Ohio Northern - official-site identity mark,images/5e/5ee3ba841b5ef1415e1528626791bd157d7d0d8e9076a12c25a0f29d2dbc386b.png,133,133,image/png,5ee3ba841b5ef1415e1528626791bd157d7d0d8e9076a12c25a0f29d2dbc386b,https://www.ohnb.uscourts.gov/,https://www.ohnb.uscourts.gov/sites/default/files/OHNB-Seal-133x133-with-20px-padding.png,2026-09-12T23:46:27.285525+00:00,Permission not established. Public availability is not a reuse license. Use only for clearly identified court reference; do not imply court endorsement. Check court terms before public deployment.
FB:ohnb,United States Bankruptcy Court — Ohio Northern,,favicon,site_icon,False,United States Bankruptcy Court — Ohio Northern - official-site icon,images/c9/c96c8cdea312b83693a9c59c47d8f646a4091dcd535dd137cdb30d22165ce852.png,32,32,image/png,c96c8cdea312b83693a9c59c47d8f646a4091dcd535dd137cdb30d22165ce852,https://www.ohnb.uscourts.gov/,https://www.ohnb.uscourts.gov/favicon.ico,2026-09-12T23:43:27.721788+00:00,Permission not established. Public availability is not a reuse license. Use only for clearly identified court reference; do not imply court endorsement. Check court terms before public deployment.
FB:ohnb,United States Bankruptcy Court — Ohio Northern,,favicon,site_icon,False,United States Bankruptcy Court — Ohio Northern - official-site icon,images/1a/1adbd58c71aba58172f94c8e89a625652079d0bbba1bf4e9c5b1d95860b7abbc.png,114,114,image/png,1adbd58c71aba58172f94c8e89a625652079d0bbba1bf4e9c5b1d95860b7abbc,https://www.ohnb.uscourts.gov/,https://www.ohnb.uscourts.gov/sites/all/themes/cstbase/apple-touch-icon-114x114.png,2026-09-12T23:46:27.481407+00:00,Permission not established. Public availability is not a reuse license. Use only for clearly identified court reference; do not imply court endorsement. Check court terms before public deployment.
FB:ohsb,United States Bankruptcy Court — Ohio Southern,,judiciary_logo,shared_federal_judiciary_mark,False,United States Bankruptcy Court — Ohio Southern - official-site identity mark,images/07/079f46c625b5d7752f9be2c0a4260ae888849674bb5497f8dfbe7f5295f136bb.png,126,133,image/png,079f46c625b5d7752f9be2c0a4260ae888849674bb5497f8dfbe7f5295f136bb,https://www.ohsb.uscourts.gov/,https://www.ohsb.uscourts.gov/sites/all/themes/bankruptcy/logo.png,2026-09-12T23:43:26.657769+00:00,Permission not established. Public availability is not a reuse license. Use only for clearly identified court reference; do not imply court endorsement. Check court terms before public deployment.
FB:okeb,United States Bankruptcy Court — Oklahoma Eastern,,court_seal,federal_court_site_mark,True,United States Bankruptcy Court — Oklahoma Eastern - official-site identity mark,images/75/75e6c900f72e83984e00e54249a0a12d5bab22e5ce2b93f9c8ad70083950b8d9.png,126,133,image/png,75e6c900f72e83984e00e54249a0a12d5bab22e5ce2b93f9c8ad70083950b8d9,https://www.okeb.uscourts.gov/,https://www.okeb.uscourts.gov/sites/okeb/files/seal-img_0.png,2026-09-12T23:43:27.151874+00:00,Permission not established. Public availability is not a reuse license. Use only for clearly identified court reference; do not imply court endorsement. Check court terms before public deployment.
FB:okeb,United States Bankruptcy Court — Oklahoma Eastern,,favicon,site_icon,False,United States Bankruptcy Court — Oklahoma Eastern - official-site icon,images/c9/c96c8cdea312b83693a9c59c47d8f646a4091dcd535dd137cdb30d22165ce852.png,32,32,image/png,c96c8cdea312b83693a9c59c47d8f646a4091dcd535dd137cdb30d22165ce852,https://www.okeb.uscourts.gov/,https://www.okeb.uscourts.gov/sites/all/themes/bankruptcy/favicon.ico,2026-09-12T23:43:27.300050+00:00,Permission not established. Public availability is not a reuse license. Use only for clearly identified court reference; do not imply court endorsement. Check court terms before public deployment.
FB:oknb,United States Bankruptcy Court — Oklahoma Northern,,court_seal,federal_court_site_mark,True,United States Bankruptcy Court — Oklahoma Northern - official-site identity mark,images/0f/0fe712e8e754a4eeb897638d0b0608d2c014c139696ed37ef6f0c7e7fc77bc26.png,126,133,image/png,0fe712e8e754a4eeb897638d0b0608d2c014c139696ed37ef6f0c7e7fc77bc26,https://www.oknb.uscourts.gov/,https://www.oknb.uscourts.gov/sites/oknb/files/NORTHERN%20DISTRICT%20OF%20OKLAHOMA_bankruptcy_color1.png,2026-09-12T23:43:27.044830+00:00,Permission not established. Public availability is not a reuse license. Use only for clearly identified court reference; do not imply court endorsement. Check court terms before public deployment.
FB:oknb,United States Bankruptcy Court — Oklahoma Northern,,favicon,site_icon,False,United States Bankruptcy Court — Oklahoma Northern - official-site icon,images/c9/c96c8cdea312b83693a9c59c47d8f646a4091dcd535dd137cdb30d22165ce852.png,32,32,image/png,c96c8cdea312b83693a9c59c47d8f646a4091dcd535dd137cdb30d22165ce852,https://www.oknb.uscourts.gov/,https://www.oknb.uscourts.gov/sites/all/themes/bankruptcy/favicon.ico,2026-09-12T23:43:27.182703+00:00,Permission not established. Public availability is not a reuse license. Use only for clearly identified court reference; do not imply court endorsement. Check court terms before public deployment.
FB:okwb,United States Bankruptcy Court — Oklahoma Western,,court_seal,federal_court_site_mark,True,United States Bankruptcy Court — Oklahoma Western - official-site identity mark,images/f4/f463054e0a7f5cc0f77468c3a7f9dbe14825e4e4014af7753efabd4b52d310f7.png,126,133,image/png,f463054e0a7f5cc0f77468c3a7f9dbe14825e4e4014af7753efabd4b52d310f7,https://www.okwb.uscourts.gov/,https://www.okwb.uscourts.gov/sites/okwb/files/Logo.png,2026-09-12T23:46:28.665323+00:00,Permission not established. Public availability is not a reuse license. Use only for clearly identified court reference; do not imply court endorsement. Check court terms before public deployment.
FB:okwb,United States Bankruptcy Court — Oklahoma Western,,favicon,site_icon,False,United States Bankruptcy Court — Oklahoma Western - official-site icon,images/aa/aa4633d5292b29853183a90b60f66edbaa517dd9eb0756fba05380f20cfb5880.png,120,120,image/png,aa4633d5292b29853183a90b60f66edbaa517dd9eb0756fba05380f20cfb5880,https://www.okwb.uscourts.gov/,https://www.okwb.uscourts.gov/sites/all/themes/bankruptcy/apple-touch-icon-120x120.png,2026-09-12T23:46:28.807920+00:00,Permission not established. Public availability is not a reuse license. Use only for clearly identified court reference; do not imply court endorsement. Check court terms before public deployment.
FB:okwb,United States Bankruptcy Court — Oklahoma Western,,favicon,site_icon,False,United States Bankruptcy Court — Oklahoma Western - official-site icon,images/c9/c96c8cdea312b83693a9c59c47d8f646a4091dcd535dd137cdb30d22165ce852.png,32,32,image/png,c96c8cdea312b83693a9c59c47d8f646a4091dcd535dd137cdb30d22165ce852,https://www.okwb.uscourts.gov/,https://www.okwb.uscourts.gov/sites/all/themes/bankruptcy/favicon.ico,2026-09-12T23:43:27.102744+00:00,Permission not established. Public availability is not a reuse license. Use only for clearly identified court reference; do not imply court endorsement. Check court terms before public deployment.
FB:orb,United States Bankruptcy Court — Oregon,,favicon,site_icon,False,United States Bankruptcy Court — Oregon - official-site icon,images/aa/aa4633d5292b29853183a90b60f66edbaa517dd9eb0756fba05380f20cfb5880.png,120,120,image/png,aa4633d5292b29853183a90b60f66edbaa517dd9eb0756fba05380f20cfb5880,https://www.orb.uscourts.gov/,https://www.orb.uscourts.gov/sites/all/themes/bankruptcy/apple-touch-icon-120x120.png,2026-09-12T23:52:15.354376+00:00,Permission not established. Public availability is not a reuse license. Use only for clearly identified court reference; do not imply court endorsement. Check court terms before public deployment.
FB:orb,United States Bankruptcy Court — Oregon,,judiciary_logo,shared_federal_judiciary_mark,False,United States Bankruptcy Court — Oregon - official-site identity mark,images/07/079f46c625b5d7752f9be2c0a4260ae888849674bb5497f8dfbe7f5295f136bb.png,126,133,image/png,079f46c625b5d7752f9be2c0a4260ae888849674bb5497f8dfbe7f5295f136bb,https://www.orb.uscourts.gov/,https://www.orb.uscourts.gov/sites/all/themes/bankruptcy/logo.png,2026-09-12T23:52:15.210635+00:00,Permission not established. Public availability is not a reuse license. Use only for clearly identified court reference; do not imply court endorsement. Check court terms before public deployment.
FB:paeb,United States Bankruptcy Court — Pennsylvania Eastern,,court_seal,federal_court_site_mark,True,United States Bankruptcy Court — Pennsylvania Eastern - official-site identity mark,images/65/65b065cca2d6a7b6b64d1e56b34788195d9851199c020af51279eaee3f104ec1.png,140,140,image/png,65b065cca2d6a7b6b64d1e56b34788195d9851199c020af51279eaee3f104ec1,https://www.paeb.uscourts.gov/,https://www.paeb.uscourts.gov/sites/paeb/files/paeb_seal7c.png,2026-09-12T23:43:28.075837+00:00,Permission not established. Public availability is not a reuse license. Use only for clearly identified court reference; do not imply court endorsement. Check court terms before public deployment.
FB:paeb,United States Bankruptcy Court — Pennsylvania Eastern,,favicon,site_icon,False,United States Bankruptcy Court — Pennsylvania Eastern - official-site icon,images/c9/c96c8cdea312b83693a9c59c47d8f646a4091dcd535dd137cdb30d22165ce852.png,32,32,image/png,c96c8cdea312b83693a9c59c47d8f646a4091dcd535dd137cdb30d22165ce852,https://www.paeb.uscourts.gov/,https://www.paeb.uscourts.gov/sites/all/themes/bankruptcy/favicon.ico,2026-09-12T23:43:28.220569+00:00,Permission not established. Public availability is not a reuse license. Use only for clearly identified court reference; do not imply court endorsement. Check court terms before public deployment.
FB:pamb,United States Bankruptcy Court — Pennsylvania Middle,,court_seal,federal_court_site_mark,True,PAMB Bankruptcy Court Seal,images/18/18f37799f14dffd6273b46af1d108f24c85f30c94d311371da079ac76a300f7d.png,96,96,image/png,18f37799f14dffd6273b46af1d108f24c85f30c94d311371da079ac76a300f7d,https://www.pamb.uscourts.gov/,https://www.pamb.uscourts.gov/sites/default/files/styles/site_logo/public/images/logo_1.png?itok=RW6gGLUn,2026-09-12T23:46:27.767787+00:00,Permission not established. Public availability is not a reuse license. Use only for clearly identified court reference; do not imply court endorsement. Check court terms before public deployment.
FB:pamb,United States Bankruptcy Court — Pennsylvania Middle,,favicon,site_icon,False,United States Bankruptcy Court — Pennsylvania Middle - official-site icon,images/c8/c8a4e14b31ec833cd9dbc1ec802fcc0aa0394039db1e1c9a2cc51a6894817fe7.ico,16,16,image/x-icon,c8a4e14b31ec833cd9dbc1ec802fcc0aa0394039db1e1c9a2cc51a6894817fe7,https://www.pamb.uscourts.gov/,https://www.pamb.uscourts.gov/themes/custom/uscgov/favicon.ico,2026-09-12T23:46:27.953583+00:00,Permission not established. Public availability is not a reuse license. Use only for clearly identified court reference; do not imply court endorsement. Check court terms before public deployment.
FB:pawb,United States Bankruptcy Court — Pennsylvania Western,,court_seal,federal_court_site_mark,True,United States Bankruptcy Court — Pennsylvania Western - official-site identity mark,images/b0/b0d0aac1b702f1c1c27038cbae6906cbdcab5981cd183bb9f2fa47182acb7742.png,126,133,image/png,b0d0aac1b702f1c1c27038cbae6906cbdcab5981cd183bb9f2fa47182acb7742,https://www.pawb.uscourts.gov/,https://www.pawb.uscourts.gov/sites/default/files/images/pawb_logo.png,2026-09-12T23:46:27.813004+00:00,Permission not established. Public availability is not a reuse license. Use only for clearly identified court reference; do not imply court endorsement. Check court terms before public deployment.
FB:pawb,United States Bankruptcy Court — Pennsylvania Western,,favicon,site_icon,False,United States Bankruptcy Court — Pennsylvania Western - official-site icon,images/c9/c96c8cdea312b83693a9c59c47d8f646a4091dcd535dd137cdb30d22165ce852.png,32,32,image/png,c96c8cdea312b83693a9c59c47d8f646a4091dcd535dd137cdb30d22165ce852,https://www.pawb.uscourts.gov/,https://www.pawb.uscourts.gov/sites/all/themes/bankruptcy/favicon.ico,2026-09-12T23:43:28.790756+00:00,Permission not established. Public availability is not a reuse license. Use only for clearly identified court reference; do not imply court endorsement. Check court terms before public deployment.
FB:pawb,United States Bankruptcy Court — Pennsylvania Western,,favicon,site_icon,False,United States Bankruptcy Court — Pennsylvania Western - official-site icon,images/1a/1adbd58c71aba58172f94c8e89a625652079d0bbba1bf4e9c5b1d95860b7abbc.png,114,114,image/png,1adbd58c71aba58172f94c8e89a625652079d0bbba1bf4e9c5b1d95860b7abbc,https://www.pawb.uscourts.gov/,https://www.pawb.uscourts.gov/sites/all/themes/cstbase/apple-touch-icon-114x114.png,2026-09-12T23:46:27.958502+00:00,Permission not established. Public availability is not a reuse license. Use only for clearly identified court reference; do not imply court endorsement. Check court terms before public deployment.
FB:prb,United States Bankruptcy Court — Puerto Rico,,court_logo,federal_court_site_mark,True,United States Bankruptcy Court — Puerto Rico - official-site identity mark,images/da/daa96a34f4f54659af58641ed604203f9bc75332f3f69ae76052bc53422ef343.png,525,115,image/png,daa96a34f4f54659af58641ed604203f9bc75332f3f69ae76052bc53422ef343,https://www.prb.uscourts.gov/,https://www.prb.uscourts.gov/sites/default/files/images/logo_wj.png,2026-09-12T23:46:28.065590+00:00,Permission not established. Public availability is not a reuse license. Use only for clearly identified court reference; do not imply court endorsement. Check court terms before public deployment.
FB:prb,United States Bankruptcy Court — Puerto Rico,,court_seal,federal_court_site_mark,True,United States Bankruptcy Court — Puerto Rico - official-site identity mark,images/4b/4bc85446741970ee0d5d46e8a8ab1e2ee8832c04ca8fb8a3a1230ddbeb288e92.png,126,133,image/png,4bc85446741970ee0d5d46e8a8ab1e2ee8832c04ca8fb8a3a1230ddbeb288e92,https://www.prb.uscourts.gov/,https://www.prb.uscourts.gov/sites/default/files/seal-img_0.png,2026-09-12T23:46:27.927109+00:00,Permission not established. Public availability is not a reuse license. Use only for clearly identified court reference; do not imply court endorsement. Check court terms before public deployment.
FB:prb,United States Bankruptcy Court — Puerto Rico,,favicon,site_icon,False,United States Bankruptcy Court — Puerto Rico - official-site icon,images/c9/c96c8cdea312b83693a9c59c47d8f646a4091dcd535dd137cdb30d22165ce852.png,32,32,image/png,c96c8cdea312b83693a9c59c47d8f646a4091dcd535dd137cdb30d22165ce852,https://www.prb.uscourts.gov/,https://www.prb.uscourts.gov/sites/all/themes/bankruptcy/favicon.ico,2026-09-12T23:46:28.209250+00:00,Permission not established. Public availability is not a reuse license. Use only for clearly identified court reference; do not imply court endorsement. Check court terms before public deployment.
FB:scb,United States Bankruptcy Court — South Carolina,,court_seal,federal_court_site_mark,True,United States Bankruptcy Court — South Carolina - official-site identity mark,images/02/02b3c7b5a5e61b90dc9c3c9df273c1e77bb1b40b7fc61b6eae0d1b51245fd042.png,126,133,image/png,02b3c7b5a5e61b90dc9c3c9df273c1e77bb1b40b7fc61b6eae0d1b51245fd042,https://www.scb.uscourts.gov/,https://www.scb.uscourts.gov/sites/default/files/BankruptcyDISTRICT%20OF%20SOUTH%20CAROLINA_AG_DARK.png,2026-09-12T23:46:28.596286+00:00,Permission not established. Public availability is not a reuse license. Use only for clearly identified court reference; do not imply court endorsement. Check court terms before public deployment.
FB:scb,United States Bankruptcy Court — South Carolina,,favicon,site_icon,False,United States Bankruptcy Court — South Carolina - official-site icon,images/c9/c96c8cdea312b83693a9c59c47d8f646a4091dcd535dd137cdb30d22165ce852.png,32,32,image/png,c96c8cdea312b83693a9c59c47d8f646a4091dcd535dd137cdb30d22165ce852,https://www.scb.uscourts.gov/,https://www.scb.uscourts.gov/sites/all/themes/bankruptcy/favicon.ico,2026-09-12T23:43:29.008670+00:00,Permission not established. Public availability is not a reuse license. Use only for clearly identified court reference; do not imply court endorsement. Check court terms before public deployment.
FB:scb,United States Bankruptcy Court — South Carolina,,favicon,site_icon,False,United States Bankruptcy Court — South Carolina - official-site icon,images/1a/1adbd58c71aba58172f94c8e89a625652079d0bbba1bf4e9c5b1d95860b7abbc.png,114,114,image/png,1adbd58c71aba58172f94c8e89a625652079d0bbba1bf4e9c5b1d95860b7abbc,https://www.scb.uscourts.gov/,https://www.scb.uscourts.gov/sites/all/themes/cstbase/apple-touch-icon-114x114.png,2026-09-12T23:46:28.749051+00:00,Permission not established. Public availability is not a reuse license. Use only for clearly identified court reference; do not imply court endorsement. Check court terms before public deployment.
FB:sdb,United States Bankruptcy Court — South Dakota,,court_seal,federal_court_site_mark,True,United States Bankruptcy Court — South Dakota - official-site identity mark,images/d7/d7c612d033249893e9d89c04b6cef63ec26157a5871226852f34bcb13065ecae.png,126,126,image/png,d7c612d033249893e9d89c04b6cef63ec26157a5871226852f34bcb13065ecae,https://www.sdb.uscourts.gov/,https://www.sdb.uscourts.gov/sites/sdb/files/bksmallseal1_02.png,2026-09-12T23:43:27.896506+00:00,Permission not established. Public availability is not a reuse license. Use only for clearly identified court reference; do not imply court endorsement. Check court terms before public deployment.
FB:sdb,United States Bankruptcy Court — South Dakota,,favicon,site_icon,False,United States Bankruptcy Court — South Dakota - official-site icon,images/c9/c96c8cdea312b83693a9c59c47d8f646a4091dcd535dd137cdb30d22165ce852.png,32,32,image/png,c96c8cdea312b83693a9c59c47d8f646a4091dcd535dd137cdb30d22165ce852,https://www.sdb.uscourts.gov/,https://www.sdb.uscourts.gov/sites/all/themes/bankruptcy/favicon.ico,2026-09-12T23:43:28.123545+00:00,Permission not established. Public availability is not a reuse license. Use only for clearly identified court reference; do not imply court endorsement. Check court terms before public deployment.
FB:tneb,United States Bankruptcy Court — Tennessee Eastern,,court_seal,federal_court_site_mark,True,United States Bankruptcy Court — Tennessee Eastern - official-site identity mark,images/1d/1d05638c82678f3febfee41f1e291fcc7b123b905bd48e99a4de9e6f0b9ea3fd.gif,125,125,image/gif,1d05638c82678f3febfee41f1e291fcc7b123b905bd48e99a4de9e6f0b9ea3fd,https://www.tneb.uscourts.gov/,https://www.tneb.uscourts.gov/sites/tneb/files/seal-normal.gif,2026-09-12T23:43:28.380516+00:00,Permission not established. Public availability is not a reuse license. Use only for clearly identified court reference; do not imply court endorsement. Check court terms before public deployment.
FB:tneb,United States Bankruptcy Court — Tennessee Eastern,,favicon,site_icon,False,United States Bankruptcy Court — Tennessee Eastern - official-site icon,images/c9/c96c8cdea312b83693a9c59c47d8f646a4091dcd535dd137cdb30d22165ce852.png,32,32,image/png,c96c8cdea312b83693a9c59c47d8f646a4091dcd535dd137cdb30d22165ce852,https://www.tneb.uscourts.gov/,https://www.tneb.uscourts.gov/sites/all/themes/bankruptcy/favicon.ico,2026-09-12T23:43:28.514661+00:00,Permission not established. Public availability is not a reuse license. Use only for clearly identified court reference; do not imply court endorsement. Check court terms before public deployment.
FB:tnmb,United States Bankruptcy Court — Tennessee Middle,,court_seal,federal_court_site_mark,True,United States Bankruptcy Court — Tennessee Middle - official-site identity mark,images/a3/a35bab282ec8c98fa49502466d4f3e41deaf175b1f0e3e7bf7dabe99c1cc46de.png,126,133,image/png,a35bab282ec8c98fa49502466d4f3e41deaf175b1f0e3e7bf7dabe99c1cc46de,https://www.tnmb.uscourts.gov/,https://www.tnmb.uscourts.gov/sites/tnmb/files/logo.png,2026-09-12T23:43:28.482437+00:00,Permission not established. Public availability is not a reuse license. Use only for clearly identified court reference; do not imply court endorsement. Check court terms before public deployment.
FB:tnmb,United States Bankruptcy Court — Tennessee Middle,,favicon,site_icon,False,United States Bankruptcy Court — Tennessee Middle - official-site icon,images/c9/c96c8cdea312b83693a9c59c47d8f646a4091dcd535dd137cdb30d22165ce852.png,32,32,image/png,c96c8cdea312b83693a9c59c47d8f646a4091dcd535dd137cdb30d22165ce852,https://www.tnmb.uscourts.gov/,https://www.tnmb.uscourts.gov/sites/all/themes/bankruptcy/favicon.ico,2026-09-12T23:43:28.635239+00:00,Permission not established. Public availability is not a reuse license. Use only for clearly identified court reference; do not imply court endorsement. Check court terms before public deployment.
FB:tnwb,United States Bankruptcy Court — Tennessee Western,,court_logo,federal_court_site_mark,True,TNWB Logo,images/12/12a09fc99bb8dd782a8c03974f139e2d37576e58912e7620fd4c705dfe18214b.png,110,111,image/png,12a09fc99bb8dd782a8c03974f139e2d37576e58912e7620fd4c705dfe18214b,https://www.tnwb.uscourts.gov/TNW/index.aspx,https://www.tnwb.uscourts.gov/TNW/img/logo50.png,2026-09-12T23:43:28.855112+00:00,Permission not established. Public availability is not a reuse license. Use only for clearly identified court reference; do not imply court endorsement. Check court terms before public deployment.
FB:txeb,United States Bankruptcy Court — Texas Eastern,,court_seal,federal_court_site_mark,True,United States Bankruptcy Court — Texas Eastern - official-site identity mark,images/2e/2e9bb0cb28851bd2377a1793dc0da57d80b152ec2fe6d8e891773a6673048a79.png,126,139,image/png,2e9bb0cb28851bd2377a1793dc0da57d80b152ec2fe6d8e891773a6673048a79,https://www.txeb.uscourts.gov/,https://www.txeb.uscourts.gov/sites/txeb/files/custom_seal.png,2026-09-12T23:43:28.950524+00:00,Permission not established. Public availability is not a reuse license. Use only for clearly identified court reference; do not imply court endorsement. Check court terms before public deployment.
FB:txeb,United States Bankruptcy Court — Texas Eastern,,favicon,site_icon,False,United States Bankruptcy Court — Texas Eastern - official-site icon,images/c9/c96c8cdea312b83693a9c59c47d8f646a4091dcd535dd137cdb30d22165ce852.png,32,32,image/png,c96c8cdea312b83693a9c59c47d8f646a4091dcd535dd137cdb30d22165ce852,https://www.txeb.uscourts.gov/,https://www.txeb.uscourts.gov/sites/all/themes/bankruptcy/favicon.ico,2026-09-12T23:43:29.107355+00:00,Permission not established. Public availability is not a reuse license. Use only for clearly identified court reference; do not imply court endorsement. Check court terms before public deployment.
FB:txnb,United States Bankruptcy Court — Texas Northern,,favicon,site_icon,False,United States Bankruptcy Court — Texas Northern - official-site icon,images/c9/c96c8cdea312b83693a9c59c47d8f646a4091dcd535dd137cdb30d22165ce852.png,32,32,image/png,c96c8cdea312b83693a9c59c47d8f646a4091dcd535dd137cdb30d22165ce852,https://www.txnb.uscourts.gov/,https://www.txnb.uscourts.gov/sites/all/themes/bankruptcy/favicon.ico,2026-09-12T23:43:28.960642+00:00,Permission not established. Public availability is not a reuse license. Use only for clearly identified court reference; do not imply court endorsement. Check court terms before public deployment.
FB:txsb,United States Bankruptcy Court — Texas Southern,,favicon,site_icon,False,United States Bankruptcy Court — Texas Southern - official-site icon,images/c9/c96c8cdea312b83693a9c59c47d8f646a4091dcd535dd137cdb30d22165ce852.png,32,32,image/png,c96c8cdea312b83693a9c59c47d8f646a4091dcd535dd137cdb30d22165ce852,https://www.txs.uscourts.gov/page/bankruptcy-court,https://www.txs.uscourts.gov/sites/all/themes/opps/favicon.ico,2026-09-12T23:43:29.212298+00:00,Permission not established. Public availability is not a reuse license. Use only for clearly identified court reference; do not imply court endorsement. Check court terms before public deployment.
FB:txsb,United States Bankruptcy Court — Texas Southern,,judiciary_logo,shared_federal_judiciary_mark,False,United States Bankruptcy Court — Texas Southern - official-site identity mark,images/ae/ae74d274ee0a5836f10734632e2ba42ab557984f7b7c57d668502add096942df.png,126,133,image/png,ae74d274ee0a5836f10734632e2ba42ab557984f7b7c57d668502add096942df,https://www.txs.uscourts.gov/page/bankruptcy-court,https://www.txs.uscourts.gov/sites/txs/files/sdtx_logo_0_0.png,2026-09-12T23:43:29.069905+00:00,Permission not established. Public availability is not a reuse license. Use only for clearly identified court reference; do not imply court endorsement. Check court terms before public deployment.
FB:txwb,United States Bankruptcy Court — Texas Western,,favicon,site_icon,False,United States Bankruptcy Court — Texas Western - official-site icon,images/c9/c96c8cdea312b83693a9c59c47d8f646a4091dcd535dd137cdb30d22165ce852.png,32,32,image/png,c96c8cdea312b83693a9c59c47d8f646a4091dcd535dd137cdb30d22165ce852,https://www.txwb.uscourts.gov/,https://www.txwb.uscourts.gov/sites/all/themes/bankruptcy/favicon.ico,2026-09-12T23:43:29.366900+00:00,Permission not established. Public availability is not a reuse license. Use only for clearly identified court reference; do not imply court endorsement. Check court terms before public deployment.
FB:txwb,United States Bankruptcy Court — Texas Western,,judiciary_logo,shared_federal_judiciary_mark,False,United States Bankruptcy Court — Texas Western - official-site identity mark,images/07/079f46c625b5d7752f9be2c0a4260ae888849674bb5497f8dfbe7f5295f136bb.png,126,133,image/png,079f46c625b5d7752f9be2c0a4260ae888849674bb5497f8dfbe7f5295f136bb,https://www.txwb.uscourts.gov/,https://www.txwb.uscourts.gov/sites/all/themes/bankruptcy/logo.png,2026-09-12T23:43:29.209681+00:00,Permission not established. Public availability is not a reuse license. Use only for clearly identified court reference; do not imply court endorsement. Check court terms before public deployment.
FB:utb,United States Bankruptcy Court — Utah,,court_seal,federal_court_site_mark,True,United States Bankruptcy Court — Utah - official-site identity mark,images/61/618b7fe535753e7e2a01d0ddb3e1f8a1ab5afe910e48345878d33e04013b8f0d.png,120,140,image/png,618b7fe535753e7e2a01d0ddb3e1f8a1ab5afe910e48345878d33e04013b8f0d,https://www.utb.uscourts.gov/,https://www.utb.uscourts.gov/sites/utb/files/utah-seal-ubc-dark.png,2026-09-12T23:46:28.442405+00:00,Permission not established. Public availability is not a reuse license. Use only for clearly identified court reference; do not imply court endorsement. Check court terms before public deployment.
FB:utb,United States Bankruptcy Court — Utah,,favicon,site_icon,False,United States Bankruptcy Court — Utah - official-site icon,images/aa/aa4633d5292b29853183a90b60f66edbaa517dd9eb0756fba05380f20cfb5880.png,120,120,image/png,aa4633d5292b29853183a90b60f66edbaa517dd9eb0756fba05380f20cfb5880,https://www.utb.uscourts.gov/,https://www.utb.uscourts.gov/sites/all/themes/bankruptcy/apple-touch-icon-120x120.png,2026-09-12T23:46:28.574535+00:00,Permission not established. Public availability is not a reuse license. Use only for clearly identified court reference; do not imply court endorsement. Check court terms before public deployment.
FB:vaeb,United States Bankruptcy Court — Virginia Eastern,,favicon,site_icon,False,United States Bankruptcy Court — Virginia Eastern - official-site icon,images/c9/c96c8cdea312b83693a9c59c47d8f646a4091dcd535dd137cdb30d22165ce852.png,32,32,image/png,c96c8cdea312b83693a9c59c47d8f646a4091dcd535dd137cdb30d22165ce852,https://www.vaeb.uscourts.gov/,https://www.vaeb.uscourts.gov/sites/all/themes/bankruptcy/favicon.ico,2026-09-12T23:43:29.479544+00:00,Permission not established. Public availability is not a reuse license. Use only for clearly identified court reference; do not imply court endorsement. Check court terms before public deployment.
FB:vaeb,United States Bankruptcy Court — Virginia Eastern,,judiciary_logo,shared_federal_judiciary_mark,False,United States Bankruptcy Court — Virginia Eastern - official-site identity mark,images/07/079f46c625b5d7752f9be2c0a4260ae888849674bb5497f8dfbe7f5295f136bb.png,126,133,image/png,079f46c625b5d7752f9be2c0a4260ae888849674bb5497f8dfbe7f5295f136bb,https://www.vaeb.uscourts.gov/,https://www.vaeb.uscourts.gov/sites/all/themes/bankruptcy/logo.png,2026-09-12T23:43:29.334179+00:00,Permission not established. Public availability is not a reuse license. Use only for clearly identified court reference; do not imply court endorsement. Check court terms before public deployment.
FB:vawb,United States Bankruptcy Court — Virginia Western,,favicon,site_icon,False,United States Bankruptcy Court — Virginia Western - official-site icon,images/c9/c96c8cdea312b83693a9c59c47d8f646a4091dcd535dd137cdb30d22165ce852.png,32,32,image/png,c96c8cdea312b83693a9c59c47d8f646a4091dcd535dd137cdb30d22165ce852,https://www.vawb.uscourts.gov/,https://www.vawb.uscourts.gov/sites/all/themes/bankruptcy/favicon.ico,2026-09-12T23:43:30.505513+00:00,Permission not established. Public availability is not a reuse license. Use only for clearly identified court reference; do not imply court endorsement. Check court terms before public deployment.
FB:vawb,United States Bankruptcy Court — Virginia Western,,judiciary_logo,shared_federal_judiciary_mark,False,United States Bankruptcy Court — Virginia Western - official-site identity mark,images/07/079f46c625b5d7752f9be2c0a4260ae888849674bb5497f8dfbe7f5295f136bb.png,126,133,image/png,079f46c625b5d7752f9be2c0a4260ae888849674bb5497f8dfbe7f5295f136bb,https://www.vawb.uscourts.gov/,https://www.vawb.uscourts.gov/sites/all/themes/bankruptcy/logo.png,2026-09-12T23:43:30.353540+00:00,Permission not established. Public availability is not a reuse license. Use only for clearly identified court reference; do not imply court endorsement. Check court terms before public deployment.
FB:vib,United States Bankruptcy Jurisdiction — Virgin Islands,,favicon,site_icon,False,United States Bankruptcy Jurisdiction — Virgin Islands - official-site icon,images/46/46a4d9c1e54ba0f8dc9bcad3d55177540e60b77a48f6a9f895f193991140e861.png,120,120,image/png,46a4d9c1e54ba0f8dc9bcad3d55177540e60b77a48f6a9f895f193991140e861,https://www.vid.uscourts.gov/,https://www.vid.uscourts.gov/sites/all/themes/district/apple-touch-icon-120x120.png,2026-09-12T23:52:15.911415+00:00,Permission not established. Public availability is not a reuse license. Use only for clearly identified court reference; do not imply court endorsement. Check court terms before public deployment.
FB:vib,United States Bankruptcy Jurisdiction — Virgin Islands,,judiciary_logo,shared_federal_judiciary_mark,False,United States Bankruptcy Jurisdiction — Virgin Islands - official-site identity mark,images/0a/0a9d7b1a5b6fd62760d393eed8df61ad44cfaccd0b2e3faec9dbc58c236d6a82.png,126,133,image/png,0a9d7b1a5b6fd62760d393eed8df61ad44cfaccd0b2e3faec9dbc58c236d6a82,https://www.vid.uscourts.gov/,https://www.vid.uscourts.gov/sites/vid/files/district_VirginIslands_seal_v3_LS.png,2026-09-12T23:52:15.754180+00:00,Permission not established. Public availability is not a reuse license. Use only for clearly identified court reference; do not imply court endorsement. Check court terms before public deployment.
FB:vtb,United States Bankruptcy Court — Vermont,,court_seal,federal_court_site_mark,True,United States Bankruptcy Court — Vermont - official-site identity mark,images/79/79a343f8c0fe5eeccf5c9c2d715fab65f0ff0b816d8434977af366d5e2e048b1.png,126,133,image/png,79a343f8c0fe5eeccf5c9c2d715fab65f0ff0b816d8434977af366d5e2e048b1,https://www.vtb.uscourts.gov/,https://www.vtb.uscourts.gov/sites/vtb/files/DISTRICT%20OF%20VERMONT_bankruptcy_color3.png,2026-09-12T23:43:29.847799+00:00,Permission not established. Public availability is not a reuse license. Use only for clearly identified court reference; do not imply court endorsement. Check court terms before public deployment.
FB:waeb,United States Bankruptcy Court — Washington Eastern,,court_logo,federal_court_site_mark,True,United States Bankruptcy Court — Washington Eastern - official-site identity mark,images/63/63451484bae1c30557cd5e9efb2762fe49dfcc57139e03f944acf75dcd1120bd.png,135,135,image/png,63451484bae1c30557cd5e9efb2762fe49dfcc57139e03f944acf75dcd1120bd,https://www.waeb.uscourts.gov/,https://www.waeb.uscourts.gov/sites/waeb/files/logo_0.png,2026-09-12T23:46:28.521806+00:00,Permission not established. Public availability is not a reuse license. Use only for clearly identified court reference; do not imply court endorsement. Check court terms before public deployment.
FB:waeb,United States Bankruptcy Court — Washington Eastern,,favicon,site_icon,False,United States Bankruptcy Court — Washington Eastern - official-site icon,images/aa/aa4633d5292b29853183a90b60f66edbaa517dd9eb0756fba05380f20cfb5880.png,120,120,image/png,aa4633d5292b29853183a90b60f66edbaa517dd9eb0756fba05380f20cfb5880,https://www.waeb.uscourts.gov/,https://www.waeb.uscourts.gov/sites/all/themes/bankruptcy/apple-touch-icon-120x120.png,2026-09-12T23:46:28.671452+00:00,Permission not established. Public availability is not a reuse license. Use only for clearly identified court reference; do not imply court endorsement. Check court terms before public deployment.
FB:waeb,United States Bankruptcy Court — Washington Eastern,,favicon,site_icon,False,United States Bankruptcy Court — Washington Eastern - official-site icon,images/c9/c96c8cdea312b83693a9c59c47d8f646a4091dcd535dd137cdb30d22165ce852.png,32,32,image/png,c96c8cdea312b83693a9c59c47d8f646a4091dcd535dd137cdb30d22165ce852,https://www.waeb.uscourts.gov/,https://www.waeb.uscourts.gov/sites/all/themes/bankruptcy/favicon.ico,2026-09-12T23:43:29.756443+00:00,Permission not established. Public availability is not a reuse license. Use only for clearly identified court reference; do not imply court endorsement. Check court terms before public deployment.
FB:wawb,United States Bankruptcy Court — Washington Western,,court_seal,federal_court_site_mark,True,United States Bankruptcy Court — Washington Western - official-site identity mark,images/ab/ab357165c0f2dfce3bd4499a54f250189f8f16485b32ee09bff8ba82168368cc.png,126,133,image/png,ab357165c0f2dfce3bd4499a54f250189f8f16485b32ee09bff8ba82168368cc,https://www.wawb.uscourts.gov/,https://www.wawb.uscourts.gov/sites/wawb/files/wawb_color31_0.png,2026-09-12T23:46:28.570679+00:00,Permission not established. Public availability is not a reuse license. Use only for clearly identified court reference; do not imply court endorsement. Check court terms before public deployment.
FB:wawb,United States Bankruptcy Court — Washington Western,,favicon,site_icon,False,United States Bankruptcy Court — Washington Western - official-site icon,images/aa/aa4633d5292b29853183a90b60f66edbaa517dd9eb0756fba05380f20cfb5880.png,120,120,image/png,aa4633d5292b29853183a90b60f66edbaa517dd9eb0756fba05380f20cfb5880,https://www.wawb.uscourts.gov/,https://www.wawb.uscourts.gov/sites/all/themes/bankruptcy/apple-touch-icon-120x120.png,2026-09-12T23:46:28.714579+00:00,Permission not established. Public availability is not a reuse license. Use only for clearly identified court reference; do not imply court endorsement. Check court terms before public deployment.
FB:wieb,United States Bankruptcy Court — Wisconsin Eastern,,favicon,site_icon,False,United States Bankruptcy Court — Wisconsin Eastern - official-site icon,images/c9/c96c8cdea312b83693a9c59c47d8f646a4091dcd535dd137cdb30d22165ce852.png,32,32,image/png,c96c8cdea312b83693a9c59c47d8f646a4091dcd535dd137cdb30d22165ce852,https://www.wieb.uscourts.gov/,https://www.wieb.uscourts.gov/sites/all/themes/bankruptcy/favicon.ico,2026-09-12T23:43:31.849526+00:00,Permission not established. Public availability is not a reuse license. Use only for clearly identified court reference; do not imply court endorsement. Check court terms before public deployment.
FB:wieb,United States Bankruptcy Court — Wisconsin Eastern,,judiciary_logo,shared_federal_judiciary_mark,True,United States Bankruptcy Court — Wisconsin Eastern - official-site identity mark,images/61/61d689e9fcd50ed17c0ce4bc4ad5df4dd901db1e9bcb90495e396b8dd79564c8.png,126,133,image/png,61d689e9fcd50ed17c0ce4bc4ad5df4dd901db1e9bcb90495e396b8dd79564c8,https://www.wieb.uscourts.gov/,https://www.wieb.uscourts.gov/sites/all/themes/bankruptcy/logo.png,2026-09-12T23:43:31.668672+00:00,Permission not established. Public availability is not a reuse license. Use only for clearly identified court reference; do not imply court endorsement. Check court terms before public deployment.
FB:wiwb,United States Bankruptcy Court — Wisconsin Western,,favicon,site_icon,False,United States Bankruptcy Court — Wisconsin Western - official-site icon,images/aa/aa4633d5292b29853183a90b60f66edbaa517dd9eb0756fba05380f20cfb5880.png,120,120,image/png,aa4633d5292b29853183a90b60f66edbaa517dd9eb0756fba05380f20cfb5880,https://www.wiwb.uscourts.gov/,https://www.wiwb.uscourts.gov/sites/all/themes/bankruptcy/apple-touch-icon-120x120.png,2026-09-12T23:52:16.215569+00:00,Permission not established. Public availability is not a reuse license. Use only for clearly identified court reference; do not imply court endorsement. Check court terms before public deployment.
FB:wiwb,United States Bankruptcy Court — Wisconsin Western,,judiciary_logo,shared_federal_judiciary_mark,False,United States Bankruptcy Court — Wisconsin Western - official-site identity mark,images/07/079f46c625b5d7752f9be2c0a4260ae888849674bb5497f8dfbe7f5295f136bb.png,126,133,image/png,079f46c625b5d7752f9be2c0a4260ae888849674bb5497f8dfbe7f5295f136bb,https://www.wiwb.uscourts.gov/,https://www.wiwb.uscourts.gov/sites/all/themes/bankruptcy/logo.png,2026-09-12T23:52:16.060958+00:00,Permission not established. Public availability is not a reuse license. Use only for clearly identified court reference; do not imply court endorsement. Check court terms before public deployment.
FB:wvnb,United States Bankruptcy Court — West Virginia Northern,,court_seal,federal_court_site_mark,True,United States Bankruptcy Court — West Virginia Northern - official-site identity mark,images/7d/7d5200a18c6c332a430aa7265d48bcf0f6ac61795b7f52fe3e9fe50aef61d7d3.png,126,133,image/png,7d5200a18c6c332a430aa7265d48bcf0f6ac61795b7f52fe3e9fe50aef61d7d3,https://www.wvnb.uscourts.gov/,https://www.wvnb.uscourts.gov/sites/wvnb/files/BankruptcyNORTHERN%20DISTRICT%20OF%20WEST%20VIRGINIA_AG_0_0.png,2026-09-12T23:43:30.150103+00:00,Permission not established. Public availability is not a reuse license. Use only for clearly identified court reference; do not imply court endorsement. Check court terms before public deployment.
FB:wvnb,United States Bankruptcy Court — West Virginia Northern,,favicon,site_icon,False,United States Bankruptcy Court — West Virginia Northern - official-site icon,images/c9/c96c8cdea312b83693a9c59c47d8f646a4091dcd535dd137cdb30d22165ce852.png,32,32,image/png,c96c8cdea312b83693a9c59c47d8f646a4091dcd535dd137cdb30d22165ce852,https://www.wvnb.uscourts.gov/,https://www.wvnb.uscourts.gov/sites/all/themes/bankruptcy/favicon.ico,2026-09-12T23:43:30.280358+00:00,Permission not established. Public availability is not a reuse license. Use only for clearly identified court reference; do not imply court endorsement. Check court terms before public deployment.
FB:wvsb,United States Bankruptcy Court — West Virginia Southern,,court_seal,federal_court_site_mark,True,United States Bankruptcy Court — West Virginia Southern - official-site identity mark,images/6f/6f9d0aa07746684fd9bf7b055b0e4dd626ff1d88eba04aed6606c490388922b2.png,126,133,image/png,6f9d0aa07746684fd9bf7b055b0e4dd626ff1d88eba04aed6606c490388922b2,https://www.wvsb.uscourts.gov/,https://www.wvsb.uscourts.gov/sites/wvsb/files/seal%20%282%29.png,2026-09-12T23:46:28.918332+00:00,Permission not established. Public availability is not a reuse license. Use only for clearly identified court reference; do not imply court endorsement. Check court terms before public deployment.
FB:wyb,United States Bankruptcy Court — Wyoming,,favicon,site_icon,False,United States Bankruptcy Court — Wyoming - official-site icon,images/aa/aa4633d5292b29853183a90b60f66edbaa517dd9eb0756fba05380f20cfb5880.png,120,120,image/png,aa4633d5292b29853183a90b60f66edbaa517dd9eb0756fba05380f20cfb5880,https://www.wyb.uscourts.gov/,https://www.wyb.uscourts.gov/sites/all/themes/bankruptcy/apple-touch-icon-120x120.png,2026-09-12T23:46:29.310952+00:00,Permission not established. Public availability is not a reuse license. Use only for clearly identified court reference; do not imply court endorsement. Check court terms before public deployment.
FD:akd,United States District Court — Alaska,,court_seal,federal_court_site_mark,True,United States District Court — Alaska - official-site identity mark,images/42/4207edf68ebe55940c2efa83a267087fa6a9d85ebc8e5ae460f0f0b133318068.png,174,170,image/png,4207edf68ebe55940c2efa83a267087fa6a9d85ebc8e5ae460f0f0b133318068,https://www.akd.uscourts.gov/,https://www.akd.uscourts.gov/sites/akd/files/Seal-smallv4.png,2026-09-12T23:52:16.686895+00:00,Permission not established. Public availability is not a reuse license. Use only for clearly identified court reference; do not imply court endorsement. Check court terms before public deployment.
FD:akd,United States District Court — Alaska,,favicon,site_icon,False,United States District Court — Alaska - official-site icon,images/46/46a4d9c1e54ba0f8dc9bcad3d55177540e60b77a48f6a9f895f193991140e861.png,120,120,image/png,46a4d9c1e54ba0f8dc9bcad3d55177540e60b77a48f6a9f895f193991140e861,https://www.akd.uscourts.gov/,https://www.akd.uscourts.gov/sites/all/themes/district/apple-touch-icon-120x120.png,2026-09-12T23:52:16.846178+00:00,Permission not established. Public availability is not a reuse license. Use only for clearly identified court reference; do not imply court endorsement. Check court terms before public deployment.
FD:almd,United States District Court — Alabama Middle,,favicon,site_icon,True,United States District Court — Alabama Middle - official-site icon,images/d5/d529c0d8a7f6e9981d3af1584c90e56a42640a3e3fd201376cbf0981c82e08fe.png,180,180,image/png,d529c0d8a7f6e9981d3af1584c90e56a42640a3e3fd201376cbf0981c82e08fe,https://www.almd.uscourts.gov/,https://www.almd.uscourts.gov/themes/custom/almd/apple-touch-icon.png,2026-09-12T23:46:29.269091+00:00,Permission not established. Public availability is not a reuse license. Use only for clearly identified court reference; do not imply court endorsement. Check court terms before public deployment.
FD:almd,United States District Court — Alabama Middle,,favicon,site_icon,True,United States District Court — Alabama Middle - official-site icon,images/23/2314396696e551bf7a97e8a825f172bb4d5d2f9aeb832153b9fca2c7854c284d.ico,48,48,image/x-icon,2314396696e551bf7a97e8a825f172bb4d5d2f9aeb832153b9fca2c7854c284d,https://www.almd.uscourts.gov/,https://www.almd.uscourts.gov/themes/custom/almd/favicon.ico,2026-09-12T23:43:30.630195+00:00,Permission not established. Public availability is not a reuse license. Use only for clearly identified court reference; do not imply court endorsement. Check court terms before public deployment.
FD:alnd,United States District Court — Alabama Northern,,court_seal,federal_court_site_mark,True,United States District Court — Alabama Northern - official-site identity mark,images/5a/5a715a340e4d1e28db448739ede6447fa652c2d84818f348aa030d98f970b69b.png,126,133,image/png,5a715a340e4d1e28db448739ede6447fa652c2d84818f348aa030d98f970b69b,https://www.alnd.uscourts.gov/,https://www.alnd.uscourts.gov/sites/alnd/files/alnd_color2_AG.png,2026-09-12T23:43:30.557701+00:00,Permission not established. Public availability is not a reuse license. Use only for clearly identified court reference; do not imply court endorsement. Check court terms before public deployment.
FD:alnd,United States District Court — Alabama Northern,,favicon,site_icon,True,United States District Court — Alabama Northern - official-site icon,images/a9/a9fa7eb4ca2213ab6c120cf4bf3413cd61ca10d1ffec068c503ee5e44d0e3c9d.ico,16,16,image/x-icon,a9fa7eb4ca2213ab6c120cf4bf3413cd61ca10d1ffec068c503ee5e44d0e3c9d,https://www.alnd.uscourts.gov/,https://www.alnd.uscourts.gov/sites/alnd/files/favicon16.ico,2026-09-12T23:43:30.695740+00:00,Permission not established. Public availability is not a reuse license. Use only for clearly identified court reference; do not imply court endorsement. Check court terms before public deployment.
FD:alsd,United States District Court — Alabama Southern,,court_seal,federal_court_site_mark,True,United States District Court — Alabama Southern - official-site identity mark,images/51/51d52a1f5abd62c4990beac6d305eccdcbf407f023a1ac83dafd810759df357a.png,125,126,image/png,51d52a1f5abd62c4990beac6d305eccdcbf407f023a1ac83dafd810759df357a,https://www.alsd.uscourts.gov/,https://www.alsd.uscourts.gov/sites/alsd/files/SDAL-color-seal-125px_0.png,2026-09-12T23:52:16.700512+00:00,Permission not established. Public availability is not a reuse license. Use only for clearly identified court reference; do not imply court endorsement. Check court terms before public deployment.
FD:alsd,United States District Court — Alabama Southern,,favicon,site_icon,False,United States District Court — Alabama Southern - official-site icon,images/46/46a4d9c1e54ba0f8dc9bcad3d55177540e60b77a48f6a9f895f193991140e861.png,120,120,image/png,46a4d9c1e54ba0f8dc9bcad3d55177540e60b77a48f6a9f895f193991140e861,https://www.alsd.uscourts.gov/,https://www.alsd.uscourts.gov/sites/all/themes/district/apple-touch-icon-120x120.png,2026-09-12T23:52:16.827339+00:00,Permission not established. Public availability is not a reuse license. Use only for clearly identified court reference; do not imply court endorsement. Check court terms before public deployment.
FD:ared,United States District Court — Arkansas Eastern,,court_seal,federal_court_site_mark,True,United States District Court — Arkansas Eastern - official-site identity mark,images/01/0170bff0170f08a9573dd5782f5710056baf9270650b38cd0d890d1d24ac8884.png,126,133,image/png,0170bff0170f08a9573dd5782f5710056baf9270650b38cd0d890d1d24ac8884,https://www.are.uscourts.gov/,https://www.are.uscourts.gov/sites/are/files/Eastern_district_Arkansas_seal_v3_AG.png,2026-09-12T23:43:30.571560+00:00,Permission not established. Public availability is not a reuse license. Use only for clearly identified court reference; do not imply court endorsement. Check court terms before public deployment.
FD:ared,United States District Court — Arkansas Eastern,,favicon,site_icon,False,United States District Court — Arkansas Eastern - official-site icon,images/c9/c96c8cdea312b83693a9c59c47d8f646a4091dcd535dd137cdb30d22165ce852.png,32,32,image/png,c96c8cdea312b83693a9c59c47d8f646a4091dcd535dd137cdb30d22165ce852,https://www.are.uscourts.gov/,https://www.are.uscourts.gov/sites/all/themes/district/favicon.ico,2026-09-12T23:43:30.727356+00:00,Permission not established. Public availability is not a reuse license. Use only for clearly identified court reference; do not imply court endorsement. Check court terms before public deployment.
FD:azd,United States District Court — Arizona,,court_seal,federal_court_site_mark,True,United States District Court — Arizona - official-site identity mark,images/4d/4dee01611cec156463824305629125a2e91be77e6b3e4c3105db737053f5f3df.png,126,133,image/png,4dee01611cec156463824305629125a2e91be77e6b3e4c3105db737053f5f3df,https://www.azd.uscourts.gov/,https://www.azd.uscourts.gov/sites/azd/files/ARIZONA%20seal_regular_color2.png,2026-09-12T23:43:30.618354+00:00,Permission not established. Public availability is not a reuse license. Use only for clearly identified court reference; do not imply court endorsement. Check court terms before public deployment.
FD:azd,United States District Court — Arizona,,favicon,site_icon,False,United States District Court — Arizona - official-site icon,images/c9/c96c8cdea312b83693a9c59c47d8f646a4091dcd535dd137cdb30d22165ce852.png,32,32,image/png,c96c8cdea312b83693a9c59c47d8f646a4091dcd535dd137cdb30d22165ce852,https://www.azd.uscourts.gov/,https://www.azd.uscourts.gov/sites/all/themes/district/favicon.ico,2026-09-12T23:43:30.749588+00:00,Permission not established. Public availability is not a reuse license. Use only for clearly identified court reference; do not imply court endorsement. Check court terms before public deployment.
FD:cacd,United States District Court — California Central,,court_seal,federal_court_site_mark,True,CACD Seal,images/e0/e0041defab255fe3b7a96b51c177db8371ae90a517c7d520fb2d1bf6533a7777.png,96,96,image/png,e0041defab255fe3b7a96b51c177db8371ae90a517c7d520fb2d1bf6533a7777,https://www.cacd.uscourts.gov/,https://www.cacd.uscourts.gov/sites/default/files/styles/site_logo/public/images/USDC_Seal_D10.png?itok=KgJlmFQs,2026-09-12T23:52:17.380149+00:00,Permission not established. Public availability is not a reuse license. Use only for clearly identified court reference; do not imply court endorsement. Check court terms before public deployment.
FD:cacd,United States District Court — California Central,,favicon,site_icon,False,United States District Court — California Central - official-site icon,images/c4/c4e4a7a6a6f1734b9939e03fc58e85eb91a0324967c7b0b26799db493ac138ad.gif,16,16,image/gif,c4e4a7a6a6f1734b9939e03fc58e85eb91a0324967c7b0b26799db493ac138ad,https://www.cacd.uscourts.gov/,https://www.cacd.uscourts.gov/themes/custom/cacd/favicon.ico,2026-09-12T23:52:17.622707+00:00,Permission not established. Public availability is not a reuse license. Use only for clearly identified court reference; do not imply court endorsement. Check court terms before public deployment.
FD:caed,United States District Court — California Eastern,,court_logo,federal_court_site_mark,True,CAED Logo,images/82/82fb9d8af710f7d0b82cca28e3f7afbd84b1daf537d100d03c24247ab6f82927.png,963,963,image/png,82fb9d8af710f7d0b82cca28e3f7afbd84b1daf537d100d03c24247ab6f82927,https://www.caed.uscourts.gov/caednew/,https://www.caed.uscourts.gov/caednew/assets/Image/CAED%20Internet%20Transparent%20BK.png,2026-09-12T23:43:36.771424+00:00,Permission not established. Public availability is not a reuse license. Use only for clearly identified court reference; do not imply court endorsement. Check court terms before public deployment.
FD:caed,United States District Court — California Eastern,,favicon,site_icon,True,United States District Court — California Eastern - official-site icon,images/40/405597c095873a9818a212238142be962a9c4e361140b85dfa7ce025c61e5200.ico,32,32,image/x-icon,405597c095873a9818a212238142be962a9c4e361140b85dfa7ce025c61e5200,https://www.caed.uscourts.gov/caednew/,https://www.caed.uscourts.gov/caednew/images/favicon.ico,2026-09-12T23:43:37.527922+00:00,Permission not established. Public availability is not a reuse license. Use only for clearly identified court reference; do not imply court endorsement. Check court terms before public deployment.
FD:cand,United States District Court — California Northern,,court_logo,federal_court_site_mark,True,United States District Court — California Northern - official-site identity mark,images/39/39c8d5df694f50f5a45259250c923a16f7777fe8b7c82a9862fc94ec9d24dadd.svg,230.32,230.32,image/svg+xml,39c8d5df694f50f5a45259250c923a16f7777fe8b7c82a9862fc94ec9d24dadd,https://cand.uscourts.gov/,https://cand.uscourts.gov/sites/default/files/images/Northern-District-of-California-Court---Full-Color.svg,2026-09-12T23:43:34.759970+00:00,Permission not established. Public availability is not a reuse license. Use only for clearly identified court reference; do not imply court endorsement. Check court terms before public deployment.
FD:cand,United States District Court — California Northern,,favicon,site_icon,True,United States District Court — California Northern - official-site icon,images/07/0764054eb615ae8bc184a347203e7581dc4db3e2fa9f5d6dbc93b845386ba0c5.ico,32,32,image/x-icon,0764054eb615ae8bc184a347203e7581dc4db3e2fa9f5d6dbc93b845386ba0c5,https://cand.uscourts.gov/,https://cand.uscourts.gov/themes/custom/cand/favicon.ico,2026-09-12T23:43:34.998764+00:00,Permission not established. Public availability is not a reuse license. Use only for clearly identified court reference; do not imply court endorsement. Check court terms before public deployment.
FD:cand,United States District Court — California Northern,Charles R. Breyer,judge_photo,judge_portrait,True,Charles R. Breyer — official profile photograph,images/26/26cefa3d154476d72f449e61e30d0b292f63c3fdaea99d26e046169b2c4acbd3.webp,343,480,image/webp,26cefa3d154476d72f449e61e30d0b292f63c3fdaea99d26e046169b2c4acbd3,https://cand.uscourts.gov/judges/crb/breyer-charles-r,"https://cand.uscourts.gov/sites/default/files/styles/large/public/images/xDJ_CRB-Portrait-Color.jpg.webp,qitok=-7Rm6blV.pagespeed.ic.ohdXrQe8jX.webp",2026-09-12T23:45:32.267940+00:00,Permission not established. Public availability is not a reuse license. Use only for clearly identified court reference; do not imply court endorsement. Check court terms before public deployment.
FD:cand,United States District Court — California Northern,Edward M. Chen,judge_photo,judge_portrait,True,Edward M. Chen — official profile photograph,images/b1/b1946662d31568f42eb7bcf0eaaa393c3ca205cb2d29ecbddd706b0dce7e4c7c.webp,343,480,image/webp,b1946662d31568f42eb7bcf0eaaa393c3ca205cb2d29ecbddd706b0dce7e4c7c,https://cand.uscourts.gov/judges/emc/chen-edward-m,"https://cand.uscourts.gov/sites/default/files/styles/large/public/images/xDJ_EMC-Portrait-Color.jpg.webp,qitok=hAlSMQCv.pagespeed.ic.9jEoC6LRrM.webp",2026-09-13T00:31:55.526059+00:00,Permission not established. Public availability is not a reuse license. Use only for clearly identified court reference; do not imply court endorsement. Check court terms before public deployment.
FD:cand,United States District Court — California Northern,Jacqueline Scott Corley,judge_photo,judge_portrait,True,Jacqueline Scott Corley — official profile photograph,images/a9/a99a3e4f041fe9cb9d7f7e20ed40be15dc82e66c15acf48b533f45cbfcd03b05.webp,135,187,image/webp,a99a3e4f041fe9cb9d7f7e20ed40be15dc82e66c15acf48b533f45cbfcd03b05,https://cand.uscourts.gov/judges/jsc/corley-jacqueline-scott,"https://cand.uscourts.gov/sites/default/files/styles/large/public/images/xJudge_Jacqueline_Corley.jpg.webp,qitok=KgTj77hu.pagespeed.ic.KHgTFzWqmr.webp",2026-09-13T00:31:57.486008+00:00,Permission not established. Public availability is not a reuse license. Use only for clearly identified court reference; do not imply court endorsement. Check court terms before public deployment.
FD:cand,United States District Court — California Northern,James Donato,judge_photo,judge_portrait,True,James Donato — official profile photograph,images/9f/9f2dd74bf7b89756e8f1334ac962962148becda68af085a6172c5eb6e08c7206.webp,384,480,image/webp,9f2dd74bf7b89756e8f1334ac962962148becda68af085a6172c5eb6e08c7206,https://cand.uscourts.gov/judges/jd/donato-james,"https://cand.uscourts.gov/sites/default/files/styles/large/public/images/xJudge-James-Donato.jpg.webp,qitok=U0oH6YYl.pagespeed.ic.8AK5ws3mbw.webp",2026-09-13T00:31:58.461584+00:00,Permission not established. Public availability is not a reuse license. Use only for clearly identified court reference; do not imply court endorsement. Check court terms before public deployment.
FD:cand,United States District Court — California Northern,Jeffrey S. White,judge_photo,judge_portrait,True,Jeffrey S. White — official profile photograph,images/36/367dfb4edf47c10907ba3a1cc9a5f5df502b116aaad667e08c3a278afb370d62.webp,135,187,image/webp,367dfb4edf47c10907ba3a1cc9a5f5df502b116aaad667e08c3a278afb370d62,https://cand.uscourts.gov/judges/jsw/white-jeffrey-s,"https://cand.uscourts.gov/sites/default/files/styles/large/public/images/xJudge_Jeffrey_S_White.jpg.webp,qitok=MzckavfT.pagespeed.ic.kMyca3P7CW.webp",2026-09-13T00:31:40.482507+00:00,Permission not established. Public availability is not a reuse license. Use only for clearly identified court reference; do not imply court endorsement. Check court terms before public deployment.
FD:cand,United States District Court — California Northern,Jon S. Tigar,judge_photo,judge_portrait,True,Jon S. Tigar — official profile photograph,images/59/5957c6d1d8aad6390329825a8d2e95142536a3090b7894ca24062de0a90087e8.webp,135,187,image/webp,5957c6d1d8aad6390329825a8d2e95142536a3090b7894ca24062de0a90087e8,https://cand.uscourts.gov/judges/jst/tigar-jon-s,"https://cand.uscourts.gov/sites/default/files/styles/large/public/images/xJudge_Jon_S_Tigar.jpg.webp,qitok=xT_nDtg8.pagespeed.ic.FYRiJqwc6h.webp",2026-09-13T00:31:41.319452+00:00,Permission not established. Public availability is not a reuse license. Use only for clearly identified court reference; do not imply court endorsement. Check court terms before public deployment.
FD:cand,United States District Court — California Northern,Maxine M. Chesney,judge_photo,judge_portrait,True,Maxine M. Chesney — official profile photograph,images/e4/e47b61bd727cd109daed82ef7b8912e9c018c117f7f939940b98e07be129f081.webp,135,187,image/webp,e47b61bd727cd109daed82ef7b8912e9c018c117f7f939940b98e07be129f081,https://cand.uscourts.gov/judges/mmc/chesney-maxine-m,"https://cand.uscourts.gov/sites/default/files/styles/large/public/images/xJudge_Maxine_Chesney.jpg.webp,qitok=XuKSonC1.pagespeed.ic.LLRsU10lYA.webp",2026-09-13T00:31:56.473472+00:00,Permission not established. Public availability is not a reuse license. Use only for clearly identified court reference; do not imply court endorsement. Check court terms before public deployment.
FD:cand,United States District Court — California Northern,P. Casey Pitts,judge_photo,judge_portrait,True,P. Casey Pitts — official profile photograph,images/c6/c6c1e37ea4e129bad82e129cdb93cf6a95bbf0e80bd9f15737c7b1ed046736f1.webp,384,480,image/webp,c6c1e37ea4e129bad82e129cdb93cf6a95bbf0e80bd9f15737c7b1ed046736f1,https://cand.uscourts.gov/judges/pcp/pitts-p-casey,"https://cand.uscourts.gov/sites/default/files/styles/large/public/images/xDJ_PCP-Portrait-Color.jpg.webp,qitok=ld3gCTbd.pagespeed.ic.Kufqh2DMc4.webp",2026-09-13T00:31:47.449489+00:00,Permission not established. Public availability is not a reuse license. Use only for clearly identified court reference; do not imply court endorsement. Check court terms before public deployment.
FD:cand,United States District Court — California Northern,Richard Seeborg,judge_photo,judge_portrait,True,Richard Seeborg — official profile photograph,images/ab/ab73237f89346da04b368241c40a1a14a584612b7c46d0c1b0ce51b487c36498.webp,135,187,image/webp,ab73237f89346da04b368241c40a1a14a584612b7c46d0c1b0ce51b487c36498,https://cand.uscourts.gov/judges/rs/seeborg-richard,"https://cand.uscourts.gov/sites/default/files/styles/large/public/images/xJudge_Richard_Seeborg.jpg.webp,qitok=-Qv9raZ-.pagespeed.ic.-mC5OefU0k.webp",2026-09-12T23:45:31.557609+00:00,Permission not established. Public availability is not a reuse license. Use only for clearly identified court reference; do not imply court endorsement. Check court terms before public deployment.
FD:cand,United States District Court — California Northern,Rita F. Lin,judge_photo,judge_portrait,True,Rita F. Lin — official profile photograph,images/56/56f5802bd171f241a1737725ae7f2319c4815161781bbbb397e3666318aa81b7.webp,320,480,image/webp,56f5802bd171f241a1737725ae7f2319c4815161781bbbb397e3666318aa81b7,https://cand.uscourts.gov/judges/rfl/lin-rita-f,"https://cand.uscourts.gov/sites/default/files/styles/large/public/images/xJudge-Rita-Lin.jpeg.webp,qitok=xKvtqd1m.pagespeed.ic.qqI31LmGsA.webp",2026-09-13T00:31:49.624178+00:00,Permission not established. Public availability is not a reuse license. Use only for clearly identified court reference; do not imply court endorsement. Check court terms before public deployment.
FD:cand,United States District Court — California Northern,Trina L. Thompson,judge_photo,judge_portrait,True,Trina L. Thompson — official profile photograph,images/2b/2bbe5d1ad702aa9285f8533a48f2a77977897f0cbb10456c0bdf06afec5b88e1.webp,384,480,image/webp,2bbe5d1ad702aa9285f8533a48f2a77977897f0cbb10456c0bdf06afec5b88e1,https://cand.uscourts.gov/judges/tlt/thompson-trina-l,"https://cand.uscourts.gov/sites/default/files/styles/large/public/images/xDJ_TLT-Portrait-Color.jpg.webp,qitok=LS9W9N_0.pagespeed.ic.SMvFphAlqL.webp",2026-09-13T00:31:53.181307+00:00,Permission not established. Public availability is not a reuse license. Use only for clearly identified court reference; do not imply court endorsement. Check court terms before public deployment.
FD:cand,United States District Court — California Northern,Vince Chhabria,judge_photo,judge_portrait,True,Vince Chhabria — official profile photograph,images/0a/0af91b0f65152938443fd8643ed0b1494f20abd2e5e17b92ca353e4d49740af3.webp,384,480,image/webp,0af91b0f65152938443fd8643ed0b1494f20abd2e5e17b92ca353e4d49740af3,https://cand.uscourts.gov/judges/vc/chhabria-vince,"https://cand.uscourts.gov/sites/default/files/styles/large/public/images/xJudge-Vince-Chhabria.jpg.webp,qitok=cltmDDMG.pagespeed.ic.pEuXa-85rO.webp",2026-09-12T23:45:32.399491+00:00,Permission not established. Public availability is not a reuse license. Use only for clearly identified court reference; do not imply court endorsement. Check court terms before public deployment.
FD:cand,United States District Court — California Northern,William H. Orrick,judge_photo,judge_portrait,True,William H. Orrick — official profile photograph,images/c5/c5eecd5604a2f0244ebe10ea69856edc81590bfdc9f067da966a5e02b22f5f4b.webp,135,187,image/webp,c5eecd5604a2f0244ebe10ea69856edc81590bfdc9f067da966a5e02b22f5f4b,https://cand.uscourts.gov/judges/who/orrick-william-h,"https://cand.uscourts.gov/sites/default/files/styles/large/public/images/xJudge_Wm_H_Orrick.jpg.webp,qitok=wzZhAXiv.pagespeed.ic.f_r4sjLalK.webp",2026-09-13T00:31:42.298531+00:00,Permission not established. Public availability is not a reuse license. Use only for clearly identified court reference; do not imply court endorsement. Check court terms before public deployment.
FD:cand,United States District Court — California Northern,Yvonne Gonzalez Rogers,judge_photo,judge_portrait,True,Yvonne Gonzalez Rogers — official profile photograph,images/3c/3c3f01dde45e64bd199826842af87687188d36c8e2f16caaf1cbd87e74d6af81.webp,384,480,image/webp,3c3f01dde45e64bd199826842af87687188d36c8e2f16caaf1cbd87e74d6af81,https://cand.uscourts.gov/judges/ygr/gonzalez-rogers-yvonne,"https://cand.uscourts.gov/sites/default/files/styles/large/public/images/xDJ_YGR-Portrait-Color.jpg.webp,qitok=GR95KNvw.pagespeed.ic.E-5fzl6wob.webp",2026-09-12T23:45:32.332025+00:00,Permission not established. Public availability is not a reuse license. Use only for clearly identified court reference; do not imply court endorsement. Check court terms before public deployment.
FD:cod,United States District Court — Colorado,,court_seal,federal_court_site_mark,True,District of Colorado | United States District Court,images/5d/5d3a81af50dcbd97b69121e0443b56c573d3f7e67e28da3900df51d7fb187b1c.png,150,151,image/png,5d3a81af50dcbd97b69121e0443b56c573d3f7e67e28da3900df51d7fb187b1c,http://www.cod.uscourts.gov/Home.aspx,http://www.cod.uscourts.gov/Portals/0/district_Colorado_seal_v4_150x151.png?ver=y6J4oaVdgi6EVG7ad0k0Ow%3d%3d,2026-09-12T23:43:31.753549+00:00,Permission not established. Public availability is not a reuse license. Use only for clearly identified court reference; do not imply court endorsement. Check court terms before public deployment.
FD:cod,United States District Court — Colorado,,favicon,site_icon,True,United States District Court — Colorado - official-site icon,images/4e/4ee2a490700b7bc96f9179a7f71287e9173416c72c173b7d0f15f0225565d8cf.ico,48,48,image/x-icon,4ee2a490700b7bc96f9179a7f71287e9173416c72c173b7d0f15f0225565d8cf,http://www.cod.uscourts.gov/Home.aspx,http://www.cod.uscourts.gov/Portals/0/favicon.ico?ver=9NPkvAr16soOoBUU1X862g%3d%3d,2026-09-12T23:43:32.108188+00:00,Permission not established. Public availability is not a reuse license. Use only for clearly identified court reference; do not imply court endorsement. Check court terms before public deployment.
FD:ctd,United States District Court — Connecticut,,court_seal,federal_court_site_mark,True,United States District Court — Connecticut - official-site identity mark,images/7e/7eec6892ee0e99b0ada96cfa8365f08bae24d6a985d840825f3b901b0077cd6e.png,126,133,image/png,7eec6892ee0e99b0ada96cfa8365f08bae24d6a985d840825f3b901b0077cd6e,https://www.ctd.uscourts.gov/,https://www.ctd.uscourts.gov/sites/default/files/website-seal_1.png,2026-09-12T23:46:29.472952+00:00,Permission not established. Public availability is not a reuse license. Use only for clearly identified court reference; do not imply court endorsement. Check court terms before public deployment.
FD:ctd,United States District Court — Connecticut,,favicon,site_icon,False,United States District Court — Connecticut - official-site icon,images/1a/1adbd58c71aba58172f94c8e89a625652079d0bbba1bf4e9c5b1d95860b7abbc.png,114,114,image/png,1adbd58c71aba58172f94c8e89a625652079d0bbba1bf4e9c5b1d95860b7abbc,https://www.ctd.uscourts.gov/,https://www.ctd.uscourts.gov/sites/all/themes/cstbase/apple-touch-icon-114x114.png,2026-09-12T23:46:29.640603+00:00,Permission not established. Public availability is not a reuse license. Use only for clearly identified court reference; do not imply court endorsement. Check court terms before public deployment.
FD:ctd,United States District Court — Connecticut,,favicon,site_icon,False,United States District Court — Connecticut - official-site icon,images/c9/c96c8cdea312b83693a9c59c47d8f646a4091dcd535dd137cdb30d22165ce852.png,32,32,image/png,c96c8cdea312b83693a9c59c47d8f646a4091dcd535dd137cdb30d22165ce852,https://www.ctd.uscourts.gov/,https://www.ctd.uscourts.gov/sites/all/themes/district/favicon.ico,2026-09-12T23:43:32.030981+00:00,Permission not established. Public availability is not a reuse license. Use only for clearly identified court reference; do not imply court endorsement. Check court terms before public deployment.
FD:dcd,United States District Court — District of Columbia,,favicon,site_icon,False,United States District Court — District of Columbia - official-site icon,images/c9/c96c8cdea312b83693a9c59c47d8f646a4091dcd535dd137cdb30d22165ce852.png,32,32,image/png,c96c8cdea312b83693a9c59c47d8f646a4091dcd535dd137cdb30d22165ce852,https://www.dcd.uscourts.gov/,https://www.dcd.uscourts.gov/sites/all/themes/district/favicon.ico,2026-09-12T23:43:31.463434+00:00,Permission not established. Public availability is not a reuse license. Use only for clearly identified court reference; do not imply court endorsement. Check court terms before public deployment.
FD:dcd,United States District Court — District of Columbia,,judiciary_logo,shared_federal_judiciary_mark,False,United States District Court — District of Columbia - official-site identity mark,images/b8/b847d500b7d42944f230b4fb5b96bfe77ae498b157fe06517e607a93ee94d8ff.png,126,133,image/png,b847d500b7d42944f230b4fb5b96bfe77ae498b157fe06517e607a93ee94d8ff,https://www.dcd.uscourts.gov/,https://www.dcd.uscourts.gov/sites/all/themes/district/logo.png,2026-09-12T23:43:31.317054+00:00,Permission not established. Public availability is not a reuse license. Use only for clearly identified court reference; do not imply court endorsement. Check court terms before public deployment.
FD:ded,United States District Court — Delaware,,favicon,site_icon,False,United States District Court — Delaware - official-site icon,images/c9/c96c8cdea312b83693a9c59c47d8f646a4091dcd535dd137cdb30d22165ce852.png,32,32,image/png,c96c8cdea312b83693a9c59c47d8f646a4091dcd535dd137cdb30d22165ce852,https://www.ded.uscourts.gov/,https://www.ded.uscourts.gov/sites/all/themes/district/favicon.ico,2026-09-12T23:43:31.561082+00:00,Permission not established. Public availability is not a reuse license. Use only for clearly identified court reference; do not imply court endorsement. Check court terms before public deployment.
FD:ded,United States District Court — Delaware,,judiciary_logo,shared_federal_judiciary_mark,False,United States District Court — Delaware - official-site identity mark,images/b8/b847d500b7d42944f230b4fb5b96bfe77ae498b157fe06517e607a93ee94d8ff.png,126,133,image/png,b847d500b7d42944f230b4fb5b96bfe77ae498b157fe06517e607a93ee94d8ff,https://www.ded.uscourts.gov/,https://www.ded.uscourts.gov/sites/all/themes/district/logo.png,2026-09-12T23:43:31.414557+00:00,Permission not established. Public availability is not a reuse license. Use only for clearly identified court reference; do not imply court endorsement. Check court terms before public deployment.
FD:flmd,United States District Court — Florida Middle,,court_seal,federal_court_site_mark,True,United States District Court — Florida Middle - official-site identity mark,images/f1/f1fe935326c52dee5f9abbfd8c64c221bd55bc8813ca7f0529f00ebbd2d853e9.png,126,133,image/png,f1fe935326c52dee5f9abbfd8c64c221bd55bc8813ca7f0529f00ebbd2d853e9,https://www.flmd.uscourts.gov/,https://www.flmd.uscourts.gov/sites/flmd/files/s_seal%20ao%20light%20color_0.png,2026-09-12T23:43:31.457482+00:00,Permission not established. Public availability is not a reuse license. Use only for clearly identified court reference; do not imply court endorsement. Check court terms before public deployment.
FD:flmd,United States District Court — Florida Middle,,favicon,site_icon,True,United States District Court — Florida Middle - official-site icon,images/71/7144fc697c75381ea45bf5b7a3cd7245c420ea15824d842a76f5e2726d556e07.png,32,32,image/png,7144fc697c75381ea45bf5b7a3cd7245c420ea15824d842a76f5e2726d556e07,https://www.flmd.uscourts.gov/,https://www.flmd.uscourts.gov/sites/flmd/files/mdfl-favicon-32x32_0.png,2026-09-12T23:43:31.632213+00:00,Permission not established. Public availability is not a reuse license. Use only for clearly identified court reference; do not imply court endorsement. Check court terms before public deployment.
FD:flnd,United States District Court — Florida Northern,,court_seal,federal_court_site_mark,True,United States District Court — Florida Northern - official-site identity mark,images/2a/2aab8fee929fd8d5c4e1a3aba6832ce59fc4d03f4d60090ce3b783989c7d1ca2.png,122,133,image/png,2aab8fee929fd8d5c4e1a3aba6832ce59fc4d03f4d60090ce3b783989c7d1ca2,https://www.flnd.uscourts.gov/,https://www.flnd.uscourts.gov/sites/flnd/files/court_seal_flnd_custom_2.png,2026-09-12T23:43:32.472349+00:00,Permission not established. Public availability is not a reuse license. Use only for clearly identified court reference; do not imply court endorsement. Check court terms before public deployment.
FD:flnd,United States District Court — Florida Northern,,favicon,site_icon,False,United States District Court — Florida Northern - official-site icon,images/c9/c96c8cdea312b83693a9c59c47d8f646a4091dcd535dd137cdb30d22165ce852.png,32,32,image/png,c96c8cdea312b83693a9c59c47d8f646a4091dcd535dd137cdb30d22165ce852,https://www.flnd.uscourts.gov/,https://www.flnd.uscourts.gov/sites/all/themes/district/favicon.ico,2026-09-12T23:43:32.630698+00:00,Permission not established. Public availability is not a reuse license. Use only for clearly identified court reference; do not imply court endorsement. Check court terms before public deployment.
FD:flsd,United States District Court — Florida Southern,,court_seal,federal_court_site_mark,True,United States District Court — Florida Southern - official-site identity mark,images/ea/eada1e9badb6ed9ff6dc85a3ad3c9844e8333e00d31b6cd3eaa854b8c806a7bc.png,126,132,image/png,eada1e9badb6ed9ff6dc85a3ad3c9844e8333e00d31b6cd3eaa854b8c806a7bc,https://www.flsd.uscourts.gov/,https://www.flsd.uscourts.gov/sites/flsd/files/SOUTHERN%20DISTRICT%20OF%20FLORIDA_color1_0_0.png,2026-09-12T23:43:32.242363+00:00,Permission not established. Public availability is not a reuse license. Use only for clearly identified court reference; do not imply court endorsement. Check court terms before public deployment.
FD:flsd,United States District Court — Florida Southern,,favicon,site_icon,False,United States District Court — Florida Southern - official-site icon,images/c9/c96c8cdea312b83693a9c59c47d8f646a4091dcd535dd137cdb30d22165ce852.png,32,32,image/png,c96c8cdea312b83693a9c59c47d8f646a4091dcd535dd137cdb30d22165ce852,https://www.flsd.uscourts.gov/,https://www.flsd.uscourts.gov/sites/all/themes/district/favicon.ico,2026-09-12T23:43:32.405675+00:00,Permission not established. Public availability is not a reuse license. Use only for clearly identified court reference; do not imply court endorsement. Check court terms before public deployment.
FD:gamd,United States District Court — Georgia Middle,,court_seal,federal_court_site_mark,True,United States District Court — Georgia Middle - official-site identity mark,images/b6/b6f81daad0729afcf8d66567c90920a095fda9a9b2c170846945f300bd328572.png,126,123,image/png,b6f81daad0729afcf8d66567c90920a095fda9a9b2c170846945f300bd328572,https://www.gamd.uscourts.gov/,https://www.gamd.uscourts.gov/sites/gamd/files/Middle_district_Georgia_seal_v1_AG.png,2026-09-12T23:43:32.267893+00:00,Permission not established. Public availability is not a reuse license. Use only for clearly identified court reference; do not imply court endorsement. Check court terms before public deployment.
FD:gamd,United States District Court — Georgia Middle,,favicon,site_icon,False,United States District Court — Georgia Middle - official-site icon,images/c9/c96c8cdea312b83693a9c59c47d8f646a4091dcd535dd137cdb30d22165ce852.png,32,32,image/png,c96c8cdea312b83693a9c59c47d8f646a4091dcd535dd137cdb30d22165ce852,https://www.gamd.uscourts.gov/,https://www.gamd.uscourts.gov/sites/all/themes/district/favicon.ico,2026-09-12T23:43:32.412476+00:00,Permission not established. Public availability is not a reuse license. Use only for clearly identified court reference; do not imply court endorsement. Check court terms before public deployment.
FD:gand,United States District Court — Georgia Northern,,court_seal,federal_court_site_mark,True,United States District Court — Georgia Northern - official-site identity mark,images/14/14835d70f9b32b418d94767dc1a8f9feec078fc0c4635819d5d00afd0244f8e4.png,126,133,image/png,14835d70f9b32b418d94767dc1a8f9feec078fc0c4635819d5d00afd0244f8e4,https://www.gand.uscourts.gov/,https://www.gand.uscourts.gov/sites/gand/files/NORTHERN_DISTRICT_OF_GEORGIA_seal_regular_color4.png,2026-09-12T23:43:32.445452+00:00,Permission not established. Public availability is not a reuse license. Use only for clearly identified court reference; do not imply court endorsement. Check court terms before public deployment.
FD:gand,United States District Court — Georgia Northern,,favicon,site_icon,False,United States District Court — Georgia Northern - official-site icon,images/c9/c96c8cdea312b83693a9c59c47d8f646a4091dcd535dd137cdb30d22165ce852.png,32,32,image/png,c96c8cdea312b83693a9c59c47d8f646a4091dcd535dd137cdb30d22165ce852,https://www.gand.uscourts.gov/,https://www.gand.uscourts.gov/sites/all/themes/district/favicon.ico,2026-09-12T23:43:32.594379+00:00,Permission not established. Public availability is not a reuse license. Use only for clearly identified court reference; do not imply court endorsement. Check court terms before public deployment.
FD:gud,United States District Court — Guam,,favicon,site_icon,False,United States District Court — Guam - official-site icon,images/46/46a4d9c1e54ba0f8dc9bcad3d55177540e60b77a48f6a9f895f193991140e861.png,120,120,image/png,46a4d9c1e54ba0f8dc9bcad3d55177540e60b77a48f6a9f895f193991140e861,https://www.gud.uscourts.gov/,https://www.gud.uscourts.gov/sites/all/themes/district/apple-touch-icon-120x120.png,2026-09-12T23:52:16.229488+00:00,Permission not established. Public availability is not a reuse license. Use only for clearly identified court reference; do not imply court endorsement. Check court terms before public deployment.
FD:gud,United States District Court — Guam,,judiciary_logo,shared_federal_judiciary_mark,False,United States District Court — Guam - official-site identity mark,images/e8/e82bd676eefb7bf01a687db4127a0489519899124a8642836f5922e0779315df.png,126,133,image/png,e82bd676eefb7bf01a687db4127a0489519899124a8642836f5922e0779315df,https://www.gud.uscourts.gov/,https://www.gud.uscourts.gov/sites/gud/files/courtseal126x133_0.png,2026-09-12T23:52:16.229488+00:00,Permission not established. Public availability is not a reuse license. Use only for clearly identified court reference; do not imply court endorsement. Check court terms before public deployment.
FD:hid,United States District Court — Hawaii,,favicon,site_icon,True,United States District Court — Hawaii - official-site icon,images/2c/2cbaea174a9e2383d16e1da52360d49b64d162e5bbe797a32b4be3d3cf917b3c.png,180,180,image/png,2cbaea174a9e2383d16e1da52360d49b64d162e5bbe797a32b4be3d3cf917b3c,https://www.hid.uscourts.gov/,https://www.hid.uscourts.gov/apple-touch-icon.png,2026-09-12T23:46:29.631206+00:00,Permission not established. Public availability is not a reuse license. Use only for clearly identified court reference; do not imply court endorsement. Check court terms before public deployment.
FD:hid,United States District Court — Hawaii,,favicon,site_icon,True,United States District Court — Hawaii - official-site icon,images/d5/d5f55880aca3070412386eca3c3f3918571d44afedfca8661ca0e8b625f81a19.ico,48,48,image/x-icon,d5f55880aca3070412386eca3c3f3918571d44afedfca8661ca0e8b625f81a19,https://www.hid.uscourts.gov/,https://www.hid.uscourts.gov/favicon.ico,2026-09-12T23:43:32.568049+00:00,Permission not established. Public availability is not a reuse license. Use only for clearly identified court reference; do not imply court endorsement. Check court terms before public deployment.
FD:iand,United States District Court — Iowa Northern,,court_seal,federal_court_site_mark,True,United States District Court — Iowa Northern - official-site identity mark,images/b5/b59d7341a0bfd23b22b448afa543256b6084ce5c1e7c74bcd2f1896373fd012b.png,126,133,image/png,b59d7341a0bfd23b22b448afa543256b6084ce5c1e7c74bcd2f1896373fd012b,https://www.iand.uscourts.gov/,https://www.iand.uscourts.gov/sites/iand/files/NORTHERN%20DISTRICT%20OF%20IOWA_regular_color3_AG.png,2026-09-12T23:43:32.950124+00:00,Permission not established. Public availability is not a reuse license. Use only for clearly identified court reference; do not imply court endorsement. Check court terms before public deployment.
FD:iand,United States District Court — Iowa Northern,,favicon,site_icon,False,United States District Court — Iowa Northern - official-site icon,images/c9/c96c8cdea312b83693a9c59c47d8f646a4091dcd535dd137cdb30d22165ce852.png,32,32,image/png,c96c8cdea312b83693a9c59c47d8f646a4091dcd535dd137cdb30d22165ce852,https://www.iand.uscourts.gov/,https://www.iand.uscourts.gov/sites/all/themes/district/favicon.ico,2026-09-12T23:43:33.083343+00:00,Permission not established. Public availability is not a reuse license. Use only for clearly identified court reference; do not imply court endorsement. Check court terms before public deployment.
FD:iasd,United States District Court — Iowa Southern,,court_seal,federal_court_site_mark,True,United States District Court — Iowa Southern - official-site identity mark,images/38/387efbc9060c3c2b6347c42bfd156d7edc6be6e5ff39e9173675c2cf1cfa3cc4.png,126,133,image/png,387efbc9060c3c2b6347c42bfd156d7edc6be6e5ff39e9173675c2cf1cfa3cc4,https://www.iasd.uscourts.gov/,https://www.iasd.uscourts.gov/sites/iasd/files/SOUTHERN%20DISTRICT%20OF%20IOWA_seal_regular_color3_0.png,2026-09-12T23:43:33.015020+00:00,Permission not established. Public availability is not a reuse license. Use only for clearly identified court reference; do not imply court endorsement. Check court terms before public deployment.
FD:iasd,United States District Court — Iowa Southern,,favicon,site_icon,False,United States District Court — Iowa Southern - official-site icon,images/c9/c96c8cdea312b83693a9c59c47d8f646a4091dcd535dd137cdb30d22165ce852.png,32,32,image/png,c96c8cdea312b83693a9c59c47d8f646a4091dcd535dd137cdb30d22165ce852,https://www.iasd.uscourts.gov/,https://www.iasd.uscourts.gov/sites/all/themes/district/favicon.ico,2026-09-12T23:43:33.392132+00:00,Permission not established. Public availability is not a reuse license. Use only for clearly identified court reference; do not imply court endorsement. Check court terms before public deployment.
FD:idd,United States District Court — Idaho,,favicon,site_icon,False,United States District Court — Idaho - official-site icon,images/70/705c9f63add788c7548b2217481e0aae0e4cc256e62b2a7d10e7efbcd20738dc.ico,32,32,image/x-icon,705c9f63add788c7548b2217481e0aae0e4cc256e62b2a7d10e7efbcd20738dc,https://www.id.uscourts.gov/clerks/Welcome.cfm,https://www.id.uscourts.gov/favicon.ico,2026-09-12T23:43:32.131447+00:00,Permission not established. Public availability is not a reuse license. Use only for clearly identified court reference; do not imply court endorsement. Check court terms before public deployment.
FD:idd,United States District Court — Idaho,,judiciary_logo,shared_federal_judiciary_mark,False,U.S. Courts District of Idaho Seal,images/b6/b65df614f4d15a242ece247a967aecf616a8c696d3900af302f639cce20310d2.png,200,200,image/png,b65df614f4d15a242ece247a967aecf616a8c696d3900af302f639cce20310d2,https://www.id.uscourts.gov/clerks/Welcome.cfm,https://www.id.uscourts.gov/shared/images/skin_Bl/US_Courts_Idaho_Seal_Float.png,2026-09-12T23:43:32.130447+00:00,Permission not established. Public availability is not a reuse license. Use only for clearly identified court reference; do not imply court endorsement. Check court terms before public deployment.
FD:idd,United States District Court — Idaho,,judiciary_logo,shared_federal_judiciary_mark,False,United States District Court — Idaho - official-site identity mark,images/bf/bf0b026eafddd46ac5ee900df72de0c42d2d7fe98264773729edacdb65a3d261.png,100,100,image/png,bf0b026eafddd46ac5ee900df72de0c42d2d7fe98264773729edacdb65a3d261,https://www.id.uscourts.gov/clerks/Welcome.cfm,https://www.id.uscourts.gov/shared/images/skin_bl/US_Courts_Idaho_Seal_sm.png,2026-09-12T23:43:32.130447+00:00,Permission not established. Public availability is not a reuse license. Use only for clearly identified court reference; do not imply court endorsement. Check court terms before public deployment.
FD:ilcd,United States District Court — Illinois Central,,court_seal,federal_court_site_mark,True,United States District Court — Illinois Central - official-site identity mark,images/80/8064a3de5eb23043181d085d1117679fc9f41a225bfbd942608b1535f6b90845.png,126,133,image/png,8064a3de5eb23043181d085d1117679fc9f41a225bfbd942608b1535f6b90845,https://www.ilcd.uscourts.gov/,https://www.ilcd.uscourts.gov/sites/ilcd/files/ilcd_seal_0.png,2026-09-12T23:46:29.607441+00:00,Permission not established. Public availability is not a reuse license. Use only for clearly identified court reference; do not imply court endorsement. Check court terms before public deployment.
FD:ilcd,United States District Court — Illinois Central,,favicon,site_icon,False,United States District Court — Illinois Central - official-site icon,images/46/46a4d9c1e54ba0f8dc9bcad3d55177540e60b77a48f6a9f895f193991140e861.png,120,120,image/png,46a4d9c1e54ba0f8dc9bcad3d55177540e60b77a48f6a9f895f193991140e861,https://www.ilcd.uscourts.gov/,https://www.ilcd.uscourts.gov/sites/all/themes/district/apple-touch-icon-120x120.png,2026-09-12T23:46:29.753361+00:00,Permission not established. Public availability is not a reuse license. Use only for clearly identified court reference; do not imply court endorsement. Check court terms before public deployment.
FD:ilnd,United States District Court — Illinois Northern,,court_logo,federal_court_site_mark,True,Northern District Logo,images/02/0285f97dee8bc0668d58fd0e266603a79667f07bd1ec22de0db951000ff61a57.png,108,108,image/png,0285f97dee8bc0668d58fd0e266603a79667f07bd1ec22de0db951000ff61a57,https://www.ilnd.uscourts.gov/,https://www.ilnd.uscourts.gov/_assets/_img/sunglow-northern-district-logo.png,2026-09-12T23:43:33.519575+00:00,Permission not established. Public availability is not a reuse license. Use only for clearly identified court reference; do not imply court endorsement. Check court terms before public deployment.
FD:ilnd,United States District Court — Illinois Northern,,favicon,site_icon,True,United States District Court — Illinois Northern - official-site icon,images/c6/c6c01f6fd62974f5d7119eb2c9af60567046be99609859015e522cce965ca478.png,180,180,image/png,c6c01f6fd62974f5d7119eb2c9af60567046be99609859015e522cce965ca478,https://www.ilnd.uscourts.gov/,https://www.ilnd.uscourts.gov/apple-touch-icon.png,2026-09-12T23:43:33.989784+00:00,Permission not established. Public availability is not a reuse license. Use only for clearly identified court reference; do not imply court endorsement. Check court terms before public deployment.
FD:ilsd,United States District Court — Illinois Southern,,court_seal,federal_court_site_mark,True,United States District Court — Illinois Southern - official-site identity mark,images/41/4160e5b1b8200bf8aae0bd95871d19d0bf2f13d66a274e5c4db8ffb55c462008.png,126,133,image/png,4160e5b1b8200bf8aae0bd95871d19d0bf2f13d66a274e5c4db8ffb55c462008,https://www.ilsd.uscourts.gov/,https://www.ilsd.uscourts.gov/sites/ilsd/files/SOUTHERN%2520DISTRICT%2520OF%2520ILLINOIS_color3.png,2026-09-12T23:43:33.221012+00:00,Permission not established. Public availability is not a reuse license. Use only for clearly identified court reference; do not imply court endorsement. Check court terms before public deployment.
FD:innd,United States District Court — Indiana Northern,,judiciary_logo,shared_federal_judiciary_mark,False,United States District Court — Indiana Northern - official-site identity mark,images/b8/b847d500b7d42944f230b4fb5b96bfe77ae498b157fe06517e607a93ee94d8ff.png,126,133,image/png,b847d500b7d42944f230b4fb5b96bfe77ae498b157fe06517e607a93ee94d8ff,https://www.innd.uscourts.gov/,https://www.innd.uscourts.gov/sites/all/themes/district/logo.png,2026-09-12T23:46:29.941395+00:00,Permission not established. Public availability is not a reuse license. Use only for clearly identified court reference; do not imply court endorsement. Check court terms before public deployment.
FD:ksd,United States District Court — Kansas,,court_seal,federal_court_site_mark,True,United States District Court — Kansas - official-site identity mark,images/2c/2cecc341ab8e23012fe7ef2d65b2f547f5c337734d35c7aa37786ccd77dff97c.png,126,133,image/png,2cecc341ab8e23012fe7ef2d65b2f547f5c337734d35c7aa37786ccd77dff97c,https://www.ksd.uscourts.gov/,https://www.ksd.uscourts.gov/sites/ksd/files/logo.png,2026-09-12T23:43:33.406660+00:00,Permission not established. Public availability is not a reuse license. Use only for clearly identified court reference; do not imply court endorsement. Check court terms before public deployment.
FD:ksd,United States District Court — Kansas,,favicon,site_icon,False,United States District Court — Kansas - official-site icon,images/c9/c96c8cdea312b83693a9c59c47d8f646a4091dcd535dd137cdb30d22165ce852.png,32,32,image/png,c96c8cdea312b83693a9c59c47d8f646a4091dcd535dd137cdb30d22165ce852,https://www.ksd.uscourts.gov/,https://www.ksd.uscourts.gov/sites/all/themes/district/favicon.ico,2026-09-12T23:43:33.784191+00:00,Permission not established. Public availability is not a reuse license. Use only for clearly identified court reference; do not imply court endorsement. Check court terms before public deployment.
FD:kyed,United States District Court — Kentucky Eastern,,court_seal,federal_court_site_mark,True,United States District Court — Kentucky Eastern - official-site identity mark,images/50/50e59a78204936ec41f8c45bd594b987f61ef8e8db16cc9980b0a61ee4680509.png,126,133,image/png,50e59a78204936ec41f8c45bd594b987f61ef8e8db16cc9980b0a61ee4680509,https://www.kyed.uscourts.gov/,https://www.kyed.uscourts.gov/sites/kyed/files/seal_white_drupal_0.png,2026-09-12T23:46:30.143717+00:00,Permission not established. Public availability is not a reuse license. Use only for clearly identified court reference; do not imply court endorsement. Check court terms before public deployment.
FD:kyed,United States District Court — Kentucky Eastern,,favicon,site_icon,False,United States District Court — Kentucky Eastern - official-site icon,images/46/46a4d9c1e54ba0f8dc9bcad3d55177540e60b77a48f6a9f895f193991140e861.png,120,120,image/png,46a4d9c1e54ba0f8dc9bcad3d55177540e60b77a48f6a9f895f193991140e861,https://www.kyed.uscourts.gov/,https://www.kyed.uscourts.gov/sites/all/themes/district/apple-touch-icon-120x120.png,2026-09-12T23:46:30.289645+00:00,Permission not established. Public availability is not a reuse license. Use only for clearly identified court reference; do not imply court endorsement. Check court terms before public deployment.
FD:kywd,United States District Court — Kentucky Western,,favicon,site_icon,False,United States District Court — Kentucky Western - official-site icon,images/46/46a4d9c1e54ba0f8dc9bcad3d55177540e60b77a48f6a9f895f193991140e861.png,120,120,image/png,46a4d9c1e54ba0f8dc9bcad3d55177540e60b77a48f6a9f895f193991140e861,https://www.kywd.uscourts.gov/,https://www.kywd.uscourts.gov/sites/all/themes/district/apple-touch-icon-120x120.png,2026-09-12T23:46:30.406285+00:00,Permission not established. Public availability is not a reuse license. Use only for clearly identified court reference; do not imply court endorsement. Check court terms before public deployment.
FD:kywd,United States District Court — Kentucky Western,,judiciary_logo,shared_federal_judiciary_mark,False,United States District Court — Kentucky Western - official-site identity mark,images/b8/b847d500b7d42944f230b4fb5b96bfe77ae498b157fe06517e607a93ee94d8ff.png,126,133,image/png,b847d500b7d42944f230b4fb5b96bfe77ae498b157fe06517e607a93ee94d8ff,https://www.kywd.uscourts.gov/,https://www.kywd.uscourts.gov/sites/all/themes/district/logo.png,2026-09-12T23:46:30.248590+00:00,Permission not established. Public availability is not a reuse license. Use only for clearly identified court reference; do not imply court endorsement. Check court terms before public deployment.
FD:laed,United States District Court — Louisiana Eastern,,court_seal,federal_court_site_mark,True,United States District Court — Louisiana Eastern - official-site identity mark,images/89/8981461fb7760b1c5ca5d3158ad86f934cecafb092cd2784d5ee16eb23d294db.png,130,138,image/png,8981461fb7760b1c5ca5d3158ad86f934cecafb092cd2784d5ee16eb23d294db,https://www.laed.uscourts.gov/,https://www.laed.uscourts.gov/sites/default/files/Eastern_district_Lousiana_seal_v1_AG_126px_0.png,2026-09-12T23:46:30.669778+00:00,Permission not established. Public availability is not a reuse license. Use only for clearly identified court reference; do not imply court endorsement. Check court terms before public deployment.
FD:laed,United States District Court — Louisiana Eastern,,favicon,site_icon,False,United States District Court — Louisiana Eastern - official-site icon,images/1a/1adbd58c71aba58172f94c8e89a625652079d0bbba1bf4e9c5b1d95860b7abbc.png,114,114,image/png,1adbd58c71aba58172f94c8e89a625652079d0bbba1bf4e9c5b1d95860b7abbc,https://www.laed.uscourts.gov/,https://www.laed.uscourts.gov/sites/all/themes/cstbase/apple-touch-icon-114x114.png,2026-09-12T23:46:30.905110+00:00,Permission not established. Public availability is not a reuse license. Use only for clearly identified court reference; do not imply court endorsement. Check court terms before public deployment.
FD:laed,United States District Court — Louisiana Eastern,,favicon,site_icon,False,United States District Court — Louisiana Eastern - official-site icon,images/c9/c96c8cdea312b83693a9c59c47d8f646a4091dcd535dd137cdb30d22165ce852.png,32,32,image/png,c96c8cdea312b83693a9c59c47d8f646a4091dcd535dd137cdb30d22165ce852,https://www.laed.uscourts.gov/,https://www.laed.uscourts.gov/sites/all/themes/district/favicon.ico,2026-09-12T23:43:35.181462+00:00,Permission not established. Public availability is not a reuse license. Use only for clearly identified court reference; do not imply court endorsement. Check court terms before public deployment.
FD:lamd,United States District Court — Louisiana Middle,,court_seal,federal_court_site_mark,True,United States District Court — Louisiana Middle - official-site identity mark,images/e0/e0cf2b08f00a159d72f353bccca7f766a35d9358f0bec105e257150dd8654222.png,100,100,image/png,e0cf2b08f00a159d72f353bccca7f766a35d9358f0bec105e257150dd8654222,https://www.lamd.uscourts.gov/,https://www.lamd.uscourts.gov/themes/uswds_base_subtheme/LAMDwebSealTransp123x123.png,2026-09-12T23:43:34.088924+00:00,Permission not established. Public availability is not a reuse license. Use only for clearly identified court reference; do not imply court endorsement. Check court terms before public deployment.
FD:lamd,United States District Court — Louisiana Middle,,favicon,site_icon,True,United States District Court — Louisiana Middle - official-site icon,images/28/286429146ba1ca076f53d1d2fa9f8cf07328a55abc49474d817c991f354f9da0.ico,16,16,image/x-icon,286429146ba1ca076f53d1d2fa9f8cf07328a55abc49474d817c991f354f9da0,https://www.lamd.uscourts.gov/,https://www.lamd.uscourts.gov/sites/default/files/favicon_0.ico,2026-09-12T23:43:34.469716+00:00,Permission not established. Public availability is not a reuse license. Use only for clearly identified court reference; do not imply court endorsement. Check court terms before public deployment.
FD:lawd,United States District Court — Louisiana Western,,court_seal,federal_court_site_mark,True,United States District Court — Louisiana Western - official-site identity mark,images/a4/a4f136220387b9031edd5799c3593d343049b142cc45dabe58d8a16ddafe86bc.png,126,133,image/png,a4f136220387b9031edd5799c3593d343049b142cc45dabe58d8a16ddafe86bc,https://www.lawd.uscourts.gov/,https://www.lawd.uscourts.gov/sites/lawd/files/WESTERN%20DISTRICT%20OF%20LOUISIANA_seal_regular_color2.png,2026-09-12T23:43:33.772000+00:00,Permission not established. Public availability is not a reuse license. Use only for clearly identified court reference; do not imply court endorsement. Check court terms before public deployment.
FD:lawd,United States District Court — Louisiana Western,,favicon,site_icon,False,United States District Court — Louisiana Western - official-site icon,images/c4/c4e4a7a6a6f1734b9939e03fc58e85eb91a0324967c7b0b26799db493ac138ad.gif,16,16,image/gif,c4e4a7a6a6f1734b9939e03fc58e85eb91a0324967c7b0b26799db493ac138ad,https://www.lawd.uscourts.gov/,https://www.lawd.uscourts.gov/sites/lawd/files/favicon.ico,2026-09-12T23:43:33.917364+00:00,Permission not established. Public availability is not a reuse license. Use only for clearly identified court reference; do not imply court endorsement. Check court terms before public deployment.
FD:mad,United States District Court — Massachusetts,,court_seal,federal_court_site_mark,True,United States District Court — Massachusetts - official-site identity mark,images/c0/c0501f639e2ec200556a0dbe422f71188bcb067a967938a9041183f502e14696.png,165,161,image/png,c0501f639e2ec200556a0dbe422f71188bcb067a967938a9041183f502e14696,https://www.mad.uscourts.gov/,https://www.mad.uscourts.gov/assets/img/seal.png,2026-09-12T23:43:35.034368+00:00,Permission not established. Public availability is not a reuse license. Use only for clearly identified court reference; do not imply court endorsement. Check court terms before public deployment.
FD:mad,United States District Court — Massachusetts,,court_seal,federal_court_site_mark,True,United States District Court — Massachusetts - official-site identity mark,images/96/96e47fe77d5a78937a50f825191c5601c5a1844041e139f85cbc13f4ec91747c.png,70,68,image/png,96e47fe77d5a78937a50f825191c5601c5a1844041e139f85cbc13f4ec91747c,https://www.mad.uscourts.gov/,https://www.mad.uscourts.gov/assets/img/seal_sm.png,2026-09-12T23:43:34.693229+00:00,Permission not established. Public availability is not a reuse license. Use only for clearly identified court reference; do not imply court endorsement. Check court terms before public deployment.
FD:mdd,United States District Court — Maryland,,favicon,site_icon,False,United States District Court — Maryland - official-site icon,images/c9/c96c8cdea312b83693a9c59c47d8f646a4091dcd535dd137cdb30d22165ce852.png,32,32,image/png,c96c8cdea312b83693a9c59c47d8f646a4091dcd535dd137cdb30d22165ce852,https://www.mdd.uscourts.gov/,https://www.mdd.uscourts.gov/sites/all/themes/district/favicon.ico,2026-09-12T23:43:35.304351+00:00,Permission not established. Public availability is not a reuse license. Use only for clearly identified court reference; do not imply court endorsement. Check court terms before public deployment.
FD:mdd,United States District Court — Maryland,,judiciary_logo,shared_federal_judiciary_mark,False,United States District Court — Maryland - official-site identity mark,images/b8/b847d500b7d42944f230b4fb5b96bfe77ae498b157fe06517e607a93ee94d8ff.png,126,133,image/png,b847d500b7d42944f230b4fb5b96bfe77ae498b157fe06517e607a93ee94d8ff,https://www.mdd.uscourts.gov/,https://www.mdd.uscourts.gov/sites/all/themes/district/logo.png,2026-09-12T23:43:35.162566+00:00,Permission not established. Public availability is not a reuse license. Use only for clearly identified court reference; do not imply court endorsement. Check court terms before public deployment.
FD:med,United States District Court — Maine,,judiciary_logo,shared_federal_judiciary_mark,False,United States District Court — Maine - official-site identity mark,images/b8/b847d500b7d42944f230b4fb5b96bfe77ae498b157fe06517e607a93ee94d8ff.png,126,133,image/png,b847d500b7d42944f230b4fb5b96bfe77ae498b157fe06517e607a93ee94d8ff,https://www.med.uscourts.gov/,https://www.med.uscourts.gov/sites/all/themes/district/logo.png,2026-09-12T23:46:30.348770+00:00,Permission not established. Public availability is not a reuse license. Use only for clearly identified court reference; do not imply court endorsement. Check court terms before public deployment.
FD:mied,United States District Court — Michigan Eastern,,court_seal,federal_court_site_mark,True,Court Seal,images/35/3595087ff8687b810cf6c1f32000877035b472aa29a95c97ea201c3f44ffbf32.webp,200,200,image/webp,3595087ff8687b810cf6c1f32000877035b472aa29a95c97ea201c3f44ffbf32,https://www.mied.uscourts.gov/,https://www.mied.uscourts.gov/assets/images/emb.webp,2026-09-12T23:43:35.618579+00:00,Permission not established. Public availability is not a reuse license. Use only for clearly identified court reference; do not imply court endorsement. Check court terms before public deployment.
FD:mied,United States District Court — Michigan Eastern,,favicon,site_icon,True,United States District Court — Michigan Eastern - official-site icon,images/78/7809084cf22d174c82b2f8a5b52b6ce978f69dd4391df8bc6241c6aeba0e1c82.webp,32,32,image/webp,7809084cf22d174c82b2f8a5b52b6ce978f69dd4391df8bc6241c6aeba0e1c82,https://www.mied.uscourts.gov/,https://www.mied.uscourts.gov/favicon.ico,2026-09-12T23:43:35.798996+00:00,Permission not established. Public availability is not a reuse license. Use only for clearly identified court reference; do not imply court endorsement. Check court terms before public deployment.
FD:miwd,United States District Court — Michigan Western,,court_seal,federal_court_site_mark,True,United States District Court — Michigan Western - official-site identity mark,images/c0/c01241048379b186aadd6b6c1d8c3c4c8870810df011f983a19506145fc61f8e.png,126,133,image/png,c01241048379b186aadd6b6c1d8c3c4c8870810df011f983a19506145fc61f8e,https://www.miwd.uscourts.gov/,https://www.miwd.uscourts.gov/sites/miwd/files/WESTERN%20DISTRICT%20OF%20MICHIGAN_seal_regular_color1.png,2026-09-12T23:43:35.519361+00:00,Permission not established. Public availability is not a reuse license. Use only for clearly identified court reference; do not imply court endorsement. Check court terms before public deployment.
FD:miwd,United States District Court — Michigan Western,,favicon,site_icon,False,United States District Court — Michigan Western - official-site icon,images/c9/c96c8cdea312b83693a9c59c47d8f646a4091dcd535dd137cdb30d22165ce852.png,32,32,image/png,c96c8cdea312b83693a9c59c47d8f646a4091dcd535dd137cdb30d22165ce852,https://www.miwd.uscourts.gov/,https://www.miwd.uscourts.gov/sites/all/themes/district/favicon.ico,2026-09-12T23:43:35.854724+00:00,Permission not established. Public availability is not a reuse license. Use only for clearly identified court reference; do not imply court endorsement. Check court terms before public deployment.
FD:mnd,United States District Court — Minnesota,,court_seal,federal_court_site_mark,True,United States District Court — Minnesota - official-site identity mark,images/59/590ffa1d8b2f4ec860c1b6cbef8c047ce920bb0da899043e0bf5138ebcc94fcc.png,130,129,image/png,590ffa1d8b2f4ec860c1b6cbef8c047ce920bb0da899043e0bf5138ebcc94fcc,https://www.mnd.uscourts.gov/,https://www.mnd.uscourts.gov/sites/mnd/files/mnd_seal2.png,2026-09-12T23:46:30.685518+00:00,Permission not established. Public availability is not a reuse license. Use only for clearly identified court reference; do not imply court endorsement. Check court terms before public deployment.
FD:mnd,United States District Court — Minnesota,,favicon,site_icon,False,United States District Court — Minnesota - official-site icon,images/46/46a4d9c1e54ba0f8dc9bcad3d55177540e60b77a48f6a9f895f193991140e861.png,120,120,image/png,46a4d9c1e54ba0f8dc9bcad3d55177540e60b77a48f6a9f895f193991140e861,https://www.mnd.uscourts.gov/,https://www.mnd.uscourts.gov/sites/all/themes/district/apple-touch-icon-120x120.png,2026-09-12T23:46:30.818903+00:00,Permission not established. Public availability is not a reuse license. Use only for clearly identified court reference; do not imply court endorsement. Check court terms before public deployment.
FD:moed,United States District Court — Missouri Eastern,,favicon,site_icon,False,United States District Court — Missouri Eastern - official-site icon,images/c9/c96c8cdea312b83693a9c59c47d8f646a4091dcd535dd137cdb30d22165ce852.png,32,32,image/png,c96c8cdea312b83693a9c59c47d8f646a4091dcd535dd137cdb30d22165ce852,https://www.moed.uscourts.gov/,https://www.moed.uscourts.gov/sites/all/themes/district/favicon.ico,2026-09-12T23:43:35.383819+00:00,Permission not established. Public availability is not a reuse license. Use only for clearly identified court reference; do not imply court endorsement. Check court terms before public deployment.
FD:moed,United States District Court — Missouri Eastern,,judiciary_logo,shared_federal_judiciary_mark,False,United States District Court — Missouri Eastern - official-site identity mark,images/b8/b847d500b7d42944f230b4fb5b96bfe77ae498b157fe06517e607a93ee94d8ff.png,126,133,image/png,b847d500b7d42944f230b4fb5b96bfe77ae498b157fe06517e607a93ee94d8ff,https://www.moed.uscourts.gov/,https://www.moed.uscourts.gov/sites/all/themes/district/logo.png,2026-09-12T23:43:35.247310+00:00,Permission not established. Public availability is not a reuse license. Use only for clearly identified court reference; do not imply court endorsement. Check court terms before public deployment.
FD:moed,United States District Court — Missouri Eastern,,judiciary_logo,shared_federal_judiciary_mark,True,United States Courts Logo,images/56/568c38a6592dbb4aba333a7ff1e5b892beaa6ae7d4b33058493bf9aa34c7af6d.png,200,120,image/png,568c38a6592dbb4aba333a7ff1e5b892beaa6ae7d4b33058493bf9aa34c7af6d,https://www.moed.uscourts.gov/,https://www.moed.uscourts.gov/sites/moed/files/images/uscourts_logo.png,2026-09-12T23:43:34.934261+00:00,Permission not established. Public availability is not a reuse license. Use only for clearly identified court reference; do not imply court endorsement. Check court terms before public deployment.
FD:mowd,United States District Court — Missouri Western,,favicon,site_icon,False,United States District Court — Missouri Western - official-site icon,images/1a/1adbd58c71aba58172f94c8e89a625652079d0bbba1bf4e9c5b1d95860b7abbc.png,114,114,image/png,1adbd58c71aba58172f94c8e89a625652079d0bbba1bf4e9c5b1d95860b7abbc,https://www.mow.uscourts.gov/,https://www.mow.uscourts.gov/sites/all/themes/opps/apple-touch-icon-114x114.png,2026-09-12T23:46:31.120802+00:00,Permission not established. Public availability is not a reuse license. Use only for clearly identified court reference; do not imply court endorsement. Check court terms before public deployment.
FD:mowd,United States District Court — Missouri Western,,judiciary_logo,shared_federal_judiciary_mark,False,United States District Court — Missouri Western - official-site identity mark,images/60/60abf2e9f08f7d942f78c9223816812277f8ede31caca828766eb25a28f4829e.png,126,133,image/png,60abf2e9f08f7d942f78c9223816812277f8ede31caca828766eb25a28f4829e,https://www.mow.uscourts.gov/,https://www.mow.uscourts.gov/sites/mow/files/generic_seal_regular_color3_0.png,2026-09-12T23:46:30.971645+00:00,Permission not established. Public availability is not a reuse license. Use only for clearly identified court reference; do not imply court endorsement. Check court terms before public deployment.
FD:msnd,United States District Court — Mississippi Northern,,court_seal,federal_court_site_mark,True,United States District Court — Mississippi Northern - official-site identity mark,images/69/69faafe713ffa82b14c0c11b04a49d1b5df20fea5ae454f8f3cbf64b3147ed3a.png,126,133,image/png,69faafe713ffa82b14c0c11b04a49d1b5df20fea5ae454f8f3cbf64b3147ed3a,https://www.msnd.uscourts.gov/,https://www.msnd.uscourts.gov/sites/msnd/files/Northern_district_Misissippi_seal_v1_LS.png,2026-09-12T23:43:35.329010+00:00,Permission not established. Public availability is not a reuse license. Use only for clearly identified court reference; do not imply court endorsement. Check court terms before public deployment.
FD:mssd,United States District Court — Mississippi Southern,,court_seal,federal_court_site_mark,True,United States District Court — Mississippi Southern - official-site identity mark,images/22/2281c39f0ab11d6f4e2b6129dcef681dd1910f3bb8f5e1975ce51f72681ed58c.png,126,133,image/png,2281c39f0ab11d6f4e2b6129dcef681dd1910f3bb8f5e1975ce51f72681ed58c,https://www.mssd.uscourts.gov/,https://www.mssd.uscourts.gov/sites/mssd/files/SOUTHERN%20DISTRICT%20OF%20MISSISSIPPI_color3.png,2026-09-12T23:43:35.586502+00:00,Permission not established. Public availability is not a reuse license. Use only for clearly identified court reference; do not imply court endorsement. Check court terms before public deployment.
FD:mssd,United States District Court — Mississippi Southern,,favicon,site_icon,False,United States District Court — Mississippi Southern - official-site icon,images/c9/c96c8cdea312b83693a9c59c47d8f646a4091dcd535dd137cdb30d22165ce852.png,32,32,image/png,c96c8cdea312b83693a9c59c47d8f646a4091dcd535dd137cdb30d22165ce852,https://www.mssd.uscourts.gov/,https://www.mssd.uscourts.gov/sites/all/themes/district/favicon.ico,2026-09-12T23:43:35.751532+00:00,Permission not established. Public availability is not a reuse license. Use only for clearly identified court reference; do not imply court endorsement. Check court terms before public deployment.
FD:mtd,United States District Court — Montana,,court_seal,federal_court_site_mark,True,United States District Court — Montana - official-site identity mark,images/f5/f567c4f5027c17aed2bd82ee31228c0c80e102cfd7f6593c8496f29965778a5b.png,131,133,image/png,f567c4f5027c17aed2bd82ee31228c0c80e102cfd7f6593c8496f29965778a5b,https://www.mtd.uscourts.gov/,https://www.mtd.uscourts.gov/sites/mtd/files/DistMTSeal-sm.png,2026-09-12T23:43:35.888117+00:00,Permission not established. Public availability is not a reuse license. Use only for clearly identified court reference; do not imply court endorsement. Check court terms before public deployment.
FD:mtd,United States District Court — Montana,,favicon,site_icon,False,United States District Court — Montana - official-site icon,images/c9/c96c8cdea312b83693a9c59c47d8f646a4091dcd535dd137cdb30d22165ce852.png,32,32,image/png,c96c8cdea312b83693a9c59c47d8f646a4091dcd535dd137cdb30d22165ce852,https://www.mtd.uscourts.gov/,https://www.mtd.uscourts.gov/sites/all/themes/district/favicon.ico,2026-09-12T23:43:36.040169+00:00,Permission not established. Public availability is not a reuse license. Use only for clearly identified court reference; do not imply court endorsement. Check court terms before public deployment.
FD:nced,United States District Court — North Carolina Eastern,,court_seal,federal_court_site_mark,True,court seal: United States District Court - Eastern District of North Carolina,images/03/03e72c13d8935ff035f98d16945ac48aba9113d150a1ba833b766b3213f7e435.jpg,90,92,image/jpeg,03e72c13d8935ff035f98d16945ac48aba9113d150a1ba833b766b3213f7e435,https://www.nced.uscourts.gov/,https://www.nced.uscourts.gov/images/imagesResponsive/logonoseal_small.jpg,2026-09-12T23:43:35.738413+00:00,Permission not established. Public availability is not a reuse license. Use only for clearly identified court reference; do not imply court endorsement. Check court terms before public deployment.
FD:ncmd,United States District Court — North Carolina Middle,,court_seal,federal_court_site_mark,True,United States District Court — North Carolina Middle - official-site identity mark,images/47/470b16fd230d56838ab6fddb1379249f51dc6a251749083074ffdeeabc178f97.png,126,133,image/png,470b16fd230d56838ab6fddb1379249f51dc6a251749083074ffdeeabc178f97,https://www.ncmd.uscourts.gov/,https://www.ncmd.uscourts.gov/sites/ncmd/files/MDNC_regular_color3_0.png,2026-09-12T23:43:35.955206+00:00,Permission not established. Public availability is not a reuse license. Use only for clearly identified court reference; do not imply court endorsement. Check court terms before public deployment.
FD:ncmd,United States District Court — North Carolina Middle,,favicon,site_icon,False,United States District Court — North Carolina Middle - official-site icon,images/c9/c96c8cdea312b83693a9c59c47d8f646a4091dcd535dd137cdb30d22165ce852.png,32,32,image/png,c96c8cdea312b83693a9c59c47d8f646a4091dcd535dd137cdb30d22165ce852,https://www.ncmd.uscourts.gov/,https://www.ncmd.uscourts.gov/sites/all/themes/district/favicon.ico,2026-09-12T23:43:36.104111+00:00,Permission not established. Public availability is not a reuse license. Use only for clearly identified court reference; do not imply court endorsement. Check court terms before public deployment.
FD:ncwd,United States District Court — North Carolina Western,,court_seal,federal_court_site_mark,True,United States District Court — North Carolina Western - official-site identity mark,images/f7/f749be47af78a9a963efba0917edf35128f18d1694206dc5bcd23b0fc473188b.png,126,133,image/png,f749be47af78a9a963efba0917edf35128f18d1694206dc5bcd23b0fc473188b,https://www.ncwd.uscourts.gov/,https://www.ncwd.uscourts.gov/sites/default/files/ncwd_logo.png,2026-09-12T23:46:31.646617+00:00,Permission not established. Public availability is not a reuse license. Use only for clearly identified court reference; do not imply court endorsement. Check court terms before public deployment.
FD:ncwd,United States District Court — North Carolina Western,,favicon,site_icon,False,United States District Court — North Carolina Western - official-site icon,images/c4/c4e4a7a6a6f1734b9939e03fc58e85eb91a0324967c7b0b26799db493ac138ad.gif,16,16,image/gif,c4e4a7a6a6f1734b9939e03fc58e85eb91a0324967c7b0b26799db493ac138ad,https://www.ncwd.uscourts.gov/,https://www.ncwd.uscourts.gov/sites/all/themes/us_courts_district/favicon.ico,2026-09-12T23:46:31.860879+00:00,Permission not established. Public availability is not a reuse license. Use only for clearly identified court reference; do not imply court endorsement. Check court terms before public deployment.
FD:ndd,United States District Court — North Dakota,,court_seal,federal_court_site_mark,True,United States District Court — North Dakota - official-site identity mark,images/49/4918b884e64f0d46dbff948ee2e15aeeb054642f3d98e05f73f57b5cd4d4c2b7.png,126,133,image/png,4918b884e64f0d46dbff948ee2e15aeeb054642f3d98e05f73f57b5cd4d4c2b7,https://www.ndd.uscourts.gov/,https://www.ndd.uscourts.gov/sites/default/files/DISTRICT%20OF%20NORTH%20DAKOTA_color2.png,2026-09-12T23:46:32.524759+00:00,Permission not established. Public availability is not a reuse license. Use only for clearly identified court reference; do not imply court endorsement. Check court terms before public deployment.
FD:ndd,United States District Court — North Dakota,,favicon,site_icon,False,United States District Court — North Dakota - official-site icon,images/1a/1adbd58c71aba58172f94c8e89a625652079d0bbba1bf4e9c5b1d95860b7abbc.png,114,114,image/png,1adbd58c71aba58172f94c8e89a625652079d0bbba1bf4e9c5b1d95860b7abbc,https://www.ndd.uscourts.gov/,https://www.ndd.uscourts.gov/sites/all/themes/cstbase/apple-touch-icon-114x114.png,2026-09-12T23:46:32.939834+00:00,Permission not established. Public availability is not a reuse license. Use only for clearly identified court reference; do not imply court endorsement. Check court terms before public deployment.
FD:ndd,United States District Court — North Dakota,,favicon,site_icon,False,United States District Court — North Dakota - official-site icon,images/c9/c96c8cdea312b83693a9c59c47d8f646a4091dcd535dd137cdb30d22165ce852.png,32,32,image/png,c96c8cdea312b83693a9c59c47d8f646a4091dcd535dd137cdb30d22165ce852,https://www.ndd.uscourts.gov/,https://www.ndd.uscourts.gov/sites/all/themes/district/favicon.ico,2026-09-12T23:43:37.191095+00:00,Permission not established. Public availability is not a reuse license. Use only for clearly identified court reference; do not imply court endorsement. Check court terms before public deployment.
FD:ned,United States District Court — Nebraska,,court_seal,federal_court_site_mark,True,United States District Court — Nebraska - official-site identity mark,images/9d/9dd9203873ddbe47e1d3ddaf0636848840b2107888ba2d21e58d735407ce7bb5.png,144,144,image/png,9dd9203873ddbe47e1d3ddaf0636848840b2107888ba2d21e58d735407ce7bb5,https://www.ned.uscourts.gov/,https://www.ned.uscourts.gov/sites/default/files/images/seal_neb.png,2026-09-12T23:43:37.586647+00:00,Permission not established. Public availability is not a reuse license. Use only for clearly identified court reference; do not imply court endorsement. Check court terms before public deployment.
FD:ned,United States District Court — Nebraska,,favicon,site_icon,False,United States District Court — Nebraska - official-site icon,images/c9/c96c8cdea312b83693a9c59c47d8f646a4091dcd535dd137cdb30d22165ce852.png,32,32,image/png,c96c8cdea312b83693a9c59c47d8f646a4091dcd535dd137cdb30d22165ce852,https://www.ned.uscourts.gov/,https://www.ned.uscourts.gov/sites/all/themes/district/favicon.ico,2026-09-12T23:43:38.012704+00:00,Permission not established. Public availability is not a reuse license. Use only for clearly identified court reference; do not imply court endorsement. Check court terms before public deployment.
FD:nhd,United States District Court — New Hampshire,,favicon,site_icon,False,United States District Court — New Hampshire - official-site icon,images/c4/c4e4a7a6a6f1734b9939e03fc58e85eb91a0324967c7b0b26799db493ac138ad.gif,16,16,image/gif,c4e4a7a6a6f1734b9939e03fc58e85eb91a0324967c7b0b26799db493ac138ad,https://www.nhd.uscourts.gov/,https://www.nhd.uscourts.gov/sites/all/themes/us_courts_nh1/favicon.ico,2026-09-12T23:43:36.667706+00:00,Permission not established. Public availability is not a reuse license. Use only for clearly identified court reference; do not imply court endorsement. Check court terms before public deployment.
FD:nhd,United States District Court — New Hampshire,,judiciary_logo,shared_federal_judiciary_mark,True,United States District Court — New Hampshire - official-site identity mark,images/d4/d4c4c4a88f66254196ba5fe76b7964fe961aab12bffcb0a334601cdb52a3be22.png,126,133,image/png,d4c4c4a88f66254196ba5fe76b7964fe961aab12bffcb0a334601cdb52a3be22,https://www.nhd.uscourts.gov/,https://www.nhd.uscourts.gov/sites/all/themes/us_courts_nh1/logo.png,2026-09-12T23:43:36.482970+00:00,Permission not established. Public availability is not a reuse license. Use only for clearly identified court reference; do not imply court endorsement. Check court terms before public deployment.
FD:njd,United States District Court — New Jersey,,court_seal,federal_court_site_mark,True,United States District Court — New Jersey - official-site identity mark,images/1e/1eb0f9bc0981a9bbf19935a533cb493def87c7b7abf1f95505175df3eeb1f454.png,126,133,image/png,1eb0f9bc0981a9bbf19935a533cb493def87c7b7abf1f95505175df3eeb1f454,https://www.njd.uscourts.gov/,https://www.njd.uscourts.gov/sites/njd/files/small_njdis_courtseal_color.png,2026-09-12T23:43:36.432888+00:00,Permission not established. Public availability is not a reuse license. Use only for clearly identified court reference; do not imply court endorsement. Check court terms before public deployment.
FD:njd,United States District Court — New Jersey,,favicon,site_icon,False,United States District Court — New Jersey - official-site icon,images/c9/c96c8cdea312b83693a9c59c47d8f646a4091dcd535dd137cdb30d22165ce852.png,32,32,image/png,c96c8cdea312b83693a9c59c47d8f646a4091dcd535dd137cdb30d22165ce852,https://www.njd.uscourts.gov/,https://www.njd.uscourts.gov/sites/all/themes/district/favicon.ico,2026-09-12T23:43:36.611238+00:00,Permission not established. Public availability is not a reuse license. Use only for clearly identified court reference; do not imply court endorsement. Check court terms before public deployment.
FD:nmd,United States District Court — New Mexico,,court_seal,federal_court_site_mark,True,United States District Court — New Mexico - official-site identity mark,images/f6/f615595a22929d1f4c0f57755cf8b7d90141124be7ca5d3f8475bbbad46f989d.png,126,133,image/png,f615595a22929d1f4c0f57755cf8b7d90141124be7ca5d3f8475bbbad46f989d,https://www.nmd.uscourts.gov/,https://www.nmd.uscourts.gov/sites/nmd/files/NMDSeal3.png,2026-09-12T23:43:36.678789+00:00,Permission not established. Public availability is not a reuse license. Use only for clearly identified court reference; do not imply court endorsement. Check court terms before public deployment.
FD:nmd,United States District Court — New Mexico,,favicon,site_icon,False,United States District Court — New Mexico - official-site icon,images/c9/c96c8cdea312b83693a9c59c47d8f646a4091dcd535dd137cdb30d22165ce852.png,32,32,image/png,c96c8cdea312b83693a9c59c47d8f646a4091dcd535dd137cdb30d22165ce852,https://www.nmd.uscourts.gov/,https://www.nmd.uscourts.gov/sites/all/themes/district/favicon.ico,2026-09-12T23:43:36.822060+00:00,Permission not established. Public availability is not a reuse license. Use only for clearly identified court reference; do not imply court endorsement. Check court terms before public deployment.
FD:nmid,United States District Court — Northern Mariana Islands,,favicon,site_icon,False,United States District Court — Northern Mariana Islands - official-site icon,images/46/46a4d9c1e54ba0f8dc9bcad3d55177540e60b77a48f6a9f895f193991140e861.png,120,120,image/png,46a4d9c1e54ba0f8dc9bcad3d55177540e60b77a48f6a9f895f193991140e861,https://www.nmid.uscourts.gov/,https://www.nmid.uscourts.gov/sites/all/themes/district/apple-touch-icon-120x120.png,2026-09-12T23:52:16.277177+00:00,Permission not established. Public availability is not a reuse license. Use only for clearly identified court reference; do not imply court endorsement. Check court terms before public deployment.
FD:nmid,United States District Court — Northern Mariana Islands,,judiciary_logo,shared_federal_judiciary_mark,False,United States District Court — Northern Mariana Islands - official-site identity mark,images/10/103eac7c2c7bcc698c87b1c75a9ef914d4552d731bce49e9c0f2c0bd6986cf62.png,126,133,image/png,103eac7c2c7bcc698c87b1c75a9ef914d4552d731bce49e9c0f2c0bd6986cf62,https://www.nmid.uscourts.gov/,https://www.nmid.uscourts.gov/sites/nmid/files/courtseal126x133.png,2026-09-12T23:52:16.277177+00:00,Permission not established. Public availability is not a reuse license. Use only for clearly identified court reference; do not imply court endorsement. Check court terms before public deployment.
FD:nyed,United States District Court — New York Eastern,,court_logo,federal_court_site_mark,True,U.S. courts Logo,images/fa/fa23ce5a2fc149d8c9b6597f1ead8cce8086d224e6de9a9b58ff33457a7ef4b5.svg,327.0,77.0,image/svg+xml,fa23ce5a2fc149d8c9b6597f1ead8cce8086d224e6de9a9b58ff33457a7ef4b5,https://www.nyed.uscourts.gov/,https://www.nyed.uscourts.gov/themes/custom/uscourts_nyed/dist/images/footer_logo_new.svg,2026-09-12T23:43:36.848696+00:00,Permission not established. Public availability is not a reuse license. Use only for clearly identified court reference; do not imply court endorsement. Check court terms before public deployment.
FD:nyed,United States District Court — New York Eastern,,court_logo,federal_court_site_mark,True,United States District Court — New York Eastern - official-site identity mark,images/8a/8a30488cc679c1aeb044668bfadabd738081cb0f5465c9108ff66d3b51319cb3.svg,280.0,65.0,image/svg+xml,8a30488cc679c1aeb044668bfadabd738081cb0f5465c9108ff66d3b51319cb3,https://www.nyed.uscourts.gov/,https://www.nyed.uscourts.gov/themes/custom/uscourts_nyed/dist/images/logo_new.svg,2026-09-12T23:43:37.155803+00:00,Permission not established. Public availability is not a reuse license. Use only for clearly identified court reference; do not imply court endorsement. Check court terms before public deployment.
FD:nyed,United States District Court — New York Eastern,,favicon,site_icon,True,United States District Court — New York Eastern - official-site icon,images/84/84bdefe07027ed90292fe769df672a43573e85b1c4d6e29c278e494b9142af88.ico,48,48,image/x-icon,84bdefe07027ed90292fe769df672a43573e85b1c4d6e29c278e494b9142af88,https://www.nyed.uscourts.gov/,https://www.nyed.uscourts.gov/themes/custom/uscourts_nyed/favicon/favicon.ico,2026-09-12T23:43:37.336982+00:00,Permission not established. Public availability is not a reuse license. Use only for clearly identified court reference; do not imply court endorsement. Check court terms before public deployment.
FD:nynd,United States District Court — New York Northern,,favicon,site_icon,False,United States District Court — New York Northern - official-site icon,images/46/46a4d9c1e54ba0f8dc9bcad3d55177540e60b77a48f6a9f895f193991140e861.png,120,120,image/png,46a4d9c1e54ba0f8dc9bcad3d55177540e60b77a48f6a9f895f193991140e861,https://www.nynd.uscourts.gov/,https://www.nynd.uscourts.gov/sites/all/themes/district/apple-touch-icon-120x120.png,2026-09-12T23:43:36.974100+00:00,Permission not established. Public availability is not a reuse license. Use only for clearly identified court reference; do not imply court endorsement. Check court terms before public deployment.
FD:nynd,United States District Court — New York Northern,,judiciary_logo,shared_federal_judiciary_mark,False,United States District Court — New York Northern - official-site identity mark,images/b8/b847d500b7d42944f230b4fb5b96bfe77ae498b157fe06517e607a93ee94d8ff.png,126,133,image/png,b847d500b7d42944f230b4fb5b96bfe77ae498b157fe06517e607a93ee94d8ff,https://www.nynd.uscourts.gov/,https://www.nynd.uscourts.gov/sites/all/themes/district/logo.png,2026-09-12T23:43:36.834271+00:00,Permission not established. Public availability is not a reuse license. Use only for clearly identified court reference; do not imply court endorsement. Check court terms before public deployment.
FD:nysd,United States District Court — New York Southern,,court_logo,federal_court_site_mark,True,US District Court • Southern District of New York,images/06/0633aa18528b1e38b35e54c16d39b5c0903467672be11a43d320d8c05a5801d8.png,307,73,image/png,0633aa18528b1e38b35e54c16d39b5c0903467672be11a43d320d8c05a5801d8,https://www.nysd.uscourts.gov/,https://www.nysd.uscourts.gov/themes/sdny_sub/images/SDNY_Logo.png,2026-09-12T23:43:19.462632+00:00,Permission not established. Public availability is not a reuse license. Use only for clearly identified court reference; do not imply court endorsement. Check court terms before public deployment.
FD:nysd,United States District Court — New York Southern,,favicon,site_icon,True,United States District Court — New York Southern - official-site icon,images/89/898bb08fc99bc3c6239271c65fe0c7ad1e27683d7cc0a36de8b73f69d7fc253a.ico,48,48,image/x-icon,898bb08fc99bc3c6239271c65fe0c7ad1e27683d7cc0a36de8b73f69d7fc253a,https://www.nysd.uscourts.gov/,https://www.nysd.uscourts.gov/themes/sdny_sub/favicon.ico,2026-09-12T23:43:19.953579+00:00,Permission not established. Public availability is not a reuse license. Use only for clearly identified court reference; do not imply court endorsement. Check court terms before public deployment.
FD:nywd,United States District Court — New York Western,,favicon,site_icon,False,United States District Court — New York Western - official-site icon,images/46/46a4d9c1e54ba0f8dc9bcad3d55177540e60b77a48f6a9f895f193991140e861.png,120,120,image/png,46a4d9c1e54ba0f8dc9bcad3d55177540e60b77a48f6a9f895f193991140e861,https://www.nywd.uscourts.gov/,https://www.nywd.uscourts.gov/sites/all/themes/district/apple-touch-icon-120x120.png,2026-09-12T23:46:31.260959+00:00,Permission not established. Public availability is not a reuse license. Use only for clearly identified court reference; do not imply court endorsement. Check court terms before public deployment.
FD:nywd,United States District Court — New York Western,,favicon,site_icon,False,United States District Court — New York Western - official-site icon,images/c9/c96c8cdea312b83693a9c59c47d8f646a4091dcd535dd137cdb30d22165ce852.png,32,32,image/png,c96c8cdea312b83693a9c59c47d8f646a4091dcd535dd137cdb30d22165ce852,https://www.nywd.uscourts.gov/,https://www.nywd.uscourts.gov/sites/all/themes/district/favicon.ico,2026-09-12T23:43:36.832152+00:00,Permission not established. Public availability is not a reuse license. Use only for clearly identified court reference; do not imply court endorsement. Check court terms before public deployment.
FD:nywd,United States District Court — New York Western,,judiciary_logo,shared_federal_judiciary_mark,False,United States District Court — New York Western - official-site identity mark,images/b8/b847d500b7d42944f230b4fb5b96bfe77ae498b157fe06517e607a93ee94d8ff.png,126,133,image/png,b847d500b7d42944f230b4fb5b96bfe77ae498b157fe06517e607a93ee94d8ff,https://www.nywd.uscourts.gov/,https://www.nywd.uscourts.gov/sites/all/themes/district/logo.png,2026-09-12T23:46:31.084431+00:00,Permission not established. Public availability is not a reuse license. Use only for clearly identified court reference; do not imply court endorsement. Check court terms before public deployment.
FD:ohnd,United States District Court — Ohio Northern,,court_seal,federal_court_site_mark,True,United States District Court — Ohio Northern - official-site identity mark,images/c3/c311636bf1dfa743d4e0b28b40042f1b03bac6b95211e2e7ed1a89efbf5b385f.png,155,143,image/png,c311636bf1dfa743d4e0b28b40042f1b03bac6b95211e2e7ed1a89efbf5b385f,https://www.ohnd.uscourts.gov/,https://www.ohnd.uscourts.gov/sites/ohnd/files/Large-Gold_Seal_155_143.png,2026-09-12T23:43:37.171843+00:00,Permission not established. Public availability is not a reuse license. Use only for clearly identified court reference; do not imply court endorsement. Check court terms before public deployment.
FD:ohnd,United States District Court — Ohio Northern,,favicon,site_icon,False,United States District Court — Ohio Northern - official-site icon,images/c9/c96c8cdea312b83693a9c59c47d8f646a4091dcd535dd137cdb30d22165ce852.png,32,32,image/png,c96c8cdea312b83693a9c59c47d8f646a4091dcd535dd137cdb30d22165ce852,https://www.ohnd.uscourts.gov/,https://www.ohnd.uscourts.gov/sites/all/themes/district/favicon.ico,2026-09-12T23:43:37.327982+00:00,Permission not established. Public availability is not a reuse license. Use only for clearly identified court reference; do not imply court endorsement. Check court terms before public deployment.
FD:ohsd,United States District Court — Ohio Southern,,favicon,site_icon,False,United States District Court — Ohio Southern - official-site icon,images/46/46a4d9c1e54ba0f8dc9bcad3d55177540e60b77a48f6a9f895f193991140e861.png,120,120,image/png,46a4d9c1e54ba0f8dc9bcad3d55177540e60b77a48f6a9f895f193991140e861,https://www.ohsd.uscourts.gov/,https://www.ohsd.uscourts.gov/sites/all/themes/district/apple-touch-icon-120x120.png,2026-09-12T23:52:17.153474+00:00,Permission not established. Public availability is not a reuse license. Use only for clearly identified court reference; do not imply court endorsement. Check court terms before public deployment.
FD:ohsd,United States District Court — Ohio Southern,,judiciary_logo,shared_federal_judiciary_mark,False,United States District Court — Ohio Southern - official-site identity mark,images/b8/b847d500b7d42944f230b4fb5b96bfe77ae498b157fe06517e607a93ee94d8ff.png,126,133,image/png,b847d500b7d42944f230b4fb5b96bfe77ae498b157fe06517e607a93ee94d8ff,https://www.ohsd.uscourts.gov/,https://www.ohsd.uscourts.gov/sites/all/themes/district/logo.png,2026-09-12T23:52:16.995913+00:00,Permission not established. Public availability is not a reuse license. Use only for clearly identified court reference; do not imply court endorsement. Check court terms before public deployment.
FD:oked,United States District Court — Oklahoma Eastern,,court_seal,federal_court_site_mark,True,United States District Court — Oklahoma Eastern - official-site identity mark,images/0a/0af0fb09fa289001e13c3c411193dbddd1203d512993ac8bc4705471bb24db72.png,126,133,image/png,0af0fb09fa289001e13c3c411193dbddd1203d512993ac8bc4705471bb24db72,https://www.oked.uscourts.gov/,https://www.oked.uscourts.gov/sites/oked/files/EasternDistOklahoma3.png,2026-09-12T23:46:31.499033+00:00,Permission not established. Public availability is not a reuse license. Use only for clearly identified court reference; do not imply court endorsement. Check court terms before public deployment.
FD:oked,United States District Court — Oklahoma Eastern,,favicon,site_icon,False,United States District Court — Oklahoma Eastern - official-site icon,images/46/46a4d9c1e54ba0f8dc9bcad3d55177540e60b77a48f6a9f895f193991140e861.png,120,120,image/png,46a4d9c1e54ba0f8dc9bcad3d55177540e60b77a48f6a9f895f193991140e861,https://www.oked.uscourts.gov/,https://www.oked.uscourts.gov/sites/all/themes/district/apple-touch-icon-120x120.png,2026-09-12T23:46:31.656615+00:00,Permission not established. Public availability is not a reuse license. Use only for clearly identified court reference; do not imply court endorsement. Check court terms before public deployment.
FD:oknd,United States District Court — Oklahoma Northern,,court_seal,federal_court_site_mark,True,United States District Court — Oklahoma Northern - official-site identity mark,images/f0/f01dea02a585315d7893d94e807ccac1a81ee5b25658e3a63343328d33ff2743.png,126,133,image/png,f01dea02a585315d7893d94e807ccac1a81ee5b25658e3a63343328d33ff2743,https://www.oknd.uscourts.gov/,https://www.oknd.uscourts.gov/sites/default/files/seal.png,2026-09-12T23:46:31.616536+00:00,Permission not established. Public availability is not a reuse license. Use only for clearly identified court reference; do not imply court endorsement. Check court terms before public deployment.
FD:oknd,United States District Court — Oklahoma Northern,,favicon,site_icon,True,apple-touch-icon-precomposed,images/59/59be5be9bdcff21e2fb268d8d97bc38c5485faebbd4a8d3639f640ef131047c6.png,114,114,image/png,59be5be9bdcff21e2fb268d8d97bc38c5485faebbd4a8d3639f640ef131047c6,https://www.oknd.uscourts.gov/,https://www.oknd.uscourts.gov/sites/all/themes/cstbase/apple-touch-icon-precomposed.png,2026-09-12T23:46:31.760272+00:00,Permission not established. Public availability is not a reuse license. Use only for clearly identified court reference; do not imply court endorsement. Check court terms before public deployment.
FD:oknd,United States District Court — Oklahoma Northern,,favicon,site_icon,False,United States District Court — Oklahoma Northern - official-site icon,images/c9/c96c8cdea312b83693a9c59c47d8f646a4091dcd535dd137cdb30d22165ce852.png,32,32,image/png,c96c8cdea312b83693a9c59c47d8f646a4091dcd535dd137cdb30d22165ce852,https://www.oknd.uscourts.gov/,https://www.oknd.uscourts.gov/sites/all/themes/district/favicon.ico,2026-09-12T23:43:38.013705+00:00,Permission not established. Public availability is not a reuse license. Use only for clearly identified court reference; do not imply court endorsement. Check court terms before public deployment.
FD:okwd,United States District Court — Oklahoma Western,,court_seal,federal_court_site_mark,True,United States District Court — Oklahoma Western - official-site identity mark,images/65/65fd1f908de1748ebc262df42baa36c407aab6f047c1394a309a9d3e9a3cdcc8.png,150,157,image/png,65fd1f908de1748ebc262df42baa36c407aab6f047c1394a309a9d3e9a3cdcc8,https://www.okwd.uscourts.gov/,https://www.okwd.uscourts.gov/sites/okwd/files/WESTERN%20DISTRICT%20OF%20OKLAHOMA_seal_regular_color3%20copy_1.png,2026-09-12T23:43:37.532729+00:00,Permission not established. Public availability is not a reuse license. Use only for clearly identified court reference; do not imply court endorsement. Check court terms before public deployment.
FD:okwd,United States District Court — Oklahoma Western,,favicon,site_icon,True,United States District Court — Oklahoma Western - official-site icon,images/3b/3b7c369127698c28797fbdbb0c1943e98ee63228afe70138d81faf595f34edb9.png,126,133,image/png,3b7c369127698c28797fbdbb0c1943e98ee63228afe70138d81faf595f34edb9,https://www.okwd.uscourts.gov/,https://www.okwd.uscourts.gov/sites/okwd/files/WESTERN%20DISTRICT%20OF%20OKLAHOMA_seal_regular_color3_0.png,2026-09-12T23:43:38.201093+00:00,Permission not established. Public availability is not a reuse license. Use only for clearly identified court reference; do not imply court endorsement. Check court terms before public deployment.
FD:paed,United States District Court — Pennsylvania Eastern,,court_seal,federal_court_site_mark,True,United States District Court — Pennsylvania Eastern - official-site identity mark,images/66/6670aab43d7826084174ca6afe573583fa199447ef74e9fb8f24d578918e6e06.png,126,133,image/png,6670aab43d7826084174ca6afe573583fa199447ef74e9fb8f24d578918e6e06,https://www.paed.uscourts.gov/,https://www.paed.uscourts.gov/sites/paed/files/courtseal.png,2026-09-12T23:43:38.025876+00:00,Permission not established. Public availability is not a reuse license. Use only for clearly identified court reference; do not imply court endorsement. Check court terms before public deployment.
FD:paed,United States District Court — Pennsylvania Eastern,,favicon,site_icon,False,United States District Court — Pennsylvania Eastern - official-site icon,images/c9/c96c8cdea312b83693a9c59c47d8f646a4091dcd535dd137cdb30d22165ce852.png,32,32,image/png,c96c8cdea312b83693a9c59c47d8f646a4091dcd535dd137cdb30d22165ce852,https://www.paed.uscourts.gov/,https://www.paed.uscourts.gov/sites/all/themes/district/favicon.ico,2026-09-12T23:43:38.185963+00:00,Permission not established. Public availability is not a reuse license. Use only for clearly identified court reference; do not imply court endorsement. Check court terms before public deployment.
FD:pamd,United States District Court — Pennsylvania Middle,,court_seal,federal_court_site_mark,True,United States District Court — Pennsylvania Middle - official-site identity mark,images/87/877c10ed74d0a860625d971aeeeea9ca975e08e04c18336aed7b9d2a01f981b1.png,128,125,image/png,877c10ed74d0a860625d971aeeeea9ca975e08e04c18336aed7b9d2a01f981b1,https://www.pamd.uscourts.gov/,https://www.pamd.uscourts.gov/sites/pamd/files/trans_seal_2.png,2026-09-12T23:43:37.705069+00:00,Permission not established. Public availability is not a reuse license. Use only for clearly identified court reference; do not imply court endorsement. Check court terms before public deployment.
FD:pamd,United States District Court — Pennsylvania Middle,,favicon,site_icon,True,United States District Court — Pennsylvania Middle - official-site icon,images/5a/5aff43cfa0f30487df13d0a6374caaf26c12cf42c530fd9f222e33db429fe2cd.ico,32,32,image/x-icon,5aff43cfa0f30487df13d0a6374caaf26c12cf42c530fd9f222e33db429fe2cd,https://www.pamd.uscourts.gov/,https://www.pamd.uscourts.gov/sites/pamd/files/favicon_0.ico,2026-09-12T23:43:37.989838+00:00,Permission not established. Public availability is not a reuse license. Use only for clearly identified court reference; do not imply court endorsement. Check court terms before public deployment.
FD:pawd,United States District Court — Pennsylvania Western,,court_seal,federal_court_site_mark,True,United States District Court — Pennsylvania Western - official-site identity mark,images/78/78aa0c89541e4306e93880a2181576ba78b303761c31bac508a50e6d8f402879.png,130,130,image/png,78aa0c89541e4306e93880a2181576ba78b303761c31bac508a50e6d8f402879,https://www.pawd.uscourts.gov/,https://www.pawd.uscourts.gov/sites/pawd/files/PAWD_Seal_Web.png,2026-09-12T23:43:38.126904+00:00,Permission not established. Public availability is not a reuse license. Use only for clearly identified court reference; do not imply court endorsement. Check court terms before public deployment.
FD:pawd,United States District Court — Pennsylvania Western,,favicon,site_icon,False,United States District Court — Pennsylvania Western - official-site icon,images/c9/c96c8cdea312b83693a9c59c47d8f646a4091dcd535dd137cdb30d22165ce852.png,32,32,image/png,c96c8cdea312b83693a9c59c47d8f646a4091dcd535dd137cdb30d22165ce852,https://www.pawd.uscourts.gov/,https://www.pawd.uscourts.gov/sites/all/themes/district/favicon.ico,2026-09-12T23:43:38.262746+00:00,Permission not established. Public availability is not a reuse license. Use only for clearly identified court reference; do not imply court endorsement. Check court terms before public deployment.
FD:prd,United States District Court — Puerto Rico,,court_logo,federal_court_site_mark,True,United States District Court — Puerto Rico - official-site identity mark,images/57/57c3f1eda0a6c8cc8dafa198e16eb85889eb19e6c1671da197f9531b8d60ea78.png,128,128,image/png,57c3f1eda0a6c8cc8dafa198e16eb85889eb19e6c1671da197f9531b8d60ea78,https://www.prd.uscourts.gov/,https://www.prd.uscourts.gov/sites/default/files/Coin_White_128_x_128.png,2026-09-12T23:46:31.757155+00:00,Permission not established. Public availability is not a reuse license. Use only for clearly identified court reference; do not imply court endorsement. Check court terms before public deployment.
FD:prd,United States District Court — Puerto Rico,,favicon,site_icon,False,United States District Court — Puerto Rico - official-site icon,images/1a/1adbd58c71aba58172f94c8e89a625652079d0bbba1bf4e9c5b1d95860b7abbc.png,114,114,image/png,1adbd58c71aba58172f94c8e89a625652079d0bbba1bf4e9c5b1d95860b7abbc,https://www.prd.uscourts.gov/,https://www.prd.uscourts.gov/sites/all/themes/cstbase/apple-touch-icon-114x114.png,2026-09-12T23:46:31.918241+00:00,Permission not established. Public availability is not a reuse license. Use only for clearly identified court reference; do not imply court endorsement. Check court terms before public deployment.
FD:rid,United States District Court — Rhode Island,,court_seal,federal_court_site_mark,True,United States District Court — Rhode Island - official-site identity mark,images/59/5959e9ae4124aa5c89948387f88656327e22fc787e8b04482f8c03ea30360a61.png,126,133,image/png,5959e9ae4124aa5c89948387f88656327e22fc787e8b04482f8c03ea30360a61,https://www.rid.uscourts.gov/,https://www.rid.uscourts.gov/sites/rid/files/DISTRICT%20OF%20RHODE%20ISLAND_seal_regular_color3.png,2026-09-12T23:43:38.396292+00:00,Permission not established. Public availability is not a reuse license. Use only for clearly identified court reference; do not imply court endorsement. Check court terms before public deployment.
FD:rid,United States District Court — Rhode Island,,favicon,site_icon,False,United States District Court — Rhode Island - official-site icon,images/c9/c96c8cdea312b83693a9c59c47d8f646a4091dcd535dd137cdb30d22165ce852.png,32,32,image/png,c96c8cdea312b83693a9c59c47d8f646a4091dcd535dd137cdb30d22165ce852,https://www.rid.uscourts.gov/,https://www.rid.uscourts.gov/sites/all/themes/district/favicon.ico,2026-09-12T23:43:38.541942+00:00,Permission not established. Public availability is not a reuse license. Use only for clearly identified court reference; do not imply court endorsement. Check court terms before public deployment.
FD:scd,United States District Court — South Carolina,,court_logo,federal_court_site_mark,True,USDCSC Logo,images/d7/d76fe5fdf3e1e82a45cd3951d22d122781f6cf8b0dad736660b6c749efe59a5f.gif,780,114,image/gif,d76fe5fdf3e1e82a45cd3951d22d122781f6cf8b0dad736660b6c749efe59a5f,https://www.scd.uscourts.gov/,https://www.scd.uscourts.gov/Graphics/top_grey.gif,2026-09-12T23:43:38.104044+00:00,Permission not established. Public availability is not a reuse license. Use only for clearly identified court reference; do not imply court endorsement. Check court terms before public deployment.
FD:sdd,United States District Court — South Dakota,,court_seal,federal_court_site_mark,True,United States District Court — South Dakota - official-site identity mark,images/4f/4f11ead9626eb72e6e99d9fab923becf944d8fb0a746b95e7a243facddcd40cb.png,126,133,image/png,4f11ead9626eb72e6e99d9fab923becf944d8fb0a746b95e7a243facddcd40cb,https://www.sdd.uscourts.gov/,https://www.sdd.uscourts.gov/sites/sdd/files/logosd.png,2026-09-12T23:46:31.851704+00:00,Permission not established. Public availability is not a reuse license. Use only for clearly identified court reference; do not imply court endorsement. Check court terms before public deployment.
FD:sdd,United States District Court — South Dakota,,favicon,site_icon,False,United States District Court — South Dakota - official-site icon,images/46/46a4d9c1e54ba0f8dc9bcad3d55177540e60b77a48f6a9f895f193991140e861.png,120,120,image/png,46a4d9c1e54ba0f8dc9bcad3d55177540e60b77a48f6a9f895f193991140e861,https://www.sdd.uscourts.gov/,https://www.sdd.uscourts.gov/sites/all/themes/district/apple-touch-icon-120x120.png,2026-09-12T23:46:32.000308+00:00,Permission not established. Public availability is not a reuse license. Use only for clearly identified court reference; do not imply court endorsement. Check court terms before public deployment.
FD:tned,United States District Court — Tennessee Eastern,,court_logo,federal_court_site_mark,True,United States District Court — Tennessee Eastern - official-site identity mark,images/cd/cdca2dffa3f4d9d6bde761e2493684e314655630c0b8e9c981bf308713fdf7f4.png,130,140,image/png,cdca2dffa3f4d9d6bde761e2493684e314655630c0b8e9c981bf308713fdf7f4,https://www.tned.uscourts.gov/,https://www.tned.uscourts.gov/sites/tned/files/logo_0_0.png,2026-09-12T23:52:17.261132+00:00,Permission not established. Public availability is not a reuse license. Use only for clearly identified court reference; do not imply court endorsement. Check court terms before public deployment.
FD:tned,United States District Court — Tennessee Eastern,,favicon,site_icon,False,United States District Court — Tennessee Eastern - official-site icon,images/46/46a4d9c1e54ba0f8dc9bcad3d55177540e60b77a48f6a9f895f193991140e861.png,120,120,image/png,46a4d9c1e54ba0f8dc9bcad3d55177540e60b77a48f6a9f895f193991140e861,https://www.tned.uscourts.gov/,https://www.tned.uscourts.gov/sites/all/themes/district/apple-touch-icon-120x120.png,2026-09-12T23:52:17.407547+00:00,Permission not established. Public availability is not a reuse license. Use only for clearly identified court reference; do not imply court endorsement. Check court terms before public deployment.
FD:tnmd,United States District Court — Tennessee Middle,,court_seal,federal_court_site_mark,True,United States District Court — Tennessee Middle - official-site identity mark,images/f3/f3c01de1691e861204479839dd4c0afa3f5ee4515af957f2332b4a9937e1f632.png,164,171,image/png,f3c01de1691e861204479839dd4c0afa3f5ee4515af957f2332b4a9937e1f632,https://www.tnmd.uscourts.gov/,https://www.tnmd.uscourts.gov/sites/tnmd/files/TNMD_Seal_g2a_2.png,2026-09-12T23:43:38.646035+00:00,Permission not established. Public availability is not a reuse license. Use only for clearly identified court reference; do not imply court endorsement. Check court terms before public deployment.
FD:tnmd,United States District Court — Tennessee Middle,,favicon,site_icon,False,United States District Court — Tennessee Middle - official-site icon,images/c9/c96c8cdea312b83693a9c59c47d8f646a4091dcd535dd137cdb30d22165ce852.png,32,32,image/png,c96c8cdea312b83693a9c59c47d8f646a4091dcd535dd137cdb30d22165ce852,https://www.tnmd.uscourts.gov/,https://www.tnmd.uscourts.gov/sites/all/themes/district/favicon.ico,2026-09-12T23:43:38.810664+00:00,Permission not established. Public availability is not a reuse license. Use only for clearly identified court reference; do not imply court endorsement. Check court terms before public deployment.
FD:tnwd,United States District Court — Tennessee Western,,court_seal,federal_court_site_mark,True,United States District Court — Tennessee Western - official-site identity mark,images/ff/ffbde2969d7d2565be66eacabd6918133f8da9a3d24f68d3ba8da1738661c4f3.png,126,133,image/png,ffbde2969d7d2565be66eacabd6918133f8da9a3d24f68d3ba8da1738661c4f3,https://www.tnwd.uscourts.gov/,https://www.tnwd.uscourts.gov/sites/tnwd/files/0_WEBtnwdSMALL3.png,2026-09-12T23:43:39.037454+00:00,Permission not established. Public availability is not a reuse license. Use only for clearly identified court reference; do not imply court endorsement. Check court terms before public deployment.
FD:tnwd,United States District Court — Tennessee Western,,favicon,site_icon,False,United States District Court — Tennessee Western - official-site icon,images/c9/c96c8cdea312b83693a9c59c47d8f646a4091dcd535dd137cdb30d22165ce852.png,32,32,image/png,c96c8cdea312b83693a9c59c47d8f646a4091dcd535dd137cdb30d22165ce852,https://www.tnwd.uscourts.gov/,https://www.tnwd.uscourts.gov/sites/all/themes/district/favicon.ico,2026-09-12T23:43:39.192619+00:00,Permission not established. Public availability is not a reuse license. Use only for clearly identified court reference; do not imply court endorsement. Check court terms before public deployment.
FD:txed,United States District Court — Texas Eastern,,favicon,site_icon,False,United States District Court — Texas Eastern - official-site icon,images/c4/c4e4a7a6a6f1734b9939e03fc58e85eb91a0324967c7b0b26799db493ac138ad.gif,16,16,image/gif,c4e4a7a6a6f1734b9939e03fc58e85eb91a0324967c7b0b26799db493ac138ad,https://www.txed.uscourts.gov/,https://www.txed.uscourts.gov/sites/all/themes/us_courts_district/favicon.ico,2026-09-12T23:43:39.331882+00:00,Permission not established. Public availability is not a reuse license. Use only for clearly identified court reference; do not imply court endorsement. Check court terms before public deployment.
FD:txed,United States District Court — Texas Eastern,,judiciary_logo,shared_federal_judiciary_mark,True,United States District Court — Texas Eastern - official-site identity mark,images/a6/a62d0f6782977f0948cf68f3458f5d2ec35fb6ac6de85b597d5ca645cb3c900d.png,196,200,image/png,a62d0f6782977f0948cf68f3458f5d2ec35fb6ac6de85b597d5ca645cb3c900d,https://www.txed.uscourts.gov/,https://www.txed.uscourts.gov/sites/all/themes/us_courts_district/logo.png,2026-09-12T23:43:39.180343+00:00,Permission not established. Public availability is not a reuse license. Use only for clearly identified court reference; do not imply court endorsement. Check court terms before public deployment.
FD:txnd,United States District Court — Texas Northern,,favicon,site_icon,False,United States District Court — Texas Northern - official-site icon,images/c4/c4e4a7a6a6f1734b9939e03fc58e85eb91a0324967c7b0b26799db493ac138ad.gif,16,16,image/gif,c4e4a7a6a6f1734b9939e03fc58e85eb91a0324967c7b0b26799db493ac138ad,https://www.txnd.uscourts.gov/,https://www.txnd.uscourts.gov/sites/all/themes/us_courts_district/favicon.ico,2026-09-12T23:43:39.787902+00:00,Permission not established. Public availability is not a reuse license. Use only for clearly identified court reference; do not imply court endorsement. Check court terms before public deployment.
FD:txnd,United States District Court — Texas Northern,,judiciary_logo,shared_federal_judiciary_mark,True,United States District Court — Texas Northern - official-site identity mark,images/f2/f226798b97e5269519483e8d593d6108d1807682c5cd9851d77a845a91476b4b.png,400,389,image/png,f226798b97e5269519483e8d593d6108d1807682c5cd9851d77a845a91476b4b,https://www.txnd.uscourts.gov/,https://www.txnd.uscourts.gov/sites/all/themes/us_courts_district/logo.png,2026-09-12T23:43:39.516686+00:00,Permission not established. Public availability is not a reuse license. Use only for clearly identified court reference; do not imply court endorsement. Check court terms before public deployment.
FD:txsd,United States District Court — Texas Southern,,favicon,site_icon,False,United States District Court — Texas Southern - official-site icon,images/c9/c96c8cdea312b83693a9c59c47d8f646a4091dcd535dd137cdb30d22165ce852.png,32,32,image/png,c96c8cdea312b83693a9c59c47d8f646a4091dcd535dd137cdb30d22165ce852,https://www.txs.uscourts.gov/,https://www.txs.uscourts.gov/sites/all/themes/opps/favicon.ico,2026-09-12T23:43:38.472855+00:00,Permission not established. Public availability is not a reuse license. Use only for clearly identified court reference; do not imply court endorsement. Check court terms before public deployment.
FD:txsd,United States District Court — Texas Southern,,judiciary_logo,shared_federal_judiciary_mark,False,United States District Court — Texas Southern - official-site identity mark,images/ae/ae74d274ee0a5836f10734632e2ba42ab557984f7b7c57d668502add096942df.png,126,133,image/png,ae74d274ee0a5836f10734632e2ba42ab557984f7b7c57d668502add096942df,https://www.txs.uscourts.gov/,https://www.txs.uscourts.gov/sites/txs/files/sdtx_logo_0_0.png,2026-09-12T23:43:38.471715+00:00,Permission not established. Public availability is not a reuse license. Use only for clearly identified court reference; do not imply court endorsement. Check court terms before public deployment.
FD:txwd,United States District Court — Texas Western,,court_logo,federal_court_site_mark,True,Western District of Texas,images/7b/7bfe3e3d27bf821dfa4dc2c918a9b76e74d7261f010736b502199695369aac6f.png,486,130,image/png,7bfe3e3d27bf821dfa4dc2c918a9b76e74d7261f010736b502199695369aac6f,https://www.txwd.uscourts.gov/,https://www.txwd.uscourts.gov/wp-content/uploads/2017/12/Logo.png,2026-09-12T23:43:38.936831+00:00,Permission not established. Public availability is not a reuse license. Use only for clearly identified court reference; do not imply court endorsement. Check court terms before public deployment.
FD:txwd,United States District Court — Texas Western,,favicon,site_icon,True,United States District Court — Texas Western - official-site icon,images/7b/7bbe818ddb8f47e4d0dda5deef7fb7e564a7263ac6cb5e22b228fb080160c427.png,100,100,image/png,7bbe818ddb8f47e4d0dda5deef7fb7e564a7263ac6cb5e22b228fb080160c427,https://www.txwd.uscourts.gov/,https://www.txwd.uscourts.gov/wp-content/uploads/2017/07/DC-Seal-100x100.png,2026-09-12T23:43:39.143024+00:00,Permission not established. Public availability is not a reuse license. Use only for clearly identified court reference; do not imply court endorsement. Check court terms before public deployment.
FD:utd,United States District Court — Utah,,judiciary_logo,shared_federal_judiciary_mark,False,United States District Court — Utah - official-site identity mark,images/b8/b847d500b7d42944f230b4fb5b96bfe77ae498b157fe06517e607a93ee94d8ff.png,126,133,image/png,b847d500b7d42944f230b4fb5b96bfe77ae498b157fe06517e607a93ee94d8ff,https://www.utd.uscourts.gov/,https://www.utd.uscourts.gov/sites/all/themes/district/logo.png,2026-09-12T23:43:39.034456+00:00,Permission not established. Public availability is not a reuse license. Use only for clearly identified court reference; do not imply court endorsement. Check court terms before public deployment.
FD:vaed,United States District Court — Virginia Eastern,,court_seal,federal_court_site_mark,True,United States District Court — Virginia Eastern - official-site identity mark,images/73/732710bd99b2e088eda3d6da9a134441993c7e30af20443b08fba24c8cb53a17.png,126,133,image/png,732710bd99b2e088eda3d6da9a134441993c7e30af20443b08fba24c8cb53a17,https://www.vaed.uscourts.gov/,https://www.vaed.uscourts.gov/sites/vaed/files/easternDist_VA_color2.png,2026-09-12T23:46:33.657241+00:00,Permission not established. Public availability is not a reuse license. Use only for clearly identified court reference; do not imply court endorsement. Check court terms before public deployment.
FD:vaed,United States District Court — Virginia Eastern,,favicon,site_icon,False,United States District Court — Virginia Eastern - official-site icon,images/46/46a4d9c1e54ba0f8dc9bcad3d55177540e60b77a48f6a9f895f193991140e861.png,120,120,image/png,46a4d9c1e54ba0f8dc9bcad3d55177540e60b77a48f6a9f895f193991140e861,https://www.vaed.uscourts.gov/,https://www.vaed.uscourts.gov/sites/all/themes/district/apple-touch-icon-120x120.png,2026-09-12T23:46:33.806178+00:00,Permission not established. Public availability is not a reuse license. Use only for clearly identified court reference; do not imply court endorsement. Check court terms before public deployment.
FD:vawd,United States District Court — Virginia Western,,court_seal,federal_court_site_mark,True,United States District Court — Virginia Western - official-site identity mark,images/58/5859fd7686802438f46a22257d810b7eee9e51408c394715dbfacd263e85b7ec.png,126,133,image/png,5859fd7686802438f46a22257d810b7eee9e51408c394715dbfacd263e85b7ec,https://www.vawd.uscourts.gov/,https://www.vawd.uscourts.gov/sites/Public/assets/images/logo.png,2026-09-12T23:43:41.636555+00:00,Permission not established. Public availability is not a reuse license. Use only for clearly identified court reference; do not imply court endorsement. Check court terms before public deployment.
FD:vid,United States District Court — Virgin Islands,,favicon,site_icon,False,United States District Court — Virgin Islands - official-site icon,images/46/46a4d9c1e54ba0f8dc9bcad3d55177540e60b77a48f6a9f895f193991140e861.png,120,120,image/png,46a4d9c1e54ba0f8dc9bcad3d55177540e60b77a48f6a9f895f193991140e861,https://www.vid.uscourts.gov/,https://www.vid.uscourts.gov/sites/all/themes/district/apple-touch-icon-120x120.png,2026-09-12T23:52:16.848205+00:00,Permission not established. Public availability is not a reuse license. Use only for clearly identified court reference; do not imply court endorsement. Check court terms before public deployment.
FD:vid,United States District Court — Virgin Islands,,judiciary_logo,shared_federal_judiciary_mark,False,United States District Court — Virgin Islands - official-site identity mark,images/0a/0a9d7b1a5b6fd62760d393eed8df61ad44cfaccd0b2e3faec9dbc58c236d6a82.png,126,133,image/png,0a9d7b1a5b6fd62760d393eed8df61ad44cfaccd0b2e3faec9dbc58c236d6a82,https://www.vid.uscourts.gov/,https://www.vid.uscourts.gov/sites/vid/files/district_VirginIslands_seal_v3_LS.png,2026-09-12T23:52:16.847685+00:00,Permission not established. Public availability is not a reuse license. Use only for clearly identified court reference; do not imply court endorsement. Check court terms before public deployment.
FD:vtd,United States District Court — Vermont,,court_seal,federal_court_site_mark,True,United States District Court — Vermont - official-site identity mark,images/47/47c99370dd62b34727f21d3eaf79d3bbac4d4d6d8e44d5fc33b6c22fb26716cc.png,126,133,image/png,47c99370dd62b34727f21d3eaf79d3bbac4d4d6d8e44d5fc33b6c22fb26716cc,https://www.vtd.uscourts.gov/,https://www.vtd.uscourts.gov/sites/vtd/files/logo.png,2026-09-12T23:43:39.197996+00:00,Permission not established. Public availability is not a reuse license. Use only for clearly identified court reference; do not imply court endorsement. Check court terms before public deployment.
FD:vtd,United States District Court — Vermont,,favicon,site_icon,False,United States District Court — Vermont - official-site icon,images/c9/c96c8cdea312b83693a9c59c47d8f646a4091dcd535dd137cdb30d22165ce852.png,32,32,image/png,c96c8cdea312b83693a9c59c47d8f646a4091dcd535dd137cdb30d22165ce852,https://www.vtd.uscourts.gov/,https://www.vtd.uscourts.gov/sites/all/themes/district/favicon.ico,2026-09-12T23:43:39.328854+00:00,Permission not established. Public availability is not a reuse license. Use only for clearly identified court reference; do not imply court endorsement. Check court terms before public deployment.
FD:waed,United States District Court — Washington Eastern,,court_seal,federal_court_site_mark,True,Eastern District of Washington Seal,images/df/dfd21835adc77a727d08e4847a88bb493ef5b5f50527406355293ae958300f61.png,96,96,image/png,dfd21835adc77a727d08e4847a88bb493ef5b5f50527406355293ae958300f61,https://www.waed.uscourts.gov/,https://www.waed.uscourts.gov/sites/cst/waed/files/styles/site_logo/public/images/EDWA-Seal-Brown-no-White.png?itok=uL6c2EO3,2026-09-12T23:43:39.888732+00:00,Permission not established. Public availability is not a reuse license. Use only for clearly identified court reference; do not imply court endorsement. Check court terms before public deployment.
FD:waed,United States District Court — Washington Eastern,,favicon,site_icon,False,United States District Court — Washington Eastern - official-site icon,images/c8/c8a4e14b31ec833cd9dbc1ec802fcc0aa0394039db1e1c9a2cc51a6894817fe7.ico,16,16,image/x-icon,c8a4e14b31ec833cd9dbc1ec802fcc0aa0394039db1e1c9a2cc51a6894817fe7,https://www.waed.uscourts.gov/,https://www.waed.uscourts.gov/themes/custom/uscgov/favicon.ico,2026-09-12T23:43:40.138294+00:00,Permission not established. Public availability is not a reuse license. Use only for clearly identified court reference; do not imply court endorsement. Check court terms before public deployment.
FD:wawd,United States District Court — Washington Western,,court_seal,federal_court_site_mark,True,United States District Court — Washington Western - official-site identity mark,images/70/70affb40e0185203d17daf3f4398eb486954944e09fcb9e7d327a97ce9e5011d.png,126,133,image/png,70affb40e0185203d17daf3f4398eb486954944e09fcb9e7d327a97ce9e5011d,https://www.wawd.uscourts.gov/,https://www.wawd.uscourts.gov/sites/wawd/files/WESTERN%20DISTRICT%20OF%20WASHINGTON%20_color1.png,2026-09-12T23:43:39.909236+00:00,Permission not established. Public availability is not a reuse license. Use only for clearly identified court reference; do not imply court endorsement. Check court terms before public deployment.
FD:wawd,United States District Court — Washington Western,,favicon,site_icon,False,United States District Court — Washington Western - official-site icon,images/c9/c96c8cdea312b83693a9c59c47d8f646a4091dcd535dd137cdb30d22165ce852.png,32,32,image/png,c96c8cdea312b83693a9c59c47d8f646a4091dcd535dd137cdb30d22165ce852,https://www.wawd.uscourts.gov/,https://www.wawd.uscourts.gov/sites/all/themes/district/favicon.ico,2026-09-12T23:43:40.053006+00:00,Permission not established. Public availability is not a reuse license. Use only for clearly identified court reference; do not imply court endorsement. Check court terms before public deployment.
FD:wied,United States District Court — Wisconsin Eastern,,court_seal,federal_court_site_mark,True,United States District Court — Wisconsin Eastern - official-site identity mark,images/50/501c96dfde421c6a21a815dd9c7a81269181251c1ee513e31f310c1d452fd1e8.png,126,133,image/png,501c96dfde421c6a21a815dd9c7a81269181251c1ee513e31f310c1d452fd1e8,https://www.wied.uscourts.gov/,https://www.wied.uscourts.gov/sites/wied/files/seal_regular_color3.png,2026-09-12T23:43:40.156697+00:00,Permission not established. Public availability is not a reuse license. Use only for clearly identified court reference; do not imply court endorsement. Check court terms before public deployment.
FD:wied,United States District Court — Wisconsin Eastern,,favicon,site_icon,False,United States District Court — Wisconsin Eastern - official-site icon,images/c9/c96c8cdea312b83693a9c59c47d8f646a4091dcd535dd137cdb30d22165ce852.png,32,32,image/png,c96c8cdea312b83693a9c59c47d8f646a4091dcd535dd137cdb30d22165ce852,https://www.wied.uscourts.gov/,https://www.wied.uscourts.gov/sites/all/themes/district/favicon.ico,2026-09-12T23:43:40.305377+00:00,Permission not established. Public availability is not a reuse license. Use only for clearly identified court reference; do not imply court endorsement. Check court terms before public deployment.
FD:wiwd,United States District Court — Wisconsin Western,,favicon,site_icon,False,United States District Court — Wisconsin Western - official-site icon,images/c4/c4e4a7a6a6f1734b9939e03fc58e85eb91a0324967c7b0b26799db493ac138ad.gif,16,16,image/gif,c4e4a7a6a6f1734b9939e03fc58e85eb91a0324967c7b0b26799db493ac138ad,https://www.wiwd.uscourts.gov/,https://www.wiwd.uscourts.gov/sites/all/themes/us_courts_district/favicon.ico,2026-09-12T23:43:40.272180+00:00,Permission not established. Public availability is not a reuse license. Use only for clearly identified court reference; do not imply court endorsement. Check court terms before public deployment.
FD:wiwd,United States District Court — Wisconsin Western,,judiciary_logo,shared_federal_judiciary_mark,False,United States District Court — Wisconsin Western - official-site identity mark,images/b8/b847d500b7d42944f230b4fb5b96bfe77ae498b157fe06517e607a93ee94d8ff.png,126,133,image/png,b847d500b7d42944f230b4fb5b96bfe77ae498b157fe06517e607a93ee94d8ff,https://www.wiwd.uscourts.gov/,https://www.wiwd.uscourts.gov/sites/all/themes/us_courts_district/logo.png,2026-09-12T23:43:40.116438+00:00,Permission not established. Public availability is not a reuse license. Use only for clearly identified court reference; do not imply court endorsement. Check court terms before public deployment.
FD:wvnd,United States District Court — West Virginia Northern,,favicon,site_icon,False,United States District Court — West Virginia Northern - official-site icon,images/c9/c96c8cdea312b83693a9c59c47d8f646a4091dcd535dd137cdb30d22165ce852.png,32,32,image/png,c96c8cdea312b83693a9c59c47d8f646a4091dcd535dd137cdb30d22165ce852,https://www.wvnd.uscourts.gov/,https://www.wvnd.uscourts.gov/sites/all/themes/district/favicon.ico,2026-09-12T23:43:40.259926+00:00,Permission not established. Public availability is not a reuse license. Use only for clearly identified court reference; do not imply court endorsement. Check court terms before public deployment.
FD:wvnd,United States District Court — West Virginia Northern,,judiciary_logo,shared_federal_judiciary_mark,False,United States District Court — West Virginia Northern - official-site identity mark,images/b8/b847d500b7d42944f230b4fb5b96bfe77ae498b157fe06517e607a93ee94d8ff.png,126,133,image/png,b847d500b7d42944f230b4fb5b96bfe77ae498b157fe06517e607a93ee94d8ff,https://www.wvnd.uscourts.gov/,https://www.wvnd.uscourts.gov/sites/all/themes/district/logo.png,2026-09-12T23:43:39.983248+00:00,Permission not established. Public availability is not a reuse license. Use only for clearly identified court reference; do not imply court endorsement. Check court terms before public deployment.
FD:wvsd,United States District Court — West Virginia Southern,,court_seal,federal_court_site_mark,True,United States District Court — West Virginia Southern - official-site identity mark,images/96/96cb2efbdeb35b92374562ce3a21be4533c6897b698782802d180aaa5ed3f260.png,126,133,image/png,96cb2efbdeb35b92374562ce3a21be4533c6897b698782802d180aaa5ed3f260,https://www.wvsd.uscourts.gov/,https://www.wvsd.uscourts.gov/sites/wvsd/files/seal_2.png,2026-09-12T23:46:32.347155+00:00,Permission not established. Public availability is not a reuse license. Use only for clearly identified court reference; do not imply court endorsement. Check court terms before public deployment.
FD:wvsd,United States District Court — West Virginia Southern,,favicon,site_icon,False,United States District Court — West Virginia Southern - official-site icon,images/46/46a4d9c1e54ba0f8dc9bcad3d55177540e60b77a48f6a9f895f193991140e861.png,120,120,image/png,46a4d9c1e54ba0f8dc9bcad3d55177540e60b77a48f6a9f895f193991140e861,https://www.wvsd.uscourts.gov/,https://www.wvsd.uscourts.gov/sites/all/themes/district/apple-touch-icon-120x120.png,2026-09-12T23:46:32.511557+00:00,Permission not established. Public availability is not a reuse license. Use only for clearly identified court reference; do not imply court endorsement. Check court terms before public deployment.
FD:wyd,United States District Court — Wyoming,,court_seal,federal_court_site_mark,True,United States District Court — Wyoming - official-site identity mark,images/9e/9eb1a76c20fcd1cde9675d72dce1b164593dd126603598caabfb19b4a1a022b0.png,126,133,image/png,9eb1a76c20fcd1cde9675d72dce1b164593dd126603598caabfb19b4a1a022b0,https://www.wyd.uscourts.gov/,https://www.wyd.uscourts.gov/sites/wyd/files/wyoming-seal_regular_color1.png,2026-09-12T23:43:40.129158+00:00,Permission not established. Public availability is not a reuse license. Use only for clearly identified court reference; do not imply court endorsement. Check court terms before public deployment.
FD:wyd,United States District Court — Wyoming,,favicon,site_icon,False,United States District Court — Wyoming - official-site icon,images/c9/c96c8cdea312b83693a9c59c47d8f646a4091dcd535dd137cdb30d22165ce852.png,32,32,image/png,c96c8cdea312b83693a9c59c47d8f646a4091dcd535dd137cdb30d22165ce852,https://www.wyd.uscourts.gov/,https://www.wyd.uscourts.gov/sites/all/themes/district/favicon.ico,2026-09-12T23:43:40.285398+00:00,Permission not established. Public availability is not a reuse license. Use only for clearly identified court reference; do not imply court endorsement. Check court terms before public deployment.
FS:cit,United States Court of International Trade,,court_seal,federal_court_site_mark,True,United States Court of International Trade - official-site identity mark,images/8c/8c74a1df98b8d2c6fef1d262a206b9514ffa1fff95ccc05f2a9c516a3bca347f.png,126,133,image/png,8c74a1df98b8d2c6fef1d262a206b9514ffa1fff95ccc05f2a9c516a3bca347f,https://www.cit.uscourts.gov/,https://www.cit.uscourts.gov/sites/cit/files/USAIT_Seal%20126x133.png,2026-09-12T23:43:40.370587+00:00,Permission not established. Public availability is not a reuse license. Use only for clearly identified court reference; do not imply court endorsement. Check court terms before public deployment.
FS:cit,United States Court of International Trade,,favicon,site_icon,False,United States Court of International Trade - official-site icon,images/c9/c96c8cdea312b83693a9c59c47d8f646a4091dcd535dd137cdb30d22165ce852.png,32,32,image/png,c96c8cdea312b83693a9c59c47d8f646a4091dcd535dd137cdb30d22165ce852,https://www.cit.uscourts.gov/,https://www.cit.uscourts.gov/sites/all/themes/district/favicon.ico,2026-09-12T23:43:40.524680+00:00,Permission not established. Public availability is not a reuse license. Use only for clearly identified court reference; do not imply court endorsement. Check court terms before public deployment.
FS:jpml,Judicial Panel on Multidistrict Litigation,,court_seal,federal_court_site_mark,True,Judicial Panel on Multidistrict Litigation - official-site identity mark,images/ec/eca6cfb1b1b82cc64635d100d968811f9874f743e20b61dd8e038d2e3ef801d2.png,126,133,image/png,eca6cfb1b1b82cc64635d100d968811f9874f743e20b61dd8e038d2e3ef801d2,https://www.jpml.uscourts.gov/,https://www.jpml.uscourts.gov/sites/jpml/files/multidistrict_Litigation_seal_v3_LS.png,2026-09-12T23:43:40.688377+00:00,Permission not established. Public availability is not a reuse license. Use only for clearly identified court reference; do not imply court endorsement. Check court terms before public deployment.
FS:jpml,Judicial Panel on Multidistrict Litigation,,favicon,site_icon,False,Judicial Panel on Multidistrict Litigation - official-site icon,images/c9/c96c8cdea312b83693a9c59c47d8f646a4091dcd535dd137cdb30d22165ce852.png,32,32,image/png,c96c8cdea312b83693a9c59c47d8f646a4091dcd535dd137cdb30d22165ce852,https://www.jpml.uscourts.gov/,https://www.jpml.uscourts.gov/sites/all/themes/district/favicon.ico,2026-09-12T23:43:40.834636+00:00,Permission not established. Public availability is not a reuse license. Use only for clearly identified court reference; do not imply court endorsement. Check court terms before public deployment.
FS:tax,United States Tax Court,,court_seal,federal_court_site_mark,True,US Tax Court Logo,images/8b/8bee1200d55c2f33614500e32b586c024a621a38bdb8ab3dc9d4f46cd71a7853.svg,75.0,75.0,image/svg+xml,8bee1200d55c2f33614500e32b586c024a621a38bdb8ab3dc9d4f46cd71a7853,https://www.ustaxcourt.gov/,https://www.ustaxcourt.gov/static/images/footer/ustc-seal.5fdacf77e30d.svg,2026-09-12T23:43:41.683620+00:00,Permission not established. Public availability is not a reuse license. Use only for clearly identified court reference; do not imply court endorsement. Check court terms before public deployment.
FS:tax,United States Tax Court,,court_seal,federal_court_site_mark,True,US Tax Court Logo,images/71/71a1ebdc4cdfebfe13c8fa2340261d9ca1d324cb8236618d185bc68db6998c00.webp,300,300,image/webp,71a1ebdc4cdfebfe13c8fa2340261d9ca1d324cb8236618d185bc68db6998c00,https://www.ustaxcourt.gov/,https://www.ustaxcourt.gov/static/images/header/logo_seal.782be2b36569.webp,2026-09-12T23:43:41.481008+00:00,Permission not established. Public availability is not a reuse license. Use only for clearly identified court reference; do not imply court endorsement. Check court terms before public deployment.
FS:tax,United States Tax Court,,favicon,site_icon,True,United States Tax Court - official-site icon,images/27/276ed978522e0984cb78af1595c3dd06e36bc40e436182052c27addce55de14c.svg,32.0,32.0,image/svg+xml,276ed978522e0984cb78af1595c3dd06e36bc40e436182052c27addce55de14c,https://www.ustaxcourt.gov/,https://www.ustaxcourt.gov/static/images/favicon.e50a6e05f339.svg,2026-09-12T23:43:41.930495+00:00,Permission not established. Public availability is not a reuse license. Use only for clearly identified court reference; do not imply court endorsement. Check court terms before public deployment.
FS:uscfc,United States Court of Federal Claims,,court_seal,federal_court_site_mark,True,United States Court of Federal Claims - official-site identity mark,images/bc/bc3cc75fb92e8a966f34087003a194b55b272a413899a01663345ff33f815793.png,126,133,image/png,bc3cc75fb92e8a966f34087003a194b55b272a413899a01663345ff33f815793,https://www.uscfc.uscourts.gov/,https://www.uscfc.uscourts.gov/sites/cfc/files/seal.png,2026-09-12T23:52:17.469535+00:00,Permission not established. Public availability is not a reuse license. Use only for clearly identified court reference; do not imply court endorsement. Check court terms before public deployment.
FS:uscfc,United States Court of Federal Claims,,favicon,site_icon,False,United States Court of Federal Claims - official-site icon,images/46/46a4d9c1e54ba0f8dc9bcad3d55177540e60b77a48f6a9f895f193991140e861.png,120,120,image/png,46a4d9c1e54ba0f8dc9bcad3d55177540e60b77a48f6a9f895f193991140e861,https://www.uscfc.uscourts.gov/,https://www.uscfc.uscourts.gov/sites/all/themes/district/apple-touch-icon-120x120.png,2026-09-12T23:52:17.608473+00:00,Permission not established. Public availability is not a reuse license. Use only for clearly identified court reference; do not imply court endorsement. Check court terms before public deployment.
LC:ca_alameda,"Superior Court of California, County of Alameda — Civil Division",,favicon,site_icon,False,"Superior Court of California, County of Alameda — Civil Division - official-site icon",images/45/451b1b20fbebb8679e8dbd6ea1dc8d892056bdc70e86449a589b1d7f756578c5.gif,16,16,image/gif,451b1b20fbebb8679e8dbd6ea1dc8d892056bdc70e86449a589b1d7f756578c5,https://www.alameda.courts.ca.gov/,https://www.alameda.courts.ca.gov/themes/custom/jcc_components/favicon.ico,2026-09-13T00:06:57.174823+00:00,Permission not established. Public availability is not a reuse license. Use only for clearly identified court reference; do not imply court endorsement. Check court terms before public deployment.
LC:ca_los_angeles,"Superior Court of California, County of Los Angeles — Civil Division",,court_logo,local_court_site_mark,True,LA Superior Court Logo,images/bb/bb2379ebcdade3c399e213e2cb9f899008e7282fd42075148adb433b38c2732a.png,400,70,image/png,bb2379ebcdade3c399e213e2cb9f899008e7282fd42075148adb433b38c2732a,https://www.lacourt.ca.gov/home,https://lascpubstorage.blob.core.windows.net/cpw/LIBWEBRESOURCE-8-LacourtHeaderLogo.png,2026-09-13T00:07:43.837469+00:00,Permission not established. Public availability is not a reuse license. Use only for clearly identified court reference; do not imply court endorsement. Check court terms before public deployment.
LC:ca_los_angeles,"Superior Court of California, County of Los Angeles — Civil Division",,favicon,site_icon,True,"Superior Court of California, County of Los Angeles — Civil Division - official-site icon",images/80/80cff3dc477bf30ca450e912b0d733612c0a9842dcabea82a075ea9004509473.ico,48,48,image/x-icon,80cff3dc477bf30ca450e912b0d733612c0a9842dcabea82a075ea9004509473,https://www.lacourt.ca.gov/,https://www.lacourt.ca.gov/assets/favicon.ico,2026-09-13T00:06:56.369453+00:00,Permission not established. Public availability is not a reuse license. Use only for clearly identified court reference; do not imply court endorsement. Check court terms before public deployment.
LC:ca_san_francisco,"Superior Court of California, County of San Francisco — Civil Division",,favicon,site_icon,False,"Superior Court of California, County of San Francisco — Civil Division - official-site icon",images/45/451b1b20fbebb8679e8dbd6ea1dc8d892056bdc70e86449a589b1d7f756578c5.gif,16,16,image/gif,451b1b20fbebb8679e8dbd6ea1dc8d892056bdc70e86449a589b1d7f756578c5,https://sf.courts.ca.gov/divisions/civil-division/complex-civil-litigation,https://sf.courts.ca.gov/themes/custom/jcc_components/favicon.ico,2026-09-13T00:06:55.902767+00:00,Permission not established. Public availability is not a reuse license. Use only for clearly identified court reference; do not imply court endorsement. Check court terms before public deployment.
LC:ny_new_york,"Supreme Court of the State of New York, New York County — Civil Term",,favicon,site_icon,False,"Supreme Court of the State of New York, New York County — Civil Term - official-site icon",images/fe/fe11478c25997a9f465fb52a4239c4831928071d2d9d92b1f532acaf76531285.ico,32,32,image/x-icon,fe11478c25997a9f465fb52a4239c4831928071d2d9d92b1f532acaf76531285,https://www.nycourts.gov/courts/1st-judicial-district/new-york-county-supreme-court-civil-term/forms,https://www.nycourts.gov/sites/default/files/favicon-1.ico,2026-09-13T00:06:55.176714+00:00,Permission not established. Public availability is not a reuse license. Use only for clearly identified court reference; do not imply court endorsement. Check court terms before public deployment.
LC:ny_new_york,"Supreme Court of the State of New York, New York County — Civil Term",,judiciary_logo,shared_state_judiciary_mark,False,New York State Unified Court System Logo,images/99/99c18df88186ceb3483b60c545a7304f46ce7430f2c804aeea668da4a907034a.svg,576.0,576.0,image/svg+xml,99c18df88186ceb3483b60c545a7304f46ce7430f2c804aeea668da4a907034a,https://www.nycourts.gov/courts/1st-judicial-district/new-york-county-supreme-court-civil-term/forms,https://www.nycourts.gov/sites/default/files/ucs_seal-color.svg,2026-09-13T00:06:54.871951+00:00,Permission not established. Public availability is not a reuse license. Use only for clearly identified court reference; do not imply court endorsement. Check court terms before public deployment.
LC:pa_philadelphia,"Court of Common Pleas of Philadelphia County — Trial Division, Civil",,court_logo,local_court_site_mark,True,The Philadelphia Courts,images/18/18c8943d8129f44e27817558cb5d7d3aff9a2c29e7a43376490ec9cb5f1690f8.png,115,40,image/png,18c8943d8129f44e27817558cb5d7d3aff9a2c29e7a43376490ec9cb5f1690f8,https://www.courts.phila.gov/,https://www.courts.phila.gov/assets/img/philacourtslogo-t.png,2026-09-13T00:06:55.229648+00:00,Permission not established. Public availability is not a reuse license. Use only for clearly identified court reference; do not imply court endorsement. Check court terms before public deployment.
LC:pa_philadelphia,"Court of Common Pleas of Philadelphia County — Trial Division, Civil",,court_logo,local_court_site_mark,True,Philadelphia Courts Logo,images/21/21bef4871fc4b187c7834af08d89c9fd0cfb7e04af0c43d3e98ead96f7aaa24f.png,115,40,image/png,21bef4871fc4b187c7834af08d89c9fd0cfb7e04af0c43d3e98ead96f7aaa24f,https://www.courts.phila.gov/,https://www.courts.phila.gov/assets/img/philacourtslogo.png,2026-09-13T00:06:55.079327+00:00,Permission not established. Public availability is not a reuse license. Use only for clearly identified court reference; do not imply court endorsement. Check court terms before public deployment.
LC:pa_philadelphia,"Court of Common Pleas of Philadelphia County — Trial Division, Civil",,favicon,site_icon,True,"Court of Common Pleas of Philadelphia County — Trial Division, Civil - official-site icon",images/66/66662d55d2d8337a1c285b1dcf325081aa105eb2253c654027dfaec22de1b6be.ico,16,16,image/x-icon,66662d55d2d8337a1c285b1dcf325081aa105eb2253c654027dfaec22de1b6be,https://www.courts.phila.gov/,https://www.courts.phila.gov/favicon.ico,2026-09-13T00:06:55.376898+00:00,Permission not established. Public availability is not a reuse license. Use only for clearly identified court reference; do not imply court endorsement. Check court terms before public deployment.
NAT:uscourts_national,United States Courts,,favicon,site_icon,False,United States Courts - official-site icon,images/c8/c8a4e14b31ec833cd9dbc1ec802fcc0aa0394039db1e1c9a2cc51a6894817fe7.ico,16,16,image/x-icon,c8a4e14b31ec833cd9dbc1ec802fcc0aa0394039db1e1c9a2cc51a6894817fe7,https://www.uscourts.gov/,https://www.uscourts.gov/themes/custom/uscgov/favicon.ico,2026-09-12T23:43:40.891284+00:00,Permission not established. Public availability is not a reuse license. Use only for clearly identified court reference; do not imply court endorsement. Check court terms before public deployment.
NAT:uscourts_national,United States Courts,,judiciary_logo,shared_federal_judiciary_mark,True,United States Courts - official-site identity mark,images/da/dae83ae4b5b10fcf72dc30177383da2ce58017f5836c6db9c349d419039a54b0.png,180,180,image/png,dae83ae4b5b10fcf72dc30177383da2ce58017f5836c6db9c349d419039a54b0,https://www.uscourts.gov/,https://www.uscourts.gov/sites/default/files/styles/square_thumbnail/public/2024-12/ao-seal.png?itok=G0QUgV1P,2026-09-12T23:43:40.793044+00:00,Permission not established. Public availability is not a reuse license. Use only for clearly identified court reference; do not imply court endorsement. Check court terms before public deployment.
ST:ak_state,Alaska Courts,,favicon,site_icon,True,Alaska Courts - official-site icon,images/21/21513b3702956aef617936eb235e289af02b1caf5b2afccf8da9e7a63b9334c9.ico,16,16,image/x-icon,21513b3702956aef617936eb235e289af02b1caf5b2afccf8da9e7a63b9334c9,https://courts.alaska.gov/,https://courts.alaska.gov/favicon.ico,2026-09-12T23:43:44.302220+00:00,Permission not established. Public availability is not a reuse license. Use only for clearly identified court reference; do not imply court endorsement. Check court terms before public deployment.
ST:ak_state,Alaska Courts,,judiciary_logo,statewide_judiciary_mark,True,"Department, Divisions or State of Alaska logo, color scheme",images/e6/e628105da8aa8d27ce6e7d93bf44a358a746bfb95076102600d66f15ab58fc52.png,100,99,image/png,e628105da8aa8d27ce6e7d93bf44a358a746bfb95076102600d66f15ab58fc52,https://courts.alaska.gov/,https://courts.alaska.gov/images/mission-seal2.png,2026-09-12T23:43:43.696682+00:00,Permission not established. Public availability is not a reuse license. Use only for clearly identified court reference; do not imply court endorsement. Check court terms before public deployment.
ST:al_state,Alabama Judicial System,,favicon,site_icon,True,Alabama Judicial System - official-site icon,images/c8/c8c2eb7b1434b62cd80bf39f4e42e75ab8406ca836b2e783bf8913d4b6d6e9b7.ico,80,80,image/x-icon,c8c2eb7b1434b62cd80bf39f4e42e75ab8406ca836b2e783bf8913d4b6d6e9b7,https://judicial.alabama.gov/,https://judicial.alabama.gov/aacs.ico,2026-09-13T00:03:47.955959+00:00,Permission not established. Public availability is not a reuse license. Use only for clearly identified court reference; do not imply court endorsement. Check court terms before public deployment.
ST:al_state,Alabama Judicial System,,judiciary_logo,statewide_judiciary_mark,True,UJS Logo,images/b3/b3b69ef7292551aa26b20cdb9490788622c0f1ec3995aca16abb10ad9c411748.png,60,60,image/png,b3b69ef7292551aa26b20cdb9490788622c0f1ec3995aca16abb10ad9c411748,https://eforms.alacourt.gov/,https://eforms.alacourt.gov/media/owoksrpl/seal_ujs.png,2026-09-12T23:46:32.831333+00:00,Permission not established. Public availability is not a reuse license. Use only for clearly identified court reference; do not imply court endorsement. Check court terms before public deployment.
ST:al_state,Alabama Judicial System,,judiciary_logo,statewide_judiciary_mark,True,UJS Seal,images/ec/ecaa58c81a1fca894f0a275cb52ce058540ca9cf4ed100eb87af2d7fc70401fb.png,80,80,image/png,ecaa58c81a1fca894f0a275cb52ce058540ca9cf4ed100eb87af2d7fc70401fb,https://judicial.alabama.gov/,https://judicial.alabama.gov/images/seal.png,2026-09-13T00:03:47.209677+00:00,Permission not established. Public availability is not a reuse license. Use only for clearly identified court reference; do not imply court endorsement. Check court terms before public deployment.
ST:ar_state,Arkansas Courts,,favicon,site_icon,True,Arkansas Courts - official-site icon,images/03/03297461533dbc008d87aafc92e63600bfcbd9d1004657d6bfbc1372a9c6dcfe.ico,48,48,image/x-icon,03297461533dbc008d87aafc92e63600bfcbd9d1004657d6bfbc1372a9c6dcfe,https://arcourts.gov/,https://arcourts.gov/sites/default/files/favicon2.ico,2026-09-12T23:43:43.393035+00:00,Permission not established. Public availability is not a reuse license. Use only for clearly identified court reference; do not imply court endorsement. Check court terms before public deployment.
ST:ar_state,Arkansas Courts,,judiciary_logo,statewide_judiciary_mark,True,Arkansas Courts - official-site identity mark,images/11/11c6ab852410e75610fbdac950b78b5a31a81727cb78dead561adbca2fe6b573.png,1600,400,image/png,11c6ab852410e75610fbdac950b78b5a31a81727cb78dead561adbca2fe6b573,https://arcourts.gov/,https://arcourts.gov/sites/default/files/Seal_of_Arkansas7.2.png,2026-09-12T23:43:41.521956+00:00,Permission not established. Public availability is not a reuse license. Use only for clearly identified court reference; do not imply court endorsement. Check court terms before public deployment.
ST:ar_state,Arkansas Courts,,judiciary_logo,statewide_judiciary_mark,True,Arkansas Courts - official-site identity mark,images/66/665f72bf4dbcb06f46403f38bba5786eab8210e5afde4ba49d8f839359d32e7e.png,1361,394,image/png,665f72bf4dbcb06f46403f38bba5786eab8210e5afde4ba49d8f839359d32e7e,https://arcourts.gov/,https://arcourts.gov/sites/default/files/Seal_of_Arkansas8.png,2026-09-12T23:43:41.928367+00:00,Permission not established. Public availability is not a reuse license. Use only for clearly identified court reference; do not imply court endorsement. Check court terms before public deployment.
ST:az_state,Arizona Courts,,favicon,site_icon,True,Arizona Courts - official-site icon,images/5f/5f38e0199759016bcdcf2272ab413064f7078f04b7594c87f8a252a0dcd9b680.png,16,16,image/png,5f38e0199759016bcdcf2272ab413064f7078f04b7594c87f8a252a0dcd9b680,https://www.azcourts.gov/,https://www.azcourts.gov/Portals/0/favicon.ico?ver=WSpdZwKz2ea0qPnQdI02-g%3d%3d,2026-09-12T23:43:42.427665+00:00,Permission not established. Public availability is not a reuse license. Use only for clearly identified court reference; do not imply court endorsement. Check court terms before public deployment.
ST:az_state,Arizona Courts,,judiciary_logo,statewide_judiciary_mark,True,Court Seal graphic,images/da/dac1c54b92d0c3aac86da3a106aa3b096e0a5e6f874fcf901fac9c83b0b11fda.webp,400,400,image/webp,dac1c54b92d0c3aac86da3a106aa3b096e0a5e6f874fcf901fac9c83b0b11fda,https://www.azcourts.gov/,https://www.azcourts.gov/Portals/_default/Skins/AOC/images/seal5.png,2026-09-12T23:43:42.189705+00:00,Permission not established. Public availability is not a reuse license. Use only for clearly identified court reference; do not imply court endorsement. Check court terms before public deployment.
ST:ca_state,California Courts,,favicon,site_icon,False,California Courts - official-site icon,images/45/451b1b20fbebb8679e8dbd6ea1dc8d892056bdc70e86449a589b1d7f756578c5.gif,16,16,image/gif,451b1b20fbebb8679e8dbd6ea1dc8d892056bdc70e86449a589b1d7f756578c5,https://courts.ca.gov/,https://courts.ca.gov/themes/custom/jcc_elevated/favicon.ico,2026-09-12T23:43:41.961215+00:00,Permission not established. Public availability is not a reuse license. Use only for clearly identified court reference; do not imply court endorsement. Check court terms before public deployment.
ST:ca_state,California Courts,,judiciary_logo,statewide_judiciary_mark,True,California Courts icon,images/0b/0b97139a466196760dcf3aec7276543fd1239d719b133b5dbeb021213038d8e8.svg,324.0,324.0,image/svg+xml,0b97139a466196760dcf3aec7276543fd1239d719b133b5dbeb021213038d8e8,https://courts.ca.gov/,https://courts.ca.gov/themes/custom/jcc_elevated/logo.svg,2026-09-12T23:43:41.361297+00:00,Permission not established. Public availability is not a reuse license. Use only for clearly identified court reference; do not imply court endorsement. Check court terms before public deployment.
ST:co_state,Colorado Courts,,favicon,site_icon,True,Colorado Courts - official-site icon,images/c6/c67417338ad0fab0ea80c13add5ebc8d136f315e1f92b896b16f691784676cd3.ico,16,16,image/x-icon,c67417338ad0fab0ea80c13add5ebc8d136f315e1f92b896b16f691784676cd3,https://www.coloradojudicial.gov/,https://www.coloradojudicial.gov/sites/default/files/favicon.ico,2026-09-12T23:43:42.096857+00:00,Permission not established. Public availability is not a reuse license. Use only for clearly identified court reference; do not imply court endorsement. Check court terms before public deployment.
ST:co_state,Colorado Courts,,judiciary_logo,statewide_judiciary_mark,True,Colorado Courts - official-site identity mark,images/0d/0d1d59aaadc5c5824c7d531edc478c3e74a65ca6db6752056af220316276913f.png,312,326,image/png,0d1d59aaadc5c5824c7d531edc478c3e74a65ca6db6752056af220316276913f,https://www.coloradojudicial.gov/,https://www.coloradojudicial.gov/sites/default/files/judicial_seal-%281%29.png,2026-09-12T23:43:41.620381+00:00,Permission not established. Public availability is not a reuse license. Use only for clearly identified court reference; do not imply court endorsement. Check court terms before public deployment.
ST:de_state,Delaware Courts,,favicon,site_icon,True,Delaware Courts - official-site icon,images/85/85871ffa6e726ab14b9163eb1d2c535e1fd5bbd6a2c9f524bbc97a3f6eb094d9.png,180,180,image/png,85871ffa6e726ab14b9163eb1d2c535e1fd5bbd6a2c9f524bbc97a3f6eb094d9,https://courts.delaware.gov/,https://courts.delaware.gov/apple-touch-icon.png,2026-09-12T23:43:42.264919+00:00,Permission not established. Public availability is not a reuse license. Use only for clearly identified court reference; do not imply court endorsement. Check court terms before public deployment.
ST:de_state,Delaware Courts,,judiciary_logo,statewide_judiciary_mark,True,Delaware Courts - The Offical Website of the Delaware Judiciary,images/ce/ce7e69ec17fd033ddcb1c073b338bc2c69d4dedb66a6df6f89fd85a3fd67491e.jpg,225,83,image/jpeg,ce7e69ec17fd033ddcb1c073b338bc2c69d4dedb66a6df6f89fd85a3fd67491e,https://courts.delaware.gov/,https://courts.delaware.gov/img/delaware_courts_logo.jpg,2026-09-12T23:43:41.810736+00:00,Permission not established. Public availability is not a reuse license. Use only for clearly identified court reference; do not imply court endorsement. Check court terms before public deployment.
ST:de_state,Delaware Courts,,judiciary_logo,statewide_judiciary_mark,True,Delaware Courts logo,images/8d/8de97a33dc9c006e40c753648be5a2ca1c2cc6990aa9e57a99dc1ce32774c72f.png,150,118,image/png,8de97a33dc9c006e40c753648be5a2ca1c2cc6990aa9e57a99dc1ce32774c72f,https://courts.delaware.gov/,https://courts.delaware.gov/img/delaware_courts_logo_footer.png,2026-09-12T23:43:42.017378+00:00,Permission not established. Public availability is not a reuse license. Use only for clearly identified court reference; do not imply court endorsement. Check court terms before public deployment.
ST:gu_state,Guam Courts,,judiciary_logo,statewide_judiciary_mark,True,Guam Courts - official-site identity mark,images/c8/c8506191e67777f3c6bd0594661bd82c1252ef192ef31dd7d6f951679d2dc754.png,500,500,image/png,c8506191e67777f3c6bd0594661bd82c1252ef192ef31dd7d6f951679d2dc754,https://www.guamcourts.gov/,https://www.guamcourts.gov/sites/all/themes/jog/img/logo_seal_jot.png,2026-09-12T23:43:43.548564+00:00,Permission not established. Public availability is not a reuse license. Use only for clearly identified court reference; do not imply court endorsement. Check court terms before public deployment.
ST:hi_state,Hawaii Courts,,favicon,site_icon,True,Hawaii Courts - official-site icon,images/c9/c9dec352e78b89b7b6430a841350ccaa567b15c19219627910bb556de7dadeb4.png,1024,1024,image/png,c9dec352e78b89b7b6430a841350ccaa567b15c19219627910bb556de7dadeb4,https://www.courts.state.hi.us/,https://www.courts.state.hi.us/wp-content/themes/hic_state_template_child-Judiciary/images/jud-app-icon.png,2026-09-12T23:43:46.294170+00:00,Permission not established. Public availability is not a reuse license. Use only for clearly identified court reference; do not imply court endorsement. Check court terms before public deployment.
ST:hi_state,Hawaii Courts,,judiciary_logo,statewide_judiciary_mark,True,Hawaii State Judiciary,images/cc/cc2f65e3872cce95378c4cfe53d152e816ee609b6140b04176a0c6bace7744d6.png,288,90,image/png,cc2f65e3872cce95378c4cfe53d152e816ee609b6140b04176a0c6bace7744d6,https://www.courts.state.hi.us/,https://www.courts.state.hi.us/wp-content/themes/hic_state_template_child-Judiciary/images/jud-logo.png,2026-09-12T23:43:45.513479+00:00,Permission not established. Public availability is not a reuse license. Use only for clearly identified court reference; do not imply court endorsement. Check court terms before public deployment.
ST:ia_state,Iowa Courts,,favicon,site_icon,True,Iowa Courts - official-site icon,images/c9/c9af594d4f2de4941b684bd7a337558ab41bf062b459f6f411c0da5618bc1194.png,256,256,image/png,c9af594d4f2de4941b684bd7a337558ab41bf062b459f6f411c0da5618bc1194,https://www.iowacourts.gov/,https://www.iowacourts.gov/assets/images/webclip-08b9bd91aedf8ca881d0f429110d2a81.png,2026-09-12T23:43:42.847969+00:00,Permission not established. Public availability is not a reuse license. Use only for clearly identified court reference; do not imply court endorsement. Check court terms before public deployment.
ST:ia_state,Iowa Courts,,judiciary_logo,statewide_judiciary_mark,True,Iowa Judicial Branch,images/77/775c1ce1f42430b9860a03bf3d97bca1f6c91a10c4a2e0b2e82d7fcb933035e0.svg,529.54,63.93,image/svg+xml,775c1ce1f42430b9860a03bf3d97bca1f6c91a10c4a2e0b2e82d7fcb933035e0,https://www.iowacourts.gov/,https://www.iowacourts.gov/assets/images/iowa-judicial-logo-bold-maroon_tagline-black-cbbc6d8fda322620bebe0f360296cdd1.svg,2026-09-12T23:43:42.621615+00:00,Permission not established. Public availability is not a reuse license. Use only for clearly identified court reference; do not imply court endorsement. Check court terms before public deployment.
ST:id_state,Idaho Judicial Branch,,favicon,site_icon,True,Idaho Judicial Branch - official-site icon,images/98/983012b46e4b39e95efcf8b9700ef4624d9fd48f89bb44555676d9b8d545b0c0.ico,44,64,image/x-icon,983012b46e4b39e95efcf8b9700ef4624d9fd48f89bb44555676d9b8d545b0c0,https://isc.idaho.gov/,https://isc.idaho.gov/favicon.ico,2026-09-13T00:03:48.696299+00:00,Permission not established. Public availability is not a reuse license. Use only for clearly identified court reference; do not imply court endorsement. Check court terms before public deployment.
ST:id_state,Idaho Judicial Branch,,judiciary_logo,statewide_judiciary_mark,True,Idaho Supreme Court,images/e8/e865e8ca74ce26b0f60d00f16756a4a3fcdcd7e0a57eba858910f8494308027c.svg,103.0,52.0,image/svg+xml,e865e8ca74ce26b0f60d00f16756a4a3fcdcd7e0a57eba858910f8494308027c,https://isc.idaho.gov/,https://isc.idaho.gov/_nuxt/Idaho-Supreme-Court-Logo-01.BpadVc75.svg,2026-09-13T00:03:47.559151+00:00,Permission not established. Public availability is not a reuse license. Use only for clearly identified court reference; do not imply court endorsement. Check court terms before public deployment.
ST:il_state,Illinois Courts,,favicon,site_icon,True,Illinois Courts - official-site icon,images/72/72d633893a106253353ec0e5d7061e3508369c8888ff49816eb9dfa101ee5459.ico,32,32,image/x-icon,72d633893a106253353ec0e5d7061e3508369c8888ff49816eb9dfa101ee5459,https://www.illinoiscourts.gov/,https://www.illinoiscourts.gov/favicon.png,2026-09-12T23:43:45.416024+00:00,Permission not established. Public availability is not a reuse license. Use only for clearly identified court reference; do not imply court endorsement. Check court terms before public deployment.
ST:il_state,Illinois Courts,,judiciary_logo,statewide_judiciary_mark,True,Illinois Courts - official-site identity mark,images/bb/bb3d34eb6354b54a1e30b91820b3dcd776aa592b32d7cee021ab3ed23e25db66.svg,100.0,100.0,image/svg+xml,bb3d34eb6354b54a1e30b91820b3dcd776aa592b32d7cee021ab3ed23e25db66,https://www.illinoiscourts.gov/,https://www.illinoiscourts.gov/themes/ilcourts/assets/dist/images/logo-footer.svg,2026-09-12T23:43:44.606711+00:00,Permission not established. Public availability is not a reuse license. Use only for clearly identified court reference; do not imply court endorsement. Check court terms before public deployment.
ST:il_state,Illinois Courts,,judiciary_logo,statewide_judiciary_mark,True,Illinois Courts - official-site identity mark,images/72/721cf835a20fd3b2abbb05ca1be5b64b1452f02924e24df6b9845e44585cec54.svg,406.0,102.995,image/svg+xml,721cf835a20fd3b2abbb05ca1be5b64b1452f02924e24df6b9845e44585cec54,https://www.illinoiscourts.gov/,https://www.illinoiscourts.gov/themes/ilcourts/assets/dist/images/logo-header.svg,2026-09-12T23:43:45.245493+00:00,Permission not established. Public availability is not a reuse license. Use only for clearly identified court reference; do not imply court endorsement. Check court terms before public deployment.
ST:in_state,Indiana Judicial Branch,,judiciary_logo,state_government_mark,True,"Seal of the State of Indiana, displayed on the Indiana judiciary website",images/91/91a34e26ee1b1ba922a01c410cecb9937a27e7b17a1b5682028126523ddd1c6b.png,200,200,image/png,91a34e26ee1b1ba922a01c410cecb9937a27e7b17a1b5682028126523ddd1c6b,https://www.in.gov/courts/,https://www.in.gov/dA/7d806fd9ca/indiana-state-seal.png,2026-09-12T23:47:39.608719+00:00,Permission not established. Public availability is not a reuse license. Use only for clearly identified court reference; do not imply court endorsement. Check court terms before public deployment.
ST:ks_state,Kansas Judicial Branch,,favicon,site_icon,True,Kansas Judicial Branch - official-site icon,images/32/32d8b30afe878c12c17b016df93ed217ffa749183a4342e64e3a515e437383c0.png,180,180,image/png,32d8b30afe878c12c17b016df93ed217ffa749183a4342e64e3a515e437383c0,https://kscourts.gov/,https://kscourts.gov/apple-touch-icon.png,2026-09-13T00:01:50.982455+00:00,Permission not established. Public availability is not a reuse license. Use only for clearly identified court reference; do not imply court endorsement. Check court terms before public deployment.
ST:ks_state,Kansas Judicial Branch,,judiciary_logo,statewide_judiciary_mark,True,Kansas Judicial Branch Logo,images/2d/2dcb2243a8ab83b9497a529c55e49411b2cf7b94bad3b57ad0ea320215e34673.png,282,58,image/png,2dcb2243a8ab83b9497a529c55e49411b2cf7b94bad3b57ad0ea320215e34673,https://kscourts.gov/,https://kscourts.gov/KSCourts/media/KsCourts/logo-seal-white.png,2026-09-13T00:01:50.345324+00:00,Permission not established. Public availability is not a reuse license. Use only for clearly identified court reference; do not imply court endorsement. Check court terms before public deployment.
ST:ks_state,Kansas Judicial Branch,,judiciary_logo,statewide_judiciary_mark,True,Kansas Judicial Branch Logo for Print,images/e7/e72ea81e0ad73ea5848f3b2d48f88cd5b406805ca7e1d11552952bc87313c2dc.png,282,72,image/png,e72ea81e0ad73ea5848f3b2d48f88cd5b406805ca7e1d11552952bc87313c2dc,https://kscourts.gov/,https://kscourts.gov/KSCourts/media/KsCourts/print-logo.png,2026-09-13T00:01:50.454853+00:00,Permission not established. Public availability is not a reuse license. Use only for clearly identified court reference; do not imply court endorsement. Check court terms before public deployment.
ST:ks_state,Kansas Judicial Branch,,judiciary_logo,statewide_judiciary_mark,True,Kansas Judicial Branch,images/0c/0c5142ac5e09d6c0b3539cef50595c915f15d557b47a74d52379369628dbf524.svg,261.0,262.8,image/svg+xml,0c5142ac5e09d6c0b3539cef50595c915f15d557b47a74d52379369628dbf524,https://kscourts.gov/,https://kscourts.gov/KsCourts/media/KsCourts/f-logo.svg,2026-09-13T00:01:50.585939+00:00,Permission not established. Public availability is not a reuse license. Use only for clearly identified court reference; do not imply court endorsement. Check court terms before public deployment.
ST:ky_state,Kentucky Courts,,favicon,site_icon,True,Kentucky Courts - official-site icon,images/3a/3af567686010b69f1d41ec97ec1d2dc6426fed009a992a7931bc668b401d4643.png,180,180,image/png,3af567686010b69f1d41ec97ec1d2dc6426fed009a992a7931bc668b401d4643,https://www.kycourts.gov/Pages/index.aspx,https://www.kycourts.gov/style library/favicons/apple-touch-icon.png,2026-09-12T23:43:44.245211+00:00,Permission not established. Public availability is not a reuse license. Use only for clearly identified court reference; do not imply court endorsement. Check court terms before public deployment.
ST:ky_state,Kentucky Courts,,judiciary_logo,statewide_judiciary_mark,True,Kentucky Court of Justice - logo,images/1b/1b7effdf5dfec0de265638e87753a78a6806bee3e87715eecb20d1d53684e376.png,165,165,image/png,1b7effdf5dfec0de265638e87753a78a6806bee3e87715eecb20d1d53684e376,https://www.kycourts.gov/Pages/index.aspx,https://www.kycourts.gov/Style%20Library/Images/50th-Logo-01.png,2026-09-12T23:43:43.966081+00:00,Permission not established. Public availability is not a reuse license. Use only for clearly identified court reference; do not imply court endorsement. Check court terms before public deployment.
ST:la_state,Louisiana Courts,,favicon,site_icon,True,Louisiana Courts - official-site icon,images/8f/8fb8fd95309d9292ccd9b70ec687a02e2519c8bb95af5296873f270a5de19eac.png,180,180,image/png,8fb8fd95309d9292ccd9b70ec687a02e2519c8bb95af5296873f270a5de19eac,https://www.lasc.org/,https://www.lasc.org/apple-touch-icon.png,2026-09-12T23:46:34.279832+00:00,Permission not established. Public availability is not a reuse license. Use only for clearly identified court reference; do not imply court endorsement. Check court terms before public deployment.
ST:md_state,Maryland Courts,,favicon,site_icon,True,Maryland Courts - official-site icon,images/2a/2ae4cb5ba8974b92a4038f650b0df827c0cbb170cf8f9c5a5f758defdc285ad6.png,50,50,image/png,2ae4cb5ba8974b92a4038f650b0df827c0cbb170cf8f9c5a5f758defdc285ad6,https://www.mdcourts.gov/,https://www.mdcourts.gov/sites/default/files/favicon.png,2026-09-12T23:43:43.448437+00:00,Permission not established. Public availability is not a reuse license. Use only for clearly identified court reference; do not imply court endorsement. Check court terms before public deployment.
ST:md_state,Maryland Courts,,judiciary_logo,statewide_judiciary_mark,True,Maryland Courts logo,images/d4/d423fa42bd7d69137cc4280b96ae18116cf678fd98f1c5c28b2715fdce65ff83.png,399,176,image/png,d423fa42bd7d69137cc4280b96ae18116cf678fd98f1c5c28b2715fdce65ff83,https://www.mdcourts.gov/,https://www.mdcourts.gov/sites/default/files/inline-images/footer-logo_0.png,2026-09-12T23:43:43.179270+00:00,Permission not established. Public availability is not a reuse license. Use only for clearly identified court reference; do not imply court endorsement. Check court terms before public deployment.
ST:md_state,Maryland Courts,,judiciary_logo,statewide_judiciary_mark,True,Maryland Courts - official-site identity mark,images/be/bed4eb91759350e0c9d83138ad869f89196668357cbe5a03667a34a746715d51.png,573,98,image/png,bed4eb91759350e0c9d83138ad869f89196668357cbe5a03667a34a746715d51,https://www.mdcourts.gov/,https://www.mdcourts.gov/sites/default/files/mdcourts-logo_0.png,2026-09-12T23:43:43.306931+00:00,Permission not established. Public availability is not a reuse license. Use only for clearly identified court reference; do not imply court endorsement. Check court terms before public deployment.
ST:me_state,Maine Courts,,judiciary_logo,statewide_judiciary_mark,True,MJB seal,images/75/758c3ff9e34530784fa233d41c82ec88f75259bd90474e0c991a7acf5115d240.png,80,80,image/png,758c3ff9e34530784fa233d41c82ec88f75259bd90474e0c991a7acf5115d240,https://www.courts.maine.gov/,https://www.courts.maine.gov/images/mjb-seal-footer.png,2026-09-12T23:43:43.850002+00:00,Permission not established. Public availability is not a reuse license. Use only for clearly identified court reference; do not imply court endorsement. Check court terms before public deployment.
ST:mn_state,Minnesota Courts,,favicon,site_icon,True,Minnesota Courts - official-site icon,images/ed/ed367869c2efc48d9847bbb4dc3f1bf6ad118dd617220149f41099fab33672a4.bmp,33,33,image/bmp,ed367869c2efc48d9847bbb4dc3f1bf6ad118dd617220149f41099fab33672a4,https://mncourts.gov/,https://mncourts.gov/__data/assets/file/0033/49767/favicon.ico,2026-09-12T23:46:33.977943+00:00,Permission not established. Public availability is not a reuse license. Use only for clearly identified court reference; do not imply court endorsement. Check court terms before public deployment.
ST:mn_state,Minnesota Courts,,judiciary_logo,statewide_judiciary_mark,True,Minnesota Judicial Branch Logo,images/76/76fa571af5bf9451167cc1eb32206b2ed5d88fc7cec2d691b7bbdf7309066f40.svg,786.53,128.19,image/svg+xml,76fa571af5bf9451167cc1eb32206b2ed5d88fc7cec2d691b7bbdf7309066f40,https://mncourts.gov/,https://mncourts.gov/__data/assets/git_bridge/0012/11640/dist/images/mjb_logo.svg,2026-09-12T23:46:33.842341+00:00,Permission not established. Public availability is not a reuse license. Use only for clearly identified court reference; do not imply court endorsement. Check court terms before public deployment.
ST:ms_state,Mississippi Courts,,judiciary_logo,statewide_judiciary_mark,True,Judiciary Seal,images/ba/baf5744ddbd2d6908b96a52e5bdeda1cb8b85c3e6fa9575d72221de46b6cb6de.png,100,100,image/png,baf5744ddbd2d6908b96a52e5bdeda1cb8b85c3e6fa9575d72221de46b6cb6de,https://courts.ms.gov/,https://courts.ms.gov/images_folder/demo/Judiciary-seal-cropped.png,2026-09-12T23:43:44.394043+00:00,Permission not established. Public availability is not a reuse license. Use only for clearly identified court reference; do not imply court endorsement. Check court terms before public deployment.
ST:mt_state,Montana Courts,,favicon,site_icon,True,Montana Courts - official-site icon,images/c0/c0656f168047e7f120aaa5a6f0343dcff8ae2e5472e8a92be620e0a358387ea4.ico,32,32,image/x-icon,c0656f168047e7f120aaa5a6f0343dcff8ae2e5472e8a92be620e0a358387ea4,https://courts.mt.gov/,https://courts.mt.gov/_files/images/favicon.ico,2026-09-12T23:43:45.370642+00:00,Permission not established. Public availability is not a reuse license. Use only for clearly identified court reference; do not imply court endorsement. Check court terms before public deployment.
ST:mt_state,Montana Courts,,judiciary_logo,statewide_judiciary_mark,True,Courts Logo,images/29/299ad4dbd00e4cd7c584296367edf151f2f204494f11aaa639fa6bce78364265.gif,300,105,image/gif,299ad4dbd00e4cd7c584296367edf151f2f204494f11aaa639fa6bce78364265,https://courts.mt.gov/,https://courts.mt.gov/_files/images/logo-3.gif,2026-09-12T23:43:45.021231+00:00,Permission not established. Public availability is not a reuse license. Use only for clearly identified court reference; do not imply court endorsement. Check court terms before public deployment.
ST:nd_state,North Dakota Courts,,favicon,site_icon,True,North Dakota Courts - official-site icon,images/44/44212c6bb262595295159fad63f3185db7c7637f5ec0d888aea20205653f3779.ico,150,150,image/x-icon,44212c6bb262595295159fad63f3185db7c7637f5ec0d888aea20205653f3779,https://www.ndcourts.gov/,https://www.ndcourts.gov/Themes/NDCourts/Content/favicon.ico,2026-09-12T23:43:45.839886+00:00,Permission not established. Public availability is not a reuse license. Use only for clearly identified court reference; do not imply court endorsement. Check court terms before public deployment.
ST:nd_state,North Dakota Courts,,judiciary_logo,statewide_judiciary_mark,True,North Dakota Courts logo that is linked to homepage.,images/87/8732f1178c42632bccaaa2def6a28fdc0ac694066be7be952f57bd05543228b8.png,831,787,image/png,8732f1178c42632bccaaa2def6a28fdc0ac694066be7be952f57bd05543228b8,https://www.ndcourts.gov/,https://www.ndcourts.gov/Themes/NDCourts/Content/statecourts_logo_blue.png,2026-09-12T23:43:45.075841+00:00,Permission not established. Public availability is not a reuse license. Use only for clearly identified court reference; do not imply court endorsement. Check court terms before public deployment.
ST:nd_state,North Dakota Courts,,judiciary_logo,statewide_judiciary_mark,True,State of North Dakota Courts logo that is linked to homepage.,images/c3/c39015999f8cace1bf7d3651c734e25a6fd165dc99c52d3463de114c75ae4f32.png,1172,420,image/png,c39015999f8cace1bf7d3651c734e25a6fd165dc99c52d3463de114c75ae4f32,https://www.ndcourts.gov/,https://www.ndcourts.gov/Themes/NDCourts/Content/statecourts_type_white.png,2026-09-12T23:43:45.419064+00:00,Permission not established. Public availability is not a reuse license. Use only for clearly identified court reference; do not imply court endorsement. Check court terms before public deployment.
ST:ne_state,Nebraska Courts,,favicon,site_icon,True,Nebraska Courts - official-site icon,images/74/746e49a8a61bbc13ef3e676b4b8d3cd1ce8bc0626f1b35ea6eb509c594173c8e.png,74,71,image/png,746e49a8a61bbc13ef3e676b4b8d3cd1ce8bc0626f1b35ea6eb509c594173c8e,https://nebraskajudicial.gov/,https://nebraskajudicial.gov/themes/kj_basic/favicon.ico,2026-09-12T23:52:18.088098+00:00,Permission not established. Public availability is not a reuse license. Use only for clearly identified court reference; do not imply court endorsement. Check court terms before public deployment.
ST:ne_state,Nebraska Courts,,judiciary_logo,statewide_judiciary_mark,True,Nebraska Courts - official-site identity mark,images/a8/a8412041e43c73112d3de33fc72619416b629b07636dd522d24941df39061962.jpg,295,70,image/jpeg,a8412041e43c73112d3de33fc72619416b629b07636dd522d24941df39061962,https://nebraskajudicial.gov/,https://nebraskajudicial.gov/themes/kj_basic/logo.jpg,2026-09-12T23:52:17.992177+00:00,Permission not established. Public availability is not a reuse license. Use only for clearly identified court reference; do not imply court endorsement. Check court terms before public deployment.
ST:nj_state,New Jersey Courts,,favicon,site_icon,True,New Jersey Courts - official-site icon,images/17/177f49a6569d8f105b65072db5028ee50a34bf01aa962d4c81585ab9d7fe71cf.png,151,151,image/png,177f49a6569d8f105b65072db5028ee50a34bf01aa962d4c81585ab9d7fe71cf,https://www.njcourts.gov/,https://www.njcourts.gov/themes/custom/njcourts/images/favicon.png,2026-09-12T23:43:45.487049+00:00,Permission not established. Public availability is not a reuse license. Use only for clearly identified court reference; do not imply court endorsement. Check court terms before public deployment.
ST:nj_state,New Jersey Courts,,judiciary_logo,statewide_judiciary_mark,True,New Jersey Courts - official-site identity mark,images/c4/c4cc32f225ba684a52080b699ae863c614290fa6c8a324c3a9885fd00b5719ee.png,303,100,image/png,c4cc32f225ba684a52080b699ae863c614290fa6c8a324c3a9885fd00b5719ee,https://www.njcourts.gov/,https://www.njcourts.gov/themes/custom/njcourts/images/logo.png,2026-09-12T23:43:44.781504+00:00,Permission not established. Public availability is not a reuse license. Use only for clearly identified court reference; do not imply court endorsement. Check court terms before public deployment.
ST:nj_state,New Jersey Courts,,judiciary_logo,statewide_judiciary_mark,True,New Jersey Courts - official-site identity mark,images/7e/7efc97de195b8472ab699f43349d3541b08b7aef4a0555680290449382634096.png,228,52,image/png,7efc97de195b8472ab699f43349d3541b08b7aef4a0555680290449382634096,https://www.njcourts.gov/,https://www.njcourts.gov/themes/custom/njcourts/images/mobile-menu-logo.png,2026-09-12T23:43:45.010032+00:00,Permission not established. Public availability is not a reuse license. Use only for clearly identified court reference; do not imply court endorsement. Check court terms before public deployment.
ST:nm_state,New Mexico Courts,,favicon,site_icon,True,New Mexico Courts - official-site icon,images/15/15aea74bf4404781f1581f1f0305a3f3f330225d6ea96162cfb309b01a0ad02b.png,123,123,image/png,15aea74bf4404781f1581f1f0305a3f3f330225d6ea96162cfb309b01a0ad02b,https://nmcourts.gov/,https://nmcourts.gov/wp-content/uploads/2023/11/NM-Courts_logomark.png,2026-09-12T23:43:46.914641+00:00,Permission not established. Public availability is not a reuse license. Use only for clearly identified court reference; do not imply court endorsement. Check court terms before public deployment.
ST:nm_state,New Mexico Courts,,judiciary_logo,statewide_judiciary_mark,True,New Mexico Courts Main Site,images/55/55feb930585c4a2b011ba67c05e53bacbb5453853936b00e63ad0a90f5dfe30e.svg,1011.23,181.22,image/svg+xml,55feb930585c4a2b011ba67c05e53bacbb5453853936b00e63ad0a90f5dfe30e,https://nmcourts.gov/,https://nmcourts.gov//wp-content/uploads/2023/12/Artboard-1-1.svg,2026-09-12T23:43:46.602175+00:00,Permission not established. Public availability is not a reuse license. Use only for clearly identified court reference; do not imply court endorsement. Check court terms before public deployment.
ST:ny_state,New York Courts,,favicon,site_icon,False,New York Courts - official-site icon,images/fe/fe11478c25997a9f465fb52a4239c4831928071d2d9d92b1f532acaf76531285.ico,32,32,image/x-icon,fe11478c25997a9f465fb52a4239c4831928071d2d9d92b1f532acaf76531285,https://www.nycourts.gov/,https://www.nycourts.gov/sites/default/files/favicon-1.ico,2026-09-12T23:43:45.422208+00:00,Permission not established. Public availability is not a reuse license. Use only for clearly identified court reference; do not imply court endorsement. Check court terms before public deployment.
ST:ny_state,New York Courts,,judiciary_logo,statewide_judiciary_mark,False,New York State Unified Court System Logo,images/99/99c18df88186ceb3483b60c545a7304f46ce7430f2c804aeea668da4a907034a.svg,576.0,576.0,image/svg+xml,99c18df88186ceb3483b60c545a7304f46ce7430f2c804aeea668da4a907034a,https://www.nycourts.gov/,https://www.nycourts.gov/sites/default/files/ucs_seal-color.svg,2026-09-12T23:43:45.277611+00:00,Permission not established. Public availability is not a reuse license. Use only for clearly identified court reference; do not imply court endorsement. Check court terms before public deployment.
ST:oh_state,Ohio Courts,,favicon,site_icon,True,Ohio Courts - official-site icon,images/83/8390747f03e061f70108a6407f1c0cfb7673a7e5cb0aa70c4c750e5d380a1fea.png,180,180,image/png,8390747f03e061f70108a6407f1c0cfb7673a7e5cb0aa70c4c750e5d380a1fea,https://www.supremecourt.ohio.gov/,https://www.supremecourt.ohio.gov/assets/img/logos/favicons/apple-touch-icon.png,2026-09-12T23:43:47.088496+00:00,Permission not established. Public availability is not a reuse license. Use only for clearly identified court reference; do not imply court endorsement. Check court terms before public deployment.
ST:oh_state,Ohio Courts,,judiciary_logo,statewide_judiciary_mark,True,SCOH Logo,images/31/3172ceaf6039d6633b9934d41b7dd2f9cb8aa10f5bab6a342f4bcd811e2002ef.svg,360.0,360.0,image/svg+xml,3172ceaf6039d6633b9934d41b7dd2f9cb8aa10f5bab6a342f4bcd811e2002ef,https://www.supremecourt.ohio.gov/,https://www.supremecourt.ohio.gov/assets/img/logos/seal-sco-burgandy-band.svg,2026-09-12T23:43:45.972180+00:00,Permission not established. Public availability is not a reuse license. Use only for clearly identified court reference; do not imply court endorsement. Check court terms before public deployment.
ST:or_state,Oregon Courts,,favicon,site_icon,True,apple-touch-icon-precomposed,images/a5/a5b76edc527610eb50caaaaed2822428d49919443a1ceb1ad91d75ebd5870011.png,57,57,image/png,a5b76edc527610eb50caaaaed2822428d49919443a1ceb1ad91d75ebd5870011,https://www.courts.oregon.gov/Pages/default.aspx,https://orcdn.govstatus.site/Application/CDN/Enterprise/images/icons/favicons/apple-touch-icon-57x57.png?v=07072026,2026-09-12T23:43:48.117962+00:00,Permission not established. Public availability is not a reuse license. Use only for clearly identified court reference; do not imply court endorsement. Check court terms before public deployment.
ST:or_state,Oregon Courts,,judiciary_logo,statewide_judiciary_mark,True,Oregon Judicial Department Logo,images/10/10a42959d4a4fd3f79a41be97933492824c4ea6bfd41aaaf9965cdc96352c9b4.png,145,40,image/png,10a42959d4a4fd3f79a41be97933492824c4ea6bfd41aaaf9965cdc96352c9b4,https://www.courts.oregon.gov/Pages/default.aspx,https://www.courts.oregon.gov/PublishingImages/OJD_banner_logo.png,2026-09-12T23:43:46.397984+00:00,Permission not established. Public availability is not a reuse license. Use only for clearly identified court reference; do not imply court endorsement. Check court terms before public deployment.
ST:pa_state,Pennsylvania Courts,,judiciary_logo,statewide_judiciary_mark,True,Pennsylvania Court System Logo,images/ce/ce5c92ee28f7b4219f2fb994bd2f6b39caf5175a33876032514e858e83920954.png,260,260,image/png,ce5c92ee28f7b4219f2fb994bd2f6b39caf5175a33876032514e858e83920954,https://www.pacourts.us/,https://www.pacourts.us/Themes/AOPC/assets/images/header-banner-mobile@2x.png,2026-09-12T23:43:45.562029+00:00,Permission not established. Public availability is not a reuse license. Use only for clearly identified court reference; do not imply court endorsement. Check court terms before public deployment.
ST:pr_state,Puerto Rico Courts,,favicon,site_icon,True,Puerto Rico Courts - official-site icon,images/7a/7a46e82d37c29f11acdfbdce8f16aa91f61ce1934e0ed27e4ae059a0e5cb6760.png,436,435,image/png,7a46e82d37c29f11acdfbdce8f16aa91f61ce1934e0ed27e4ae059a0e5cb6760,https://poderjudicial.pr/,https://poderjudicial.pr/wp-content/uploads/2019/03/Logo.png,2026-09-12T23:43:47.207745+00:00,Permission not established. Public availability is not a reuse license. Use only for clearly identified court reference; do not imply court endorsement. Check court terms before public deployment.
ST:pr_state,Puerto Rico Courts,,judiciary_logo,statewide_judiciary_mark,True,logo del Poder Judicial de Puerto Rico,images/62/62fbfae1492ed36aea408bb32f4e5a6b6f51c8abd6977d19b8e7ee331308091a.png,75,76,image/png,62fbfae1492ed36aea408bb32f4e5a6b6f51c8abd6977d19b8e7ee331308091a,https://poderjudicial.pr/,https://stoatwordpressprod.blob.core.windows.net/wpcontent/2023/01/logo_pj-63c98e4413a71.png,2026-09-12T23:43:46.811481+00:00,Permission not established. Public availability is not a reuse license. Use only for clearly identified court reference; do not imply court endorsement. Check court terms before public deployment.
ST:pr_state,Puerto Rico Courts,,judiciary_logo,statewide_judiciary_mark,True,Logo del Poder Judicial,images/18/181921a8b2d54fe4500f26ca0ad1221cc17fd6f35e3e9cc4e28911c09c813010.webp,2560,765,image/webp,181921a8b2d54fe4500f26ca0ad1221cc17fd6f35e3e9cc4e28911c09c813010,https://poderjudicial.pr/,https://stoatwordpressprod.blob.core.windows.net/wpcontent/2026/01/Logo-del-Poder-Judicial-scaled.webp,2026-09-12T23:43:47.035523+00:00,Permission not established. Public availability is not a reuse license. Use only for clearly identified court reference; do not imply court endorsement. Check court terms before public deployment.
ST:ri_state,Rhode Island Courts,,favicon,site_icon,True,Rhode Island Courts - official-site icon,images/fa/faf9c9268b815ca5c3cd0b09ab16c686a9cb6ad73837852f1166d216f1599d76.ico,48,48,image/x-icon,faf9c9268b815ca5c3cd0b09ab16c686a9cb6ad73837852f1166d216f1599d76,https://www.courts.ri.gov/Pages/default.aspx,https://www.courts.ri.gov/_catalogs/masterpage/RIJ/img/favicon.ico?v=1702402737,2026-09-12T23:43:47.795803+00:00,Permission not established. Public availability is not a reuse license. Use only for clearly identified court reference; do not imply court endorsement. Check court terms before public deployment.
ST:ri_state,Rhode Island Courts,,judiciary_logo,statewide_judiciary_mark,True,State of Rhode Island Judiciary,images/6c/6c3652bdaaa10d003474585d6326961bc7a35ccb9bb989339b6dd7cd86c1b83a.png,1200,1200,image/png,6c3652bdaaa10d003474585d6326961bc7a35ccb9bb989339b6dd7cd86c1b83a,https://www.courts.ri.gov/Pages/default.aspx,https://www.courts.ri.gov/SiteCollectionImages/2022%20Judicial%20Logo%20-%20UPDATED%2011.24.22-01.png,2026-09-12T23:43:47.070237+00:00,Permission not established. Public availability is not a reuse license. Use only for clearly identified court reference; do not imply court endorsement. Check court terms before public deployment.
ST:sd_state,South Dakota Courts,,favicon,site_icon,True,South Dakota Courts - official-site icon,images/57/570d7024bc9007f3df8a2c2efd7b990c00c4791c5e2f98321025933ddb3187a9.png,180,180,image/png,570d7024bc9007f3df8a2c2efd7b990c00c4791c5e2f98321025933ddb3187a9,https://ujs.sd.gov/,https://ujs.sd.gov/images/favicons/apple-touch-icon.png,2026-09-12T23:43:48.718600+00:00,Permission not established. Public availability is not a reuse license. Use only for clearly identified court reference; do not imply court endorsement. Check court terms before public deployment.
ST:sd_state,South Dakota Courts,,judiciary_logo,statewide_judiciary_mark,True,South Dakota Unified Judicial System,images/c8/c8df726e8a26cc7dad185e760237b8d3f512963ba5b056f0cac5ff31c4422b45.svg,300.0,62.0,image/svg+xml,c8df726e8a26cc7dad185e760237b8d3f512963ba5b056f0cac5ff31c4422b45,https://ujs.sd.gov/,https://ujs.sd.gov/images/UJS-logo-dark.svg,2026-09-12T23:43:48.051305+00:00,Permission not established. Public availability is not a reuse license. Use only for clearly identified court reference; do not imply court endorsement. Check court terms before public deployment.
ST:sd_state,South Dakota Courts,,judiciary_logo,statewide_judiciary_mark,True,South Dakota Unified Judicial System,images/4d/4da14dabea89222d61c72de7d42a6b91ea34d0a0ff98b201ab0033bebf17ef59.svg,278.0,58.0,image/svg+xml,4da14dabea89222d61c72de7d42a6b91ea34d0a0ff98b201ab0033bebf17ef59,https://ujs.sd.gov/,https://ujs.sd.gov/images/UJS-logo-white.svg,2026-09-12T23:43:48.479662+00:00,Permission not established. Public availability is not a reuse license. Use only for clearly identified court reference; do not imply court endorsement. Check court terms before public deployment.
ST:tx_state,Texas Courts,,favicon,site_icon,True,Texas Courts - official-site icon,images/7e/7e59f54efa3223ca25be8bb36ca0fc31082c4ee1c22018ba0a11b1c62e88f283.ico,16,16,image/x-icon,7e59f54efa3223ca25be8bb36ca0fc31082c4ee1c22018ba0a11b1c62e88f283,https://www.txcourts.gov/,https://www.txcourts.gov/ico/favicon.ico,2026-09-12T23:43:47.809436+00:00,Permission not established. Public availability is not a reuse license. Use only for clearly identified court reference; do not imply court endorsement. Check court terms before public deployment.
ST:tx_state,Texas Courts,,judiciary_logo,statewide_judiciary_mark,True,Texas Judicial Branch home page,images/39/396cb54ab4ab77d0e62f63ee7efcf3054721519773f87e5136c73f9caefc50e3.png,144,144,image/png,396cb54ab4ab77d0e62f63ee7efcf3054721519773f87e5136c73f9caefc50e3,https://www.txcourts.gov/,https://www.txcourts.gov/img/brand/tjb-seal-144.png,2026-09-12T23:43:47.260140+00:00,Permission not established. Public availability is not a reuse license. Use only for clearly identified court reference; do not imply court endorsement. Check court terms before public deployment.
ST:ut_state,Utah Courts,,favicon,site_icon,True,Utah Courts - official-site icon,images/6e/6ec82651eed9562d5b766f4c0b867a5435c1df3b5f8b59318bbad6152bd4ebd8.png,180,180,image/png,6ec82651eed9562d5b766f4c0b867a5435c1df3b5f8b59318bbad6152bd4ebd8,https://www.utcourts.gov/,https://www.utcourts.gov/etc.clientlibs/utcourts/clientlibs/clientlib-base/resources/apple-touch-icon-180x180.png,2026-09-12T23:52:18.139761+00:00,Permission not established. Public availability is not a reuse license. Use only for clearly identified court reference; do not imply court endorsement. Check court terms before public deployment.
ST:ut_state,Utah Courts,,judiciary_logo,statewide_judiciary_mark,True,State of Utah Judiciary logo,images/3f/3f0a4836f51fdf1e53b671302c27763aa9fea79910f6827c9c720b3bbd025496.svg,179.0,133.0,image/svg+xml,3f0a4836f51fdf1e53b671302c27763aa9fea79910f6827c9c720b3bbd025496,https://www.utcourts.gov/,https://www.utcourts.gov/content/dam/icons-and-logos/logo_footer_vector.svg,2026-09-12T23:52:18.029178+00:00,Permission not established. Public availability is not a reuse license. Use only for clearly identified court reference; do not imply court endorsement. Check court terms before public deployment.
ST:ut_state,Utah Courts,,judiciary_logo,statewide_judiciary_mark,True,State of Utah Judiciary logo,images/7b/7bd8de4adfc688b780c81ea53448e97b528c2d78eebcfbcc090b726699b84b0a.svg,383.0,131.0,image/svg+xml,7bd8de4adfc688b780c81ea53448e97b528c2d78eebcfbcc090b726699b84b0a,https://www.utcourts.gov/,https://www.utcourts.gov/content/dam/icons-and-logos/logo_main_vector.svg,2026-09-12T23:52:17.888897+00:00,Permission not established. Public availability is not a reuse license. Use only for clearly identified court reference; do not imply court endorsement. Check court terms before public deployment.
ST:vt_state,Vermont Courts,,favicon,site_icon,True,Vermont Courts - official-site icon,images/12/12a72cf8f2b39d71ff9ea1b2fa60ce5178ddae51705cb4c7d573d7d0e07a3d71.ico,32,32,image/x-icon,12a72cf8f2b39d71ff9ea1b2fa60ce5178ddae51705cb4c7d573d7d0e07a3d71,https://www.vtcourts.gov/,https://www.vtcourts.gov/themes/vermont_judiciary/vtj.ico,2026-09-12T23:43:47.395028+00:00,Permission not established. Public availability is not a reuse license. Use only for clearly identified court reference; do not imply court endorsement. Check court terms before public deployment.
ST:vt_state,Vermont Courts,,judiciary_logo,statewide_judiciary_mark,True,Vermont Judiciary,images/15/158132c77bc525bcd54743784d472729d82757212e0a88c0f5110b43c47e0a83.svg,234.08,53.57,image/svg+xml,158132c77bc525bcd54743784d472729d82757212e0a88c0f5110b43c47e0a83,https://www.vtcourts.gov/,https://www.vtcourts.gov/themes/vermont_judiciary/logo.svg,2026-09-12T23:43:47.196644+00:00,Permission not established. Public availability is not a reuse license. Use only for clearly identified court reference; do not imply court endorsement. Check court terms before public deployment.
ST:wa_state,Washington Courts,,favicon,site_icon,True,Washington Courts - official-site icon,images/08/08ece9c6d49a556f0026753e0803e3ccbc51e4c48490855f84996dc6be9a04c7.gif,16,16,image/gif,08ece9c6d49a556f0026753e0803e3ccbc51e4c48490855f84996dc6be9a04c7,https://www.courts.wa.gov/error.html,https://www.courts.wa.gov/favicon.ico,2026-09-12T23:43:50.494223+00:00,Permission not established. Public availability is not a reuse license. Use only for clearly identified court reference; do not imply court endorsement. Check court terms before public deployment.
ST:wa_state,Washington Courts,,judiciary_logo,statewide_judiciary_mark,True,Courts Home Page Logo,images/fb/fbff862fd631d5caf637b5e1d274267720b79ff79eaa6a0656920cef837835ca.jpg,231,60,image/jpeg,fbff862fd631d5caf637b5e1d274267720b79ff79eaa6a0656920cef837835ca,https://www.courts.wa.gov/error.html,https://www.courts.wa.gov/images/courtsb.jpg,2026-09-12T23:43:49.870495+00:00,Permission not established. Public availability is not a reuse license. Use only for clearly identified court reference; do not imply court endorsement. Check court terms before public deployment.
ST:wa_state,Washington Courts,,judiciary_logo,statewide_judiciary_mark,True,Welcome to Washington State Courts,images/2e/2e15755f863ca0652fbcffad15312575ee6994420296227a2a170e32c9b7611c.png,200,60,image/png,2e15755f863ca0652fbcffad15312575ee6994420296227a2a170e32c9b7611c,https://www.courts.wa.gov/error.html,https://www.courts.wa.gov/images/wacourts-head.png,2026-09-12T23:43:50.189335+00:00,Permission not established. Public availability is not a reuse license. Use only for clearly identified court reference; do not imply court endorsement. Check court terms before public deployment.
ST:wi_state,Wisconsin Courts,,judiciary_logo,statewide_judiciary_mark,True,Wisconsin Court System logo,images/c1/c10799ec7d16486333ba67dbf13bdeb3770b552447ab75dd146863d975d7ecfb.png,306,82,image/png,c10799ec7d16486333ba67dbf13bdeb3770b552447ab75dd146863d975d7ecfb,https://www.wicourts.gov/,https://www.wicourts.gov/images/wcs_logo-footer.png,2026-09-12T23:43:48.433826+00:00,Permission not established. Public availability is not a reuse license. Use only for clearly identified court reference; do not imply court endorsement. Check court terms before public deployment.
ST:wi_state,Wisconsin Courts,,judiciary_logo,statewide_judiciary_mark,True,Wisconsin Court System logo,images/c4/c462a2aa6c9ef6daefd401190c0a82e907d9809b95dc710961139207023a89fb.png,275,100,image/png,c462a2aa6c9ef6daefd401190c0a82e907d9809b95dc710961139207023a89fb,https://www.wicourts.gov/,https://www.wicourts.gov/images/wcs_logo.png,2026-09-12T23:43:47.911880+00:00,Permission not established. Public availability is not a reuse license. Use only for clearly identified court reference; do not imply court endorsement. Check court terms before public deployment.
ST:wi_state,Wisconsin Courts,,judiciary_logo,statewide_judiciary_mark,True,Wisconsin Court System Logo,images/8f/8f58f76c83f3e6a2cf78798a26f4d5336f8dcf5a880e1e0e24da7be4bc76515b.png,550,200,image/png,8f58f76c83f3e6a2cf78798a26f4d5336f8dcf5a880e1e0e24da7be4bc76515b,https://www.wicourts.gov/,https://www.wicourts.gov/images/wcs_logo@2x.png,2026-09-12T23:43:48.235502+00:00,Permission not established. Public availability is not a reuse license. Use only for clearly identified court reference; do not imply court endorsement. Check court terms before public deployment.
ST:wv_state,West Virginia Courts,,judiciary_logo,statewide_judiciary_mark,True,West Virginia Courts - official-site identity mark,images/70/7005d53ad5d5960cd53d250f01b33cfb88c505ff4dbe3d081c4796d922ddc3ea.png,10585,2195,image/png,7005d53ad5d5960cd53d250f01b33cfb88c505ff4dbe3d081c4796d922ddc3ea,https://www.courtswv.gov/,https://www.courtswv.gov/sites/default/pubfilesmnt/wvcourtsheader_1.png,2026-09-12T23:46:35.114226+00:00,Permission not established. Public availability is not a reuse license. Use only for clearly identified court reference; do not imply court endorsement. Check court terms before public deployment.
ST:wy_state,Wyoming Courts,,favicon,site_icon,True,Wyoming Courts - official-site icon,images/e3/e3a779d5bda8443fa25177c9f9cf94ebdac0e3dba9bce974bdfa2b5dbd10a823.png,150,150,image/png,e3a779d5bda8443fa25177c9f9cf94ebdac0e3dba9bce974bdfa2b5dbd10a823,https://www.wyocourts.gov/,https://www.wyocourts.gov/app/uploads/2025/03/cropped-WJB-favicon-13-1-1-150x150.png,2026-09-12T23:43:48.340159+00:00,Permission not established. Public availability is not a reuse license. Use only for clearly identified court reference; do not imply court endorsement. Check court terms before public deployment.
ST:wy_state,Wyoming Courts,,judiciary_logo,statewide_judiciary_mark,True,Wyoming Courts - official-site identity mark,images/98/98ac9d008e6b247e18899f65b5a4635012478d4e4d0cc175497f33c48c4d987a.png,2560,2560,image/png,98ac9d008e6b247e18899f65b5a4635012478d4e4d0cc175497f33c48c4d987a,https://www.wyocourts.gov/,https://www.wyocourts.gov/app/uploads/2025/05/02e08a4e-6895-4ff9-80f3-855ecee0e677-scaled.png,2026-09-12T23:43:48.260020+00:00,Permission not established. Public availability is not a reuse license. Use only for clearly identified court reference; do not imply court endorsement. Check court terms before public deployment.
