court_id,name,homepage,directory_source,visual_status,primary_asset_id,primary_asset_path,primary_background,primary_kind,compact_asset_path,compact_background,primary_identity_scope,primary_observed_on_single_registry_entry,asset_ids,fallback_text,permission_status,last_retrieved_at,collection_status,collection_errors
F:ca1,United States Court of Appeals — First Circuit,https://www.ca1.uscourts.gov/,https://www.uscourts.gov/about-federal-courts/court-role-and-structure/court-website-links,court_mark,asset_db6e4f21338b6e14,images/db/db6e4f21338b6e14df0336dc80a018f04d7ae64dbd4a270ddd9e6dadd10be264.png,light,court_seal,images/db/db6e4f21338b6e14df0336dc80a018f04d7ae64dbd4a270ddd9e6dadd10be264.png,light,federal_court_site_mark,True,"[""asset_db6e4f21338b6e14""]",CA1,not_established,2026-09-12T23:43:19.743313+00:00,downloaded,"[""RemoteDisconnected: Remote end closed connection without response""]"
F:ca10,United States Court of Appeals — Tenth Circuit,https://www.ca10.uscourts.gov/,https://www.uscourts.gov/about-federal-courts/court-role-and-structure/court-website-links,court_mark,asset_f97c301c6c49402d,images/f9/f97c301c6c49402d7c7669b50bda72fe9a2aca6e815f11ee450d453005f70273.png,light,court_logo,images/f9/f97c301c6c49402d7c7669b50bda72fe9a2aca6e815f11ee450d453005f70273.png,light,federal_court_site_mark,True,"[""asset_f97c301c6c49402d""]",CA10,not_established,2026-09-12T23:46:22.252371+00:00,downloaded,"[""RemoteDisconnected: Remote end closed connection without response""]"
F:ca11,United States Court of Appeals — Eleventh Circuit,https://www.ca11.uscourts.gov/,https://www.uscourts.gov/about-federal-courts/court-role-and-structure/court-website-links,court_mark,asset_dfb80555c0c23331,images/df/dfb80555c0c23331cc61fda272526ab0e31b71a277003416f0606fdf6e3a3515.png,light,court_seal,images/df/dfb80555c0c23331cc61fda272526ab0e31b71a277003416f0606fdf6e3a3515.png,light,federal_court_site_mark,True,"[""asset_dfb80555c0c23331"", ""asset_c4e4a7a6a6f1734b""]",CA11,not_established,2026-09-12T23:43:20.605729+00:00,downloaded,[]
F:ca2,United States Court of Appeals — Second Circuit,https://www.ca2.uscourts.gov/,https://www.uscourts.gov/about-federal-courts/court-role-and-structure/court-website-links,court_mark,asset_e8cdb3e1f192d3e8,images/e8/e8cdb3e1f192d3e8d4872d013a846f3e83bd4ba46779fe7463d9bddd8d05f7a6.png,light,court_logo,,light,federal_court_site_mark,True,"[""asset_e8cdb3e1f192d3e8""]",CA2,not_established,2026-09-12T23:47:40.689001+00:00,no_downloadable_identity_asset,[]
F:ca3,United States Court of Appeals — Third Circuit,https://www.ca3.uscourts.gov/,https://www.uscourts.gov/about-federal-courts/court-role-and-structure/court-website-links,court_mark,asset_758c9fd88c17f31f,images/75/758c9fd88c17f31f74ff6397063911097f7d28a79ff5dc58bda653860db8b2eb.png,light,court_seal,images/75/758c9fd88c17f31f74ff6397063911097f7d28a79ff5dc58bda653860db8b2eb.png,light,federal_court_site_mark,True,"[""asset_758c9fd88c17f31f"", ""asset_6091c776fb5c95cf"", ""asset_c96c8cdea312b836""]",CA3,not_established,2026-09-12T23:46:22.443081+00:00,downloaded,[]
F:ca4,United States Court of Appeals — Fourth Circuit,https://www.ca4.uscourts.gov/,https://www.uscourts.gov/about-federal-courts/court-role-and-structure/court-website-links,court_mark,asset_74023a3dc0afb78c,images/74/74023a3dc0afb78c9ec81fed69fdb27e435614d1f7629052ce5de60cc296dcb2.png,light,court_logo,images/74/74023a3dc0afb78c9ec81fed69fdb27e435614d1f7629052ce5de60cc296dcb2.png,light,federal_court_site_mark,True,"[""asset_74023a3dc0afb78c""]",CA4,not_established,2026-09-12T23:43:19.774859+00:00,downloaded,[]
F:ca5,United States Court of Appeals — Fifth Circuit,https://www.ca5.uscourts.gov/,https://www.uscourts.gov/about-federal-courts/court-role-and-structure/court-website-links,court_mark,asset_e55b4eb28e04f293,images/e5/e55b4eb28e04f29358a9db22b1b8b5fe203140f3def1ab1b933463acfad7b378.svg,light,court_seal,images/e5/e55b4eb28e04f29358a9db22b1b8b5fe203140f3def1ab1b933463acfad7b378.svg,light,federal_court_site_mark,True,"[""asset_e55b4eb28e04f293"", ""asset_8dc5c0116b8c0a52""]",CA5,not_established,2026-09-12T23:43:20.114373+00:00,downloaded,[]
F:ca6,United States Court of Appeals — Sixth Circuit,https://www.ca6.uscourts.gov/,https://www.uscourts.gov/about-federal-courts/court-role-and-structure/court-website-links,court_mark,asset_9a40070d3b02d3bd,images/9a/9a40070d3b02d3bdca93d83c5dd02b796686c46cb3b3bd7823d672ddf61784b5.png,light,court_seal,images/9a/9a40070d3b02d3bdca93d83c5dd02b796686c46cb3b3bd7823d672ddf61784b5.png,light,federal_court_site_mark,True,"[""asset_9a40070d3b02d3bd"", ""asset_6091c776fb5c95cf"", ""asset_c96c8cdea312b836""]",CA6,not_established,2026-09-12T23:46:22.402636+00:00,downloaded,[]
F:ca7,United States Court of Appeals — Seventh Circuit,https://www.ca7.uscourts.gov/,https://www.uscourts.gov/about-federal-courts/court-role-and-structure/court-website-links,text_fallback,,,light,,,light,,,[],CA7,not_applicable,2026-09-12T23:43:17.335958+00:00,no_downloadable_identity_asset,"[""PermissionError: robots_checked: https://www.ca7.uscourts.gov/assets/images/seal-brown-trans.svg""]"
F:ca8,United States Court of Appeals — Eighth Circuit,https://www.ca8.uscourts.gov/,https://www.uscourts.gov/about-federal-courts/court-role-and-structure/court-website-links,court_mark,asset_fad9377d53a433b4,images/fa/fad9377d53a433b40e29600e3ba8f05462b11532d425a0ba9f1c89f3e29746f8.png,light,court_seal,images/fa/fad9377d53a433b40e29600e3ba8f05462b11532d425a0ba9f1c89f3e29746f8.png,light,federal_court_site_mark,True,"[""asset_fad9377d53a433b4"", ""asset_c96c8cdea312b836""]",CA8,not_established,2026-09-12T23:43:20.233393+00:00,downloaded,[]
F:ca9,United States Court of Appeals — Ninth Circuit,https://www.ca9.uscourts.gov/,https://www.uscourts.gov/about-federal-courts/court-role-and-structure/court-website-links,court_mark,asset_d8e3a868f4951427,images/d8/d8e3a868f4951427c7ec45279316d3f347992b06b50e6821797ed87912ae6378.svg,light,court_logo,images/d8/d8e3a868f4951427c7ec45279316d3f347992b06b50e6821797ed87912ae6378.svg,light,federal_court_site_mark,True,"[""asset_d8e3a868f4951427""]",CA9,not_established,2026-09-12T23:52:13.060582+00:00,downloaded,[]
F:cadc,United States Court of Appeals — District of Columbia Circuit,https://www.cadc.uscourts.gov/,https://www.uscourts.gov/about-federal-courts/court-role-and-structure/court-website-links,court_mark,asset_fbd38f8d8c53bd97,images/fb/fbd38f8d8c53bd9704186cc7b99ba114deb279ff9add0ff9f06e4d1ec5bc1ae5.png,light,court_seal,images/fb/fbd38f8d8c53bd9704186cc7b99ba114deb279ff9add0ff9f06e4d1ec5bc1ae5.png,light,federal_court_site_mark,True,"[""asset_fbd38f8d8c53bd97""]",CADC,not_established,2026-09-12T23:43:20.585505+00:00,downloaded,"[""RemoteDisconnected: Remote end closed connection without response""]"
F:cafc,United States Court of Appeals — Federal Circuit,https://www.cafc.uscourts.gov/,https://www.uscourts.gov/about-federal-courts/court-role-and-structure/court-website-links,court_mark,asset_c76d29532d858ad0,images/c7/c76d29532d858ad0e3337e2ed94612a2d58c5eb4f71c6bdc7c03d7bdeaef72dc.png,light,court_seal,images/c7/c76d29532d858ad0e3337e2ed94612a2d58c5eb4f71c6bdc7c03d7bdeaef72dc.png,light,federal_court_site_mark,True,"[""asset_c76d29532d858ad0""]",CAFC,not_established,2026-09-12T23:43:21.641302+00:00,downloaded,"[""HTTPError: HTTP Error 404: Not Found""]"
FB:akb,United States Bankruptcy Court — Alaska,https://www.akb.uscourts.gov/,https://www.uscourts.gov/about-federal-courts/court-role-and-structure/court-website-links,court_mark,asset_079f46c625b5d775,images/07/079f46c625b5d7752f9be2c0a4260ae888849674bb5497f8dfbe7f5295f136bb.png,light,judiciary_logo,images/07/079f46c625b5d7752f9be2c0a4260ae888849674bb5497f8dfbe7f5295f136bb.png,light,shared_federal_judiciary_mark,False,"[""asset_079f46c625b5d775"", ""asset_2db3a924a1d6d4d5""]",AKB,not_established,2026-09-12T23:43:20.716891+00:00,downloaded,[]
FB:almb,United States Bankruptcy Court — Alabama Middle,https://www.almb.uscourts.gov/,https://www.uscourts.gov/about-federal-courts/court-role-and-structure/court-website-links,court_mark,asset_079f46c625b5d775,images/07/079f46c625b5d7752f9be2c0a4260ae888849674bb5497f8dfbe7f5295f136bb.png,light,judiciary_logo,images/07/079f46c625b5d7752f9be2c0a4260ae888849674bb5497f8dfbe7f5295f136bb.png,light,shared_federal_judiciary_mark,False,"[""asset_079f46c625b5d775"", ""asset_aa4633d5292b2985""]",ALMB,not_established,2026-09-12T23:46:22.415030+00:00,downloaded,[]
FB:alnb,United States Bankruptcy Court — Alabama Northern,https://www.alnb.uscourts.gov/,https://www.uscourts.gov/about-federal-courts/court-role-and-structure/court-website-links,court_mark,asset_253504637f088e21,images/25/253504637f088e21de64a08bd0849422cc611b4be2d25bf8530074a93a666683.png,light,court_seal,images/25/253504637f088e21de64a08bd0849422cc611b4be2d25bf8530074a93a666683.png,light,federal_court_site_mark,True,"[""asset_253504637f088e21"", ""asset_aa4633d5292b2985""]",ALNB,not_established,2026-09-12T23:46:23.045197+00:00,downloaded,[]
FB:alsb,United States Bankruptcy Court — Alabama Southern,https://www.alsb.uscourts.gov/,https://www.uscourts.gov/about-federal-courts/court-role-and-structure/court-website-links,favicon_only,asset_c96c8cdea312b836,images/c9/c96c8cdea312b83693a9c59c47d8f646a4091dcd535dd137cdb30d22165ce852.png,light,favicon,images/c9/c96c8cdea312b83693a9c59c47d8f646a4091dcd535dd137cdb30d22165ce852.png,light,site_icon,False,"[""asset_c96c8cdea312b836""]",ALSB,not_established,2026-09-12T23:43:20.830783+00:00,blocked,"[""PermissionError: robots_unavailable_RemoteDisconnected: https://www.alsb.uscourts.gov/""]"
FB:areb,United States Bankruptcy Court — Arkansas Eastern,https://www.areb.uscourts.gov/,https://www.uscourts.gov/about-federal-courts/court-role-and-structure/court-website-links,court_mark,asset_079f46c625b5d775,images/07/079f46c625b5d7752f9be2c0a4260ae888849674bb5497f8dfbe7f5295f136bb.png,light,judiciary_logo,images/07/079f46c625b5d7752f9be2c0a4260ae888849674bb5497f8dfbe7f5295f136bb.png,light,shared_federal_judiciary_mark,False,"[""asset_079f46c625b5d775""]",AREB,not_established,2026-09-12T23:43:20.833829+00:00,downloaded,"[""RemoteDisconnected: Remote end closed connection without response""]"
FB:arwb,United States Bankruptcy Court — Arkansas Western,https://www.areb.uscourts.gov/,https://www.uscourts.gov/about-federal-courts/court-role-and-structure/court-website-links,court_mark,asset_079f46c625b5d775,images/07/079f46c625b5d7752f9be2c0a4260ae888849674bb5497f8dfbe7f5295f136bb.png,light,judiciary_logo,images/07/079f46c625b5d7752f9be2c0a4260ae888849674bb5497f8dfbe7f5295f136bb.png,light,shared_federal_judiciary_mark,False,"[""asset_079f46c625b5d775"", ""asset_aa4633d5292b2985""]",ARWB,not_established,2026-09-12T23:46:23.225252+00:00,downloaded,[]
FB:azb,United States Bankruptcy Court — Arizona,https://www.azb.uscourts.gov/,https://www.uscourts.gov/about-federal-courts/court-role-and-structure/court-website-links,court_mark,asset_079f46c625b5d775,images/07/079f46c625b5d7752f9be2c0a4260ae888849674bb5497f8dfbe7f5295f136bb.png,light,judiciary_logo,images/07/079f46c625b5d7752f9be2c0a4260ae888849674bb5497f8dfbe7f5295f136bb.png,light,shared_federal_judiciary_mark,False,"[""asset_079f46c625b5d775"", ""asset_aa4633d5292b2985""]",AZB,not_established,2026-09-12T23:52:12.772730+00:00,downloaded,[]
FB:cacb,United States Bankruptcy Court — California Central,https://www.cacb.uscourts.gov/,https://www.uscourts.gov/about-federal-courts/court-role-and-structure/court-website-links,court_mark,asset_ed0b1fbf20d3bec3,images/ed/ed0b1fbf20d3bec38fb604e12872ab93fb45c2cd6b78d0a085293e2c0db8cf84.png,light,court_seal,images/ed/ed0b1fbf20d3bec38fb604e12872ab93fb45c2cd6b78d0a085293e2c0db8cf84.png,light,federal_court_site_mark,True,"[""asset_ed0b1fbf20d3bec3"", ""asset_aa4633d5292b2985""]",CACB,not_established,2026-09-12T23:52:14.607640+00:00,downloaded,[]
FB:caeb,United States Bankruptcy Court — California Eastern,https://www.caeb.uscourts.gov/,https://www.uscourts.gov/about-federal-courts/court-role-and-structure/court-website-links,court_mark,asset_4c51b640353a3397,images/4c/4c51b640353a3397f52c3de067b0d5d67a43d7bf0bc83bec3c89c17a66764515.png,light,court_seal,images/4c/4c51b640353a3397f52c3de067b0d5d67a43d7bf0bc83bec3c89c17a66764515.png,light,federal_court_site_mark,True,"[""asset_4c51b640353a3397""]",CAEB,not_established,2026-09-12T23:43:22.152128+00:00,downloaded,[]
FB:canb,United States Bankruptcy Court — California Northern,https://www.canb.uscourts.gov/,https://www.uscourts.gov/about-federal-courts/court-role-and-structure/court-website-links,court_mark,asset_d08d29aabd1efd46,images/d0/d08d29aabd1efd46fb357ea2fc57c5087cc892e548f15f93d4a6cff6182345f7.gif,light,court_logo,images/d0/d08d29aabd1efd46fb357ea2fc57c5087cc892e548f15f93d4a6cff6182345f7.gif,light,federal_court_site_mark,True,"[""asset_d08d29aabd1efd46"", ""asset_3b04f2dfb1e5a31f""]",CANB,not_established,2026-09-12T23:46:24.581465+00:00,downloaded,[]
FB:casb,United States Bankruptcy Court — California Southern,https://www.casb.uscourts.gov/,https://www.uscourts.gov/about-federal-courts/court-role-and-structure/court-website-links,court_mark,asset_bb43dc8f60e8bac1,images/bb/bb43dc8f60e8bac15c5e10c121a898b70498dcd98c0731837f2085df2fa08a55.png,light,court_seal,images/bb/bb43dc8f60e8bac15c5e10c121a898b70498dcd98c0731837f2085df2fa08a55.png,light,federal_court_site_mark,True,"[""asset_bb43dc8f60e8bac1"", ""asset_c96c8cdea312b836""]",CASB,not_established,2026-09-12T23:43:21.780837+00:00,downloaded,[]
FB:cob,United States Bankruptcy Court — Colorado,https://www.cob.uscourts.gov/,https://www.uscourts.gov/about-federal-courts/court-role-and-structure/court-website-links,court_mark,asset_ce7048899b25aa38,images/ce/ce7048899b25aa38a8db9c03af74e89f354f95029b3ee418f0b5d0292e59de8e.png,light,court_seal,images/ce/ce7048899b25aa38a8db9c03af74e89f354f95029b3ee418f0b5d0292e59de8e.png,light,federal_court_site_mark,True,"[""asset_ce7048899b25aa38"", ""asset_1adbd58c71aba581"", ""asset_c96c8cdea312b836""]",COB,not_established,2026-09-12T23:46:23.673265+00:00,downloaded,[]
FB:ctb,United States Bankruptcy Court — Connecticut,https://www.ctb.uscourts.gov/,https://www.uscourts.gov/about-federal-courts/court-role-and-structure/court-website-links,court_mark,asset_c4748454ede8f9d9,images/c4/c4748454ede8f9d98f4fe841e9c3a0e501001888c66a6e1a48947c209af80133.png,light,court_seal,images/c4/c4748454ede8f9d98f4fe841e9c3a0e501001888c66a6e1a48947c209af80133.png,light,federal_court_site_mark,True,"[""asset_c4748454ede8f9d9"", ""asset_aa4633d5292b2985""]",CTB,not_established,2026-09-12T23:52:12.772730+00:00,downloaded,[]
FB:dcb,United States Bankruptcy Court — District of Columbia,https://www.dcb.uscourts.gov/,https://www.uscourts.gov/about-federal-courts/court-role-and-structure/court-website-links,court_mark,asset_079f46c625b5d775,images/07/079f46c625b5d7752f9be2c0a4260ae888849674bb5497f8dfbe7f5295f136bb.png,light,judiciary_logo,images/07/079f46c625b5d7752f9be2c0a4260ae888849674bb5497f8dfbe7f5295f136bb.png,light,shared_federal_judiciary_mark,False,"[""asset_079f46c625b5d775""]",DCB,not_established,2026-09-12T23:43:21.500959+00:00,downloaded,"[""RemoteDisconnected: Remote end closed connection without response""]"
FB:deb,United States Bankruptcy Court — Delaware,https://www.deb.uscourts.gov/,https://www.uscourts.gov/about-federal-courts/court-role-and-structure/court-website-links,court_mark,asset_ef25159ec976ff97,images/ef/ef25159ec976ff975d8693ce4be9cd29dcc82a2445cf1bcdc4e7cf73b525735d.png,light,court_logo,images/ef/ef25159ec976ff975d8693ce4be9cd29dcc82a2445cf1bcdc4e7cf73b525735d.png,light,federal_court_site_mark,True,"[""asset_ef25159ec976ff97""]",DEB,not_established,2026-09-12T23:52:12.751013+00:00,downloaded,"[""RemoteDisconnected: Remote end closed connection without response""]"
FB:flmb,United States Bankruptcy Court — Florida Middle,http://www.flmb.uscourts.gov/,https://www.uscourts.gov/about-federal-courts/court-role-and-structure/court-website-links,text_fallback,,,light,,,light,,,[],FLMB,not_applicable,2026-09-12T23:52:11.729202+00:00,no_downloadable_identity_asset,[]
FB:flnb,United States Bankruptcy Court — Florida Northern,https://www.flnb.uscourts.gov/,https://www.uscourts.gov/about-federal-courts/court-role-and-structure/court-website-links,court_mark,asset_fa67dbc1adbbcfed,images/fa/fa67dbc1adbbcfed110088f1f6b2f1b778259187898658294a01b1c1a41510a3.png,light,court_logo,images/fa/fa67dbc1adbbcfed110088f1f6b2f1b778259187898658294a01b1c1a41510a3.png,light,federal_court_site_mark,True,"[""asset_fa67dbc1adbbcfed"", ""asset_c96c8cdea312b836""]",FLNB,not_established,2026-09-12T23:43:21.908682+00:00,downloaded,[]
FB:flsb,United States Bankruptcy Court — Florida Southern,https://www.flsb.uscourts.gov/,https://www.uscourts.gov/about-federal-courts/court-role-and-structure/court-website-links,court_mark,asset_a7d9217775b69072,images/a7/a7d9217775b69072a478b016124070180701154446603a8dac0cc63740cee418.png,light,court_seal,images/a7/a7d9217775b69072a478b016124070180701154446603a8dac0cc63740cee418.png,light,federal_court_site_mark,True,"[""asset_a7d9217775b69072"", ""asset_c96c8cdea312b836""]",FLSB,not_established,2026-09-12T23:43:22.987709+00:00,downloaded,[]
FB:gamb,United States Bankruptcy Court — Georgia Middle,http://www.gamb.uscourts.gov/,https://www.uscourts.gov/about-federal-courts/court-role-and-structure/court-website-links,court_mark,asset_35394897f831bc4c,images/35/35394897f831bc4c92d9b719f46f3c749fb9f70013c59dc654c1c39d6fae2dc5.gif,light,court_seal,images/35/35394897f831bc4c92d9b719f46f3c749fb9f70013c59dc654c1c39d6fae2dc5.gif,light,federal_court_site_mark,True,"[""asset_35394897f831bc4c"", ""asset_c4e4a7a6a6f1734b""]",GAMB,not_established,2026-09-12T23:43:24.491006+00:00,downloaded,[]
FB:ganb,United States Bankruptcy Court — Georgia Northern,https://www.ganb.uscourts.gov/,https://www.uscourts.gov/about-federal-courts/court-role-and-structure/court-website-links,court_mark,asset_d8e85785c553021b,images/d8/d8e85785c553021b88426268608ea54062619df16605691a4aa899fec231ef0e.png,light,court_seal,images/d8/d8e85785c553021b88426268608ea54062619df16605691a4aa899fec231ef0e.png,light,federal_court_site_mark,True,"[""asset_d8e85785c553021b"", ""asset_1adbd58c71aba581"", ""asset_c96c8cdea312b836""]",GANB,not_established,2026-09-12T23:46:24.321422+00:00,downloaded,[]
FB:gasb,United States Bankruptcy Court — Georgia Southern,https://www.gasb.uscourts.gov/,https://www.uscourts.gov/about-federal-courts/court-role-and-structure/court-website-links,court_mark,asset_0b697e23bae4fd57,images/0b/0b697e23bae4fd575f2db1a49cf03ffb6e7c4c6829220a0024b58f58da118798.png,light,court_seal,images/0b/0b697e23bae4fd575f2db1a49cf03ffb6e7c4c6829220a0024b58f58da118798.png,light,federal_court_site_mark,True,"[""asset_0b697e23bae4fd57"", ""asset_c96c8cdea312b836""]",GASB,not_established,2026-09-12T23:43:22.941034+00:00,downloaded,[]
FB:gub,United States Bankruptcy Court — Guam,https://www.gud.uscourts.gov/,https://www.uscourts.gov/about-federal-courts/court-role-and-structure/court-website-links,court_mark,asset_e82bd676eefb7bf0,images/e8/e82bd676eefb7bf01a687db4127a0489519899124a8642836f5922e0779315df.png,light,judiciary_logo,images/e8/e82bd676eefb7bf01a687db4127a0489519899124a8642836f5922e0779315df.png,light,shared_federal_judiciary_mark,False,"[""asset_e82bd676eefb7bf0"", ""asset_46a4d9c1e54ba0f8""]",GUB,not_established,2026-09-12T23:52:13.324716+00:00,downloaded,[]
FB:hib,United States Bankruptcy Court — Hawaii,https://www.hib.uscourts.gov/,https://www.uscourts.gov/about-federal-courts/court-role-and-structure/court-website-links,court_mark,asset_027c8d4bf895eb03,images/02/027c8d4bf895eb03dbc02825d06934b138be30ce9eb746d9ca912de747f598fc.png,light,court_logo,images/02/027c8d4bf895eb03dbc02825d06934b138be30ce9eb746d9ca912de747f598fc.png,light,federal_court_site_mark,True,"[""asset_027c8d4bf895eb03"", ""asset_c96c8cdea312b836""]",HIB,not_established,2026-09-12T23:43:23.046904+00:00,downloaded,[]
FB:ianb,United States Bankruptcy Court — Iowa Northern,https://www.ianb.uscourts.gov/,https://www.uscourts.gov/about-federal-courts/court-role-and-structure/court-website-links,court_mark,asset_b2f6624ee066991a,images/b2/b2f6624ee066991a48ee500cdd74ec618dbd54463b042c7e74f6bf4adba3ea2f.png,light,court_seal,images/b2/b2f6624ee066991a48ee500cdd74ec618dbd54463b042c7e74f6bf4adba3ea2f.png,light,federal_court_site_mark,True,"[""asset_b2f6624ee066991a"", ""asset_c96c8cdea312b836""]",IANB,not_established,2026-09-12T23:43:23.097156+00:00,downloaded,[]
FB:iasb,United States Bankruptcy Court — Iowa Southern,https://www.iasb.uscourts.gov/,https://www.uscourts.gov/about-federal-courts/court-role-and-structure/court-website-links,court_mark,asset_75dc63447af1ca97,images/75/75dc63447af1ca9715ca4eaa2c33cad274acbaf99d046227b1edb2795846b00a.png,light,court_seal,images/75/75dc63447af1ca9715ca4eaa2c33cad274acbaf99d046227b1edb2795846b00a.png,light,federal_court_site_mark,True,"[""asset_75dc63447af1ca97"", ""asset_c96c8cdea312b836""]",IASB,not_established,2026-09-12T23:43:23.293142+00:00,downloaded,[]
FB:idb,United States Bankruptcy Court — Idaho,https://www.id.uscourts.gov/,https://www.uscourts.gov/about-federal-courts/court-role-and-structure/court-website-links,court_mark,asset_b65df614f4d15a24,images/b6/b65df614f4d15a242ece247a967aecf616a8c696d3900af302f639cce20310d2.png,light,judiciary_logo,images/b6/b65df614f4d15a242ece247a967aecf616a8c696d3900af302f639cce20310d2.png,light,shared_federal_judiciary_mark,False,"[""asset_b65df614f4d15a24"", ""asset_bf0b026eafddd46a"", ""asset_705c9f63add788c7""]",IDB,not_established,2026-09-12T23:43:24.158573+00:00,downloaded,[]
FB:ilcb,United States Bankruptcy Court — Illinois Central,https://www.ilcb.uscourts.gov/,https://www.uscourts.gov/about-federal-courts/court-role-and-structure/court-website-links,court_mark,asset_c513953c189130db,images/c5/c513953c189130db9ab32091f87a62847490c8bb1b84743e1fdb94e0c638b15b.png,light,court_seal,images/c5/c513953c189130db9ab32091f87a62847490c8bb1b84743e1fdb94e0c638b15b.png,light,federal_court_site_mark,True,"[""asset_c513953c189130db"", ""asset_c96c8cdea312b836""]",ILCB,not_established,2026-09-12T23:43:23.881844+00:00,downloaded,[]
FB:ilnb,United States Bankruptcy Court — Illinois Northern,https://www.ilnb.uscourts.gov/,https://www.uscourts.gov/about-federal-courts/court-role-and-structure/court-website-links,court_mark,asset_079f46c625b5d775,images/07/079f46c625b5d7752f9be2c0a4260ae888849674bb5497f8dfbe7f5295f136bb.png,light,judiciary_logo,images/07/079f46c625b5d7752f9be2c0a4260ae888849674bb5497f8dfbe7f5295f136bb.png,light,shared_federal_judiciary_mark,False,"[""asset_079f46c625b5d775"", ""asset_aa4633d5292b2985""]",ILNB,not_established,2026-09-12T23:52:13.619447+00:00,downloaded,[]
FB:ilsb,United States Bankruptcy Court — Illinois Southern,http://www.ilsb.uscourts.gov/,https://www.uscourts.gov/about-federal-courts/court-role-and-structure/court-website-links,court_mark,asset_4c7c01208279394f,images/4c/4c7c01208279394f594cfa048597946a116cce4e0fdda5daea57cd4809ccf8b2.png,light,court_seal,images/4c/4c7c01208279394f594cfa048597946a116cce4e0fdda5daea57cd4809ccf8b2.png,light,federal_court_site_mark,True,"[""asset_4c7c01208279394f"", ""asset_aa4633d5292b2985""]",ILSB,not_established,2026-09-12T23:52:14.116511+00:00,downloaded,[]
FB:innb,United States Bankruptcy Court — Indiana Northern,https://www.innb.uscourts.gov/,https://www.uscourts.gov/about-federal-courts/court-role-and-structure/court-website-links,court_mark,asset_bb6eccda14988a6a,images/bb/bb6eccda14988a6ad7abd7ee298c35b4b996018e6a58210cecec41562b57ed61.png,light,court_seal,images/bb/bb6eccda14988a6ad7abd7ee298c35b4b996018e6a58210cecec41562b57ed61.png,light,federal_court_site_mark,True,"[""asset_bb6eccda14988a6a"", ""asset_aa4633d5292b2985""]",INNB,not_established,2026-09-12T23:46:23.966099+00:00,downloaded,[]
FB:insb,United States Bankruptcy Court — Indiana Southern,https://www.insb.uscourts.gov/,https://www.uscourts.gov/about-federal-courts/court-role-and-structure/court-website-links,court_mark,asset_a8403a68b76d6510,images/a8/a8403a68b76d651075ccd429125658d57b81009523aa93b22af96e2b08c34e84.png,light,court_seal,images/a8/a8403a68b76d651075ccd429125658d57b81009523aa93b22af96e2b08c34e84.png,light,federal_court_site_mark,True,"[""asset_a8403a68b76d6510"", ""asset_1afe93099a0fc25c"", ""asset_aa4633d5292b2985"", ""asset_c96c8cdea312b836""]",INSB,not_established,2026-09-12T23:46:24.495585+00:00,downloaded,[]
FB:ksb,United States Bankruptcy Court — Kansas,https://www.ksb.uscourts.gov/,https://www.uscourts.gov/about-federal-courts/court-role-and-structure/court-website-links,court_mark,asset_079f46c625b5d775,images/07/079f46c625b5d7752f9be2c0a4260ae888849674bb5497f8dfbe7f5295f136bb.png,light,judiciary_logo,images/07/079f46c625b5d7752f9be2c0a4260ae888849674bb5497f8dfbe7f5295f136bb.png,light,shared_federal_judiciary_mark,False,"[""asset_079f46c625b5d775"", ""asset_aa4633d5292b2985""]",KSB,not_established,2026-09-12T23:52:13.935005+00:00,downloaded,[]
FB:kyeb,United States Bankruptcy Court — Kentucky Eastern,https://www.kyeb.uscourts.gov/,https://www.uscourts.gov/about-federal-courts/court-role-and-structure/court-website-links,court_mark,asset_079f46c625b5d775,images/07/079f46c625b5d7752f9be2c0a4260ae888849674bb5497f8dfbe7f5295f136bb.png,light,judiciary_logo,images/07/079f46c625b5d7752f9be2c0a4260ae888849674bb5497f8dfbe7f5295f136bb.png,light,shared_federal_judiciary_mark,False,"[""asset_079f46c625b5d775"", ""asset_c96c8cdea312b836""]",KYEB,not_established,2026-09-12T23:43:24.157290+00:00,downloaded,[]
FB:kywb,United States Bankruptcy Court — Kentucky Western,https://www.kywb.uscourts.gov/,https://www.uscourts.gov/about-federal-courts/court-role-and-structure/court-website-links,court_mark,asset_079f46c625b5d775,images/07/079f46c625b5d7752f9be2c0a4260ae888849674bb5497f8dfbe7f5295f136bb.png,light,judiciary_logo,images/07/079f46c625b5d7752f9be2c0a4260ae888849674bb5497f8dfbe7f5295f136bb.png,light,shared_federal_judiciary_mark,False,"[""asset_079f46c625b5d775""]",KYWB,not_established,2026-09-12T23:43:24.092605+00:00,downloaded,"[""RemoteDisconnected: Remote end closed connection without response""]"
FB:laeb,United States Bankruptcy Court — Louisiana Eastern,https://www.laeb.uscourts.gov/,https://www.uscourts.gov/about-federal-courts/court-role-and-structure/court-website-links,court_mark,asset_c657bb3ede1cbe78,images/c6/c657bb3ede1cbe78be06b82e884fe84907626b8b495e32fccfb5bb9ec81ba416.png,light,court_seal,images/c6/c657bb3ede1cbe78be06b82e884fe84907626b8b495e32fccfb5bb9ec81ba416.png,light,federal_court_site_mark,True,"[""asset_c657bb3ede1cbe78"", ""asset_aa4633d5292b2985"", ""asset_c96c8cdea312b836""]",LAEB,not_established,2026-09-12T23:46:25.657921+00:00,downloaded,[]
FB:lamb,United States Bankruptcy Court — Louisiana Middle,https://www.lamb.uscourts.gov/,https://www.uscourts.gov/about-federal-courts/court-role-and-structure/court-website-links,court_mark,asset_be4f792ec2fd2a10,images/be/be4f792ec2fd2a1022f4f49ae3bb011df511a2571f870fac1b6aa95ccbd86224.png,light,court_seal,images/be/be4f792ec2fd2a1022f4f49ae3bb011df511a2571f870fac1b6aa95ccbd86224.png,light,federal_court_site_mark,True,"[""asset_be4f792ec2fd2a10"", ""asset_aa4633d5292b2985""]",LAMB,not_established,2026-09-12T23:46:24.550013+00:00,downloaded,[]
FB:lawb,United States Bankruptcy Court — Louisiana Western,https://www.lawb.uscourts.gov/,https://www.uscourts.gov/about-federal-courts/court-role-and-structure/court-website-links,favicon_only,asset_aa4633d5292b2985,images/aa/aa4633d5292b29853183a90b60f66edbaa517dd9eb0756fba05380f20cfb5880.png,light,favicon,images/aa/aa4633d5292b29853183a90b60f66edbaa517dd9eb0756fba05380f20cfb5880.png,light,site_icon,False,"[""asset_aa4633d5292b2985""]",LAWB,not_established,2026-09-12T23:46:24.876422+00:00,downloaded,"[""RemoteDisconnected: Remote end closed connection without response"", ""RemoteDisconnected: Remote end closed connection without response""]"
FB:mab,United States Bankruptcy Court — Massachusetts,https://www.mab.uscourts.gov/,https://www.uscourts.gov/about-federal-courts/court-role-and-structure/court-website-links,court_mark,asset_3a3d053c530eb934,images/3a/3a3d053c530eb93437037eadefe5fa140dc256a15177f95c7aa140a82178a4f9.png,light,court_seal,images/3a/3a3d053c530eb93437037eadefe5fa140dc256a15177f95c7aa140a82178a4f9.png,light,federal_court_site_mark,True,"[""asset_3a3d053c530eb934"", ""asset_c96c8cdea312b836""]",MAB,not_established,2026-09-12T23:43:25.177245+00:00,downloaded,[]
FB:mdb,United States Bankruptcy Court — Maryland,https://www.mdb.uscourts.gov/,https://www.uscourts.gov/about-federal-courts/court-role-and-structure/court-website-links,court_mark,asset_c0d41f0e32d39057,images/c0/c0d41f0e32d39057dbdf6e1845204efb31c385190200d10105990bc00468066d.png,light,court_logo,images/c0/c0d41f0e32d39057dbdf6e1845204efb31c385190200d10105990bc00468066d.png,light,federal_court_site_mark,True,"[""asset_c0d41f0e32d39057"", ""asset_c96c8cdea312b836""]",MDB,not_established,2026-09-12T23:43:26.131510+00:00,downloaded,[]
FB:meb,United States Bankruptcy Court — Maine,https://www.meb.uscourts.gov/,https://www.uscourts.gov/about-federal-courts/court-role-and-structure/court-website-links,court_mark,asset_d71a86ee19f21065,images/d7/d71a86ee19f21065d5e4c0ec61a79abd11b6ac535bfb8c96e1525c3eac08f64e.png,light,court_logo,images/d7/d71a86ee19f21065d5e4c0ec61a79abd11b6ac535bfb8c96e1525c3eac08f64e.png,light,federal_court_site_mark,True,"[""asset_d71a86ee19f21065"", ""asset_c96c8cdea312b836""]",MEB,not_established,2026-09-12T23:43:25.004225+00:00,downloaded,[]
FB:mieb,United States Bankruptcy Court — Michigan Eastern,https://www.mieb.uscourts.gov/,https://www.uscourts.gov/about-federal-courts/court-role-and-structure/court-website-links,court_mark,asset_f7843cf2d6879416,images/f7/f7843cf2d6879416ff349dd7d741b7d046a3a4531415f849d2448d0bd2df69fb.png,light,court_seal,images/f7/f7843cf2d6879416ff349dd7d741b7d046a3a4531415f849d2448d0bd2df69fb.png,light,federal_court_site_mark,True,"[""asset_f7843cf2d6879416""]",MIEB,not_established,2026-09-12T23:52:13.913885+00:00,downloaded,"[""RemoteDisconnected: Remote end closed connection without response""]"
FB:miwb,United States Bankruptcy Court — Michigan Western,https://www.miwb.uscourts.gov/,https://www.uscourts.gov/about-federal-courts/court-role-and-structure/court-website-links,court_mark,asset_079f46c625b5d775,images/07/079f46c625b5d7752f9be2c0a4260ae888849674bb5497f8dfbe7f5295f136bb.png,light,judiciary_logo,images/07/079f46c625b5d7752f9be2c0a4260ae888849674bb5497f8dfbe7f5295f136bb.png,light,shared_federal_judiciary_mark,False,"[""asset_079f46c625b5d775"", ""asset_aa4633d5292b2985""]",MIWB,not_established,2026-09-12T23:46:25.366966+00:00,downloaded,[]
FB:mnb,United States Bankruptcy Court — Minnesota,https://www.mnb.uscourts.gov/,https://www.uscourts.gov/about-federal-courts/court-role-and-structure/court-website-links,court_mark,asset_c44b6a87204b6712,images/c4/c44b6a87204b67124140ec334f1392442435bd2b4b286b3d561c155b6ce6dfb5.png,light,court_seal,images/c4/c44b6a87204b67124140ec334f1392442435bd2b4b286b3d561c155b6ce6dfb5.png,light,federal_court_site_mark,True,"[""asset_c44b6a87204b6712"", ""asset_aa4633d5292b2985""]",MNB,not_established,2026-09-12T23:46:25.452313+00:00,downloaded,[]
FB:moeb,United States Bankruptcy Court — Missouri Eastern,https://www.moeb.uscourts.gov/,https://www.uscourts.gov/about-federal-courts/court-role-and-structure/court-website-links,court_mark,asset_573f32673e2be3a7,images/57/573f32673e2be3a708226bdd2b2dcf4c1049bb75b74a9934434ed24aca269916.png,light,court_seal,images/57/573f32673e2be3a708226bdd2b2dcf4c1049bb75b74a9934434ed24aca269916.png,light,federal_court_site_mark,True,"[""asset_573f32673e2be3a7"", ""asset_aa4633d5292b2985""]",MOEB,not_established,2026-09-12T23:52:15.911415+00:00,downloaded,[]
FB:mowb,United States Bankruptcy Court — Missouri Western,https://www.mow.uscourts.gov/,https://www.uscourts.gov/about-federal-courts/court-role-and-structure/court-website-links,court_mark,asset_60abf2e9f08f7d94,images/60/60abf2e9f08f7d942f78c9223816812277f8ede31caca828766eb25a28f4829e.png,light,judiciary_logo,images/60/60abf2e9f08f7d942f78c9223816812277f8ede31caca828766eb25a28f4829e.png,light,shared_federal_judiciary_mark,False,"[""asset_60abf2e9f08f7d94"", ""asset_1adbd58c71aba581""]",MOWB,not_established,2026-09-12T23:52:15.853780+00:00,downloaded,[]
FB:msnb,United States Bankruptcy Court — Mississippi Northern,https://www.msnb.uscourts.gov/,https://www.uscourts.gov/about-federal-courts/court-role-and-structure/court-website-links,court_mark,asset_a3ca8b3b8f61fabf,images/a3/a3ca8b3b8f61fabf0e9a6f551a334313666673fd5a3d141271b8d8a91173b576.png,light,court_seal,images/a3/a3ca8b3b8f61fabf0e9a6f551a334313666673fd5a3d141271b8d8a91173b576.png,light,federal_court_site_mark,True,"[""asset_a3ca8b3b8f61fabf"", ""asset_aa4633d5292b2985""]",MSNB,not_established,2026-09-12T23:46:25.577526+00:00,downloaded,[]
FB:mssb,United States Bankruptcy Court — Mississippi Southern,https://www.mssb.uscourts.gov/,https://www.uscourts.gov/about-federal-courts/court-role-and-structure/court-website-links,court_mark,asset_079f46c625b5d775,images/07/079f46c625b5d7752f9be2c0a4260ae888849674bb5497f8dfbe7f5295f136bb.png,light,judiciary_logo,images/07/079f46c625b5d7752f9be2c0a4260ae888849674bb5497f8dfbe7f5295f136bb.png,light,shared_federal_judiciary_mark,False,"[""asset_079f46c625b5d775"", ""asset_aa4633d5292b2985""]",MSSB,not_established,2026-09-12T23:46:25.580247+00:00,downloaded,[]
FB:mtb,United States Bankruptcy Court — Montana,https://www.mtb.uscourts.gov/,https://www.uscourts.gov/about-federal-courts/court-role-and-structure/court-website-links,court_mark,asset_9fec0ff0025e453e,images/9f/9fec0ff0025e453e1c67b2cb0459f41b821d5b0be326975082c985291cf210b6.png,light,court_seal,images/9f/9fec0ff0025e453e1c67b2cb0459f41b821d5b0be326975082c985291cf210b6.png,light,federal_court_site_mark,True,"[""asset_9fec0ff0025e453e"", ""asset_aa4633d5292b2985""]",MTB,not_established,2026-09-12T23:46:25.832168+00:00,downloaded,[]
FB:nceb,United States Bankruptcy Court — North Carolina Eastern,https://www.nceb.uscourts.gov/,https://www.uscourts.gov/about-federal-courts/court-role-and-structure/court-website-links,text_fallback,,,light,,,light,,,[],NCEB,not_applicable,2026-09-12T23:52:13.935005+00:00,blocked,"[""PermissionError: robots_unavailable_RemoteDisconnected: https://www.nceb.uscourts.gov/""]"
FB:ncmb,United States Bankruptcy Court — North Carolina Middle,https://www.ncmb.uscourts.gov/,https://www.uscourts.gov/about-federal-courts/court-role-and-structure/court-website-links,court_mark,asset_5cd305182250dc5f,images/5c/5cd305182250dc5f09f64e78084d547a6561ce0deac50ff74f8f6b946e31dafc.png,light,court_seal,images/5c/5cd305182250dc5f09f64e78084d547a6561ce0deac50ff74f8f6b946e31dafc.png,light,federal_court_site_mark,True,"[""asset_5cd305182250dc5f"", ""asset_c4e4a7a6a6f1734b""]",NCMB,not_established,2026-09-12T23:46:26.318597+00:00,downloaded,[]
FB:ncwb,United States Bankruptcy Court — North Carolina Western,https://www.ncwb.uscourts.gov/,https://www.uscourts.gov/about-federal-courts/court-role-and-structure/court-website-links,court_mark,asset_651912c11c1a662f,images/65/651912c11c1a662f370be92ef291ab0d02a73d4bab76eb4d519f75dda673bc9a.png,light,court_seal,images/65/651912c11c1a662f370be92ef291ab0d02a73d4bab76eb4d519f75dda673bc9a.png,light,federal_court_site_mark,True,"[""asset_651912c11c1a662f"", ""asset_c96c8cdea312b836""]",NCWB,not_established,2026-09-12T23:43:26.057986+00:00,downloaded,[]
FB:ndb,United States Bankruptcy Court — North Dakota,https://www.ndb.uscourts.gov/,https://www.uscourts.gov/about-federal-courts/court-role-and-structure/court-website-links,court_mark,asset_4b5372eee866f27a,images/4b/4b5372eee866f27a9ff9eb17c0c51f808e5a181ad93d7d1d2f8467222a957d08.png,light,court_logo,images/4b/4b5372eee866f27a9ff9eb17c0c51f808e5a181ad93d7d1d2f8467222a957d08.png,light,federal_court_site_mark,True,"[""asset_4b5372eee866f27a"", ""asset_c4e4a7a6a6f1734b""]",NDB,not_established,2026-09-12T23:46:27.777887+00:00,downloaded,[]
FB:neb,United States Bankruptcy Court — Nebraska,https://www.neb.uscourts.gov/,https://www.uscourts.gov/about-federal-courts/court-role-and-structure/court-website-links,court_mark,asset_56e726bf4e5c228d,images/56/56e726bf4e5c228d79edca0c30b64d782a71fd27163adad9f056691fb8d997b3.png,light,court_seal,images/56/56e726bf4e5c228d79edca0c30b64d782a71fd27163adad9f056691fb8d997b3.png,light,federal_court_site_mark,True,"[""asset_56e726bf4e5c228d"", ""asset_aa4633d5292b2985""]",NEB,not_established,2026-09-12T23:52:15.853780+00:00,downloaded,[]
FB:nhb,United States Bankruptcy Court — New Hampshire,https://www.nhb.uscourts.gov/,https://www.uscourts.gov/about-federal-courts/court-role-and-structure/court-website-links,court_mark,asset_fd28fab7d6d37d5c,images/fd/fd28fab7d6d37d5c8daa0e9b887495e973d6aae3cee49033c18b901ef6f84f4c.png,light,court_seal,images/fd/fd28fab7d6d37d5c8daa0e9b887495e973d6aae3cee49033c18b901ef6f84f4c.png,light,federal_court_site_mark,True,"[""asset_fd28fab7d6d37d5c"", ""asset_aa4633d5292b2985"", ""asset_c96c8cdea312b836""]",NHB,not_established,2026-09-12T23:46:26.319625+00:00,downloaded,[]
FB:njb,United States Bankruptcy Court — New Jersey,https://www.njb.uscourts.gov/,https://www.uscourts.gov/about-federal-courts/court-role-and-structure/court-website-links,text_fallback,,,light,,,light,,,[],NJB,not_applicable,2026-09-12T23:52:14.115510+00:00,blocked,"[""PermissionError: robots_unavailable_RemoteDisconnected: https://www.njb.uscourts.gov/""]"
FB:nmb,United States Bankruptcy Court — New Mexico,https://www.nmb.uscourts.gov/,https://www.uscourts.gov/about-federal-courts/court-role-and-structure/court-website-links,court_mark,asset_1fc505176560d6f8,images/1f/1fc505176560d6f81397cb55cbbd6d41000dbff434b6ec5e3d1926f68074ce16.png,light,court_logo,images/1f/1fc505176560d6f81397cb55cbbd6d41000dbff434b6ec5e3d1926f68074ce16.png,light,federal_court_site_mark,True,"[""asset_1fc505176560d6f8"", ""asset_7773fe3b39fd83e4""]",NMB,not_established,2026-09-12T23:46:26.827657+00:00,downloaded,[]
FB:nmib,United States Bankruptcy Jurisdiction — Northern Mariana Islands,https://www.nmid.uscourts.gov/,https://pacer.uscourts.gov/file-case/court-cmecf-lookup,court_mark,asset_103eac7c2c7bcc69,images/10/103eac7c2c7bcc698c87b1c75a9ef914d4552d731bce49e9c0f2c0bd6986cf62.png,light,judiciary_logo,images/10/103eac7c2c7bcc698c87b1c75a9ef914d4552d731bce49e9c0f2c0bd6986cf62.png,light,shared_federal_judiciary_mark,False,"[""asset_103eac7c2c7bcc69"", ""asset_46a4d9c1e54ba0f8""]",NMIB,not_established,2026-09-12T23:52:14.943861+00:00,downloaded,[]
FB:nvb,United States Bankruptcy Court — Nevada,https://www.nvb.uscourts.gov/,https://www.uscourts.gov/about-federal-courts/court-role-and-structure/court-website-links,favicon_only,asset_8f338cf2e62d0701,images/8f/8f338cf2e62d070110cdebcff31c1d6c3d340ac45f2cf687e83ff884d829ce9e.ico,light,favicon,images/8f/8f338cf2e62d070110cdebcff31c1d6c3d340ac45f2cf687e83ff884d829ce9e.ico,light,site_icon,True,"[""asset_8f338cf2e62d0701""]",NVB,not_established,2026-09-12T23:46:26.715242+00:00,downloaded,[]
FB:nyeb,United States Bankruptcy Court — New York Eastern,https://www.nyeb.uscourts.gov/,https://www.uscourts.gov/about-federal-courts/court-role-and-structure/court-website-links,court_mark,asset_8161385bf67fcb03,images/81/8161385bf67fcb03ec8e48f404d0370c3520cb624ff9f30d17259edabd551f0d.png,light,court_seal,images/81/8161385bf67fcb03ec8e48f404d0370c3520cb624ff9f30d17259edabd551f0d.png,light,federal_court_site_mark,True,"[""asset_8161385bf67fcb03"", ""asset_c96c8cdea312b836""]",NYEB,not_established,2026-09-12T23:43:26.358895+00:00,downloaded,[]
FB:nynb,United States Bankruptcy Court — New York Northern,https://www.nynb.uscourts.gov/,https://www.uscourts.gov/about-federal-courts/court-role-and-structure/court-website-links,court_mark,asset_079f46c625b5d775,images/07/079f46c625b5d7752f9be2c0a4260ae888849674bb5497f8dfbe7f5295f136bb.png,light,judiciary_logo,images/07/079f46c625b5d7752f9be2c0a4260ae888849674bb5497f8dfbe7f5295f136bb.png,light,shared_federal_judiciary_mark,False,"[""asset_079f46c625b5d775"", ""asset_c96c8cdea312b836""]",NYNB,not_established,2026-09-12T23:52:15.109026+00:00,downloaded,[]
FB:nysb,United States Bankruptcy Court — New York Southern,https://www.nysb.uscourts.gov/,https://www.uscourts.gov/about-federal-courts/court-role-and-structure/court-website-links,court_mark,asset_03fc31f7b2126e28,images/03/03fc31f7b2126e28e8068680f2a55781fef4483d06c6b6d18ca394c97dc86c9d.png,light,court_seal,images/03/03fc31f7b2126e28e8068680f2a55781fef4483d06c6b6d18ca394c97dc86c9d.png,light,federal_court_site_mark,True,"[""asset_03fc31f7b2126e28"", ""asset_1adbd58c71aba581"", ""asset_c96c8cdea312b836""]",NYSB,not_established,2026-09-12T23:46:26.686752+00:00,downloaded,[]
FB:nywb,United States Bankruptcy Court — New York Western,https://www.nywb.uscourts.gov/,https://www.uscourts.gov/about-federal-courts/court-role-and-structure/court-website-links,court_mark,asset_5e87b080cfec2829,images/5e/5e87b080cfec28295d8f10e025e803cd492133abb30b645e908359f94f6799b6.png,light,court_seal,images/5e/5e87b080cfec28295d8f10e025e803cd492133abb30b645e908359f94f6799b6.png,light,federal_court_site_mark,True,"[""asset_5e87b080cfec2829"", ""asset_c96c8cdea312b836""]",NYWB,not_established,2026-09-12T23:43:27.457474+00:00,downloaded,[]
FB:ohnb,United States Bankruptcy Court — Ohio Northern,https://www.ohnb.uscourts.gov/,https://www.uscourts.gov/about-federal-courts/court-role-and-structure/court-website-links,court_mark,asset_5ee3ba841b5ef141,images/5e/5ee3ba841b5ef1415e1528626791bd157d7d0d8e9076a12c25a0f29d2dbc386b.png,light,court_seal,images/5e/5ee3ba841b5ef1415e1528626791bd157d7d0d8e9076a12c25a0f29d2dbc386b.png,light,federal_court_site_mark,True,"[""asset_5ee3ba841b5ef141"", ""asset_1adbd58c71aba581"", ""asset_c96c8cdea312b836""]",OHNB,not_established,2026-09-12T23:46:27.481407+00:00,downloaded,[]
FB:ohsb,United States Bankruptcy Court — Ohio Southern,https://www.ohsb.uscourts.gov/,https://www.uscourts.gov/about-federal-courts/court-role-and-structure/court-website-links,court_mark,asset_079f46c625b5d775,images/07/079f46c625b5d7752f9be2c0a4260ae888849674bb5497f8dfbe7f5295f136bb.png,light,judiciary_logo,images/07/079f46c625b5d7752f9be2c0a4260ae888849674bb5497f8dfbe7f5295f136bb.png,light,shared_federal_judiciary_mark,False,"[""asset_079f46c625b5d775""]",OHSB,not_established,2026-09-12T23:43:26.657769+00:00,downloaded,"[""RemoteDisconnected: Remote end closed connection without response""]"
FB:okeb,United States Bankruptcy Court — Oklahoma Eastern,https://www.okeb.uscourts.gov/,https://www.uscourts.gov/about-federal-courts/court-role-and-structure/court-website-links,court_mark,asset_75e6c900f72e8398,images/75/75e6c900f72e83984e00e54249a0a12d5bab22e5ce2b93f9c8ad70083950b8d9.png,light,court_seal,images/75/75e6c900f72e83984e00e54249a0a12d5bab22e5ce2b93f9c8ad70083950b8d9.png,light,federal_court_site_mark,True,"[""asset_75e6c900f72e8398"", ""asset_c96c8cdea312b836""]",OKEB,not_established,2026-09-12T23:43:27.300050+00:00,downloaded,[]
FB:oknb,United States Bankruptcy Court — Oklahoma Northern,https://www.oknb.uscourts.gov/,https://www.uscourts.gov/about-federal-courts/court-role-and-structure/court-website-links,court_mark,asset_0fe712e8e754a4ee,images/0f/0fe712e8e754a4eeb897638d0b0608d2c014c139696ed37ef6f0c7e7fc77bc26.png,light,court_seal,images/0f/0fe712e8e754a4eeb897638d0b0608d2c014c139696ed37ef6f0c7e7fc77bc26.png,light,federal_court_site_mark,True,"[""asset_0fe712e8e754a4ee"", ""asset_c96c8cdea312b836""]",OKNB,not_established,2026-09-12T23:43:27.182703+00:00,downloaded,[]
FB:okwb,United States Bankruptcy Court — Oklahoma Western,https://www.okwb.uscourts.gov/,https://www.uscourts.gov/about-federal-courts/court-role-and-structure/court-website-links,court_mark,asset_f463054e0a7f5cc0,images/f4/f463054e0a7f5cc0f77468c3a7f9dbe14825e4e4014af7753efabd4b52d310f7.png,light,court_seal,images/f4/f463054e0a7f5cc0f77468c3a7f9dbe14825e4e4014af7753efabd4b52d310f7.png,light,federal_court_site_mark,True,"[""asset_f463054e0a7f5cc0"", ""asset_aa4633d5292b2985"", ""asset_c96c8cdea312b836""]",OKWB,not_established,2026-09-12T23:46:28.807920+00:00,downloaded,[]
FB:orb,United States Bankruptcy Court — Oregon,https://www.orb.uscourts.gov/,https://www.uscourts.gov/about-federal-courts/court-role-and-structure/court-website-links,court_mark,asset_079f46c625b5d775,images/07/079f46c625b5d7752f9be2c0a4260ae888849674bb5497f8dfbe7f5295f136bb.png,light,judiciary_logo,images/07/079f46c625b5d7752f9be2c0a4260ae888849674bb5497f8dfbe7f5295f136bb.png,light,shared_federal_judiciary_mark,False,"[""asset_079f46c625b5d775"", ""asset_aa4633d5292b2985""]",ORB,not_established,2026-09-12T23:52:15.354376+00:00,downloaded,[]
FB:paeb,United States Bankruptcy Court — Pennsylvania Eastern,https://www.paeb.uscourts.gov/,https://www.uscourts.gov/about-federal-courts/court-role-and-structure/court-website-links,court_mark,asset_65b065cca2d6a7b6,images/65/65b065cca2d6a7b6b64d1e56b34788195d9851199c020af51279eaee3f104ec1.png,light,court_seal,images/65/65b065cca2d6a7b6b64d1e56b34788195d9851199c020af51279eaee3f104ec1.png,light,federal_court_site_mark,True,"[""asset_65b065cca2d6a7b6"", ""asset_c96c8cdea312b836""]",PAEB,not_established,2026-09-12T23:43:28.220569+00:00,downloaded,[]
FB:pamb,United States Bankruptcy Court — Pennsylvania Middle,https://www.pamb.uscourts.gov/,https://www.uscourts.gov/about-federal-courts/court-role-and-structure/court-website-links,court_mark,asset_18f37799f14dffd6,images/18/18f37799f14dffd6273b46af1d108f24c85f30c94d311371da079ac76a300f7d.png,light,court_seal,images/18/18f37799f14dffd6273b46af1d108f24c85f30c94d311371da079ac76a300f7d.png,light,federal_court_site_mark,True,"[""asset_18f37799f14dffd6"", ""asset_c8a4e14b31ec833c""]",PAMB,not_established,2026-09-12T23:46:27.953583+00:00,downloaded,[]
FB:pawb,United States Bankruptcy Court — Pennsylvania Western,https://www.pawb.uscourts.gov/,https://www.uscourts.gov/about-federal-courts/court-role-and-structure/court-website-links,court_mark,asset_b0d0aac1b702f1c1,images/b0/b0d0aac1b702f1c1c27038cbae6906cbdcab5981cd183bb9f2fa47182acb7742.png,light,court_seal,images/b0/b0d0aac1b702f1c1c27038cbae6906cbdcab5981cd183bb9f2fa47182acb7742.png,light,federal_court_site_mark,True,"[""asset_b0d0aac1b702f1c1"", ""asset_1adbd58c71aba581"", ""asset_c96c8cdea312b836""]",PAWB,not_established,2026-09-12T23:46:27.958502+00:00,downloaded,[]
FB:prb,United States Bankruptcy Court — Puerto Rico,https://www.prb.uscourts.gov/,https://www.uscourts.gov/about-federal-courts/court-role-and-structure/court-website-links,court_mark,asset_daa96a34f4f54659,images/da/daa96a34f4f54659af58641ed604203f9bc75332f3f69ae76052bc53422ef343.png,dark,court_logo,images/4b/4bc85446741970ee0d5d46e8a8ab1e2ee8832c04ca8fb8a3a1230ddbeb288e92.png,light,federal_court_site_mark,True,"[""asset_daa96a34f4f54659"", ""asset_4bc85446741970ee"", ""asset_c96c8cdea312b836""]",PRB,not_established,2026-09-12T23:46:28.209250+00:00,downloaded,[]
FB:rib,United States Bankruptcy Court — Rhode Island,http://www.rib.uscourts.gov/,https://www.uscourts.gov/about-federal-courts/court-role-and-structure/court-website-links,text_fallback,,,light,,,light,,,[],RIB,not_applicable,2026-09-12T23:52:14.943861+00:00,blocked,"[""HTTPError: HTTP Error 404: Not Found""]"
FB:scb,United States Bankruptcy Court — South Carolina,https://www.scb.uscourts.gov/,https://www.uscourts.gov/about-federal-courts/court-role-and-structure/court-website-links,court_mark,asset_02b3c7b5a5e61b90,images/02/02b3c7b5a5e61b90dc9c3c9df273c1e77bb1b40b7fc61b6eae0d1b51245fd042.png,light,court_seal,images/02/02b3c7b5a5e61b90dc9c3c9df273c1e77bb1b40b7fc61b6eae0d1b51245fd042.png,light,federal_court_site_mark,True,"[""asset_02b3c7b5a5e61b90"", ""asset_1adbd58c71aba581"", ""asset_c96c8cdea312b836""]",SCB,not_established,2026-09-12T23:46:28.749051+00:00,downloaded,[]
FB:sdb,United States Bankruptcy Court — South Dakota,https://www.sdb.uscourts.gov/,https://www.uscourts.gov/about-federal-courts/court-role-and-structure/court-website-links,court_mark,asset_d7c612d033249893,images/d7/d7c612d033249893e9d89c04b6cef63ec26157a5871226852f34bcb13065ecae.png,light,court_seal,images/d7/d7c612d033249893e9d89c04b6cef63ec26157a5871226852f34bcb13065ecae.png,light,federal_court_site_mark,True,"[""asset_d7c612d033249893"", ""asset_c96c8cdea312b836""]",SDB,not_established,2026-09-12T23:43:28.123545+00:00,downloaded,[]
FB:tneb,United States Bankruptcy Court — Tennessee Eastern,http://www.tneb.uscourts.gov/,https://www.uscourts.gov/about-federal-courts/court-role-and-structure/court-website-links,court_mark,asset_1d05638c82678f3f,images/1d/1d05638c82678f3febfee41f1e291fcc7b123b905bd48e99a4de9e6f0b9ea3fd.gif,light,court_seal,images/1d/1d05638c82678f3febfee41f1e291fcc7b123b905bd48e99a4de9e6f0b9ea3fd.gif,light,federal_court_site_mark,True,"[""asset_1d05638c82678f3f"", ""asset_c96c8cdea312b836""]",TNEB,not_established,2026-09-12T23:43:28.514661+00:00,downloaded,[]
FB:tnmb,United States Bankruptcy Court — Tennessee Middle,https://www.tnmb.uscourts.gov/,https://www.uscourts.gov/about-federal-courts/court-role-and-structure/court-website-links,court_mark,asset_a35bab282ec8c98f,images/a3/a35bab282ec8c98fa49502466d4f3e41deaf175b1f0e3e7bf7dabe99c1cc46de.png,light,court_seal,images/a3/a35bab282ec8c98fa49502466d4f3e41deaf175b1f0e3e7bf7dabe99c1cc46de.png,light,federal_court_site_mark,True,"[""asset_a35bab282ec8c98f"", ""asset_c96c8cdea312b836""]",TNMB,not_established,2026-09-12T23:43:28.635239+00:00,downloaded,[]
FB:tnwb,United States Bankruptcy Court — Tennessee Western,https://www.tnwb.uscourts.gov/,https://www.uscourts.gov/about-federal-courts/court-role-and-structure/court-website-links,court_mark,asset_12a09fc99bb8dd78,images/12/12a09fc99bb8dd782a8c03974f139e2d37576e58912e7620fd4c705dfe18214b.png,light,court_logo,images/12/12a09fc99bb8dd782a8c03974f139e2d37576e58912e7620fd4c705dfe18214b.png,light,federal_court_site_mark,True,"[""asset_12a09fc99bb8dd78""]",TNWB,not_established,2026-09-12T23:43:28.855112+00:00,downloaded,[]
FB:txeb,United States Bankruptcy Court — Texas Eastern,https://www.txeb.uscourts.gov/,https://www.uscourts.gov/about-federal-courts/court-role-and-structure/court-website-links,court_mark,asset_2e9bb0cb28851bd2,images/2e/2e9bb0cb28851bd2377a1793dc0da57d80b152ec2fe6d8e891773a6673048a79.png,light,court_seal,images/2e/2e9bb0cb28851bd2377a1793dc0da57d80b152ec2fe6d8e891773a6673048a79.png,light,federal_court_site_mark,True,"[""asset_2e9bb0cb28851bd2"", ""asset_c96c8cdea312b836""]",TXEB,not_established,2026-09-12T23:43:29.107355+00:00,downloaded,[]
FB:txnb,United States Bankruptcy Court — Texas Northern,https://www.txnb.uscourts.gov/,https://www.uscourts.gov/about-federal-courts/court-role-and-structure/court-website-links,favicon_only,asset_c96c8cdea312b836,images/c9/c96c8cdea312b83693a9c59c47d8f646a4091dcd535dd137cdb30d22165ce852.png,light,favicon,images/c9/c96c8cdea312b83693a9c59c47d8f646a4091dcd535dd137cdb30d22165ce852.png,light,site_icon,False,"[""asset_c96c8cdea312b836""]",TXNB,not_established,2026-09-12T23:43:28.960642+00:00,blocked,"[""PermissionError: robots_unavailable_RemoteDisconnected: https://www.txnb.uscourts.gov/""]"
FB:txsb,United States Bankruptcy Court — Texas Southern,https://www.txs.uscourts.gov/bankruptcy,https://www.uscourts.gov/about-federal-courts/court-role-and-structure/court-website-links,court_mark,asset_ae74d274ee0a5836,images/ae/ae74d274ee0a5836f10734632e2ba42ab557984f7b7c57d668502add096942df.png,light,judiciary_logo,images/ae/ae74d274ee0a5836f10734632e2ba42ab557984f7b7c57d668502add096942df.png,light,shared_federal_judiciary_mark,False,"[""asset_ae74d274ee0a5836"", ""asset_c96c8cdea312b836""]",TXSB,not_established,2026-09-12T23:43:29.212298+00:00,downloaded,[]
FB:txwb,United States Bankruptcy Court — Texas Western,https://www.txwb.uscourts.gov/,https://www.uscourts.gov/about-federal-courts/court-role-and-structure/court-website-links,court_mark,asset_079f46c625b5d775,images/07/079f46c625b5d7752f9be2c0a4260ae888849674bb5497f8dfbe7f5295f136bb.png,light,judiciary_logo,images/07/079f46c625b5d7752f9be2c0a4260ae888849674bb5497f8dfbe7f5295f136bb.png,light,shared_federal_judiciary_mark,False,"[""asset_079f46c625b5d775"", ""asset_c96c8cdea312b836""]",TXWB,not_established,2026-09-12T23:43:29.366900+00:00,downloaded,[]
FB:utb,United States Bankruptcy Court — Utah,https://www.utb.uscourts.gov/,https://www.uscourts.gov/about-federal-courts/court-role-and-structure/court-website-links,court_mark,asset_618b7fe535753e7e,images/61/618b7fe535753e7e2a01d0ddb3e1f8a1ab5afe910e48345878d33e04013b8f0d.png,light,court_seal,images/61/618b7fe535753e7e2a01d0ddb3e1f8a1ab5afe910e48345878d33e04013b8f0d.png,light,federal_court_site_mark,True,"[""asset_618b7fe535753e7e"", ""asset_aa4633d5292b2985""]",UTB,not_established,2026-09-12T23:46:28.574535+00:00,downloaded,[]
FB:vaeb,United States Bankruptcy Court — Virginia Eastern,https://www.vaeb.uscourts.gov/,https://www.uscourts.gov/about-federal-courts/court-role-and-structure/court-website-links,court_mark,asset_079f46c625b5d775,images/07/079f46c625b5d7752f9be2c0a4260ae888849674bb5497f8dfbe7f5295f136bb.png,light,judiciary_logo,images/07/079f46c625b5d7752f9be2c0a4260ae888849674bb5497f8dfbe7f5295f136bb.png,light,shared_federal_judiciary_mark,False,"[""asset_079f46c625b5d775"", ""asset_c96c8cdea312b836""]",VAEB,not_established,2026-09-12T23:43:29.479544+00:00,downloaded,[]
FB:vawb,United States Bankruptcy Court — Virginia Western,http://www.vawb.uscourts.gov/,https://www.uscourts.gov/about-federal-courts/court-role-and-structure/court-website-links,court_mark,asset_079f46c625b5d775,images/07/079f46c625b5d7752f9be2c0a4260ae888849674bb5497f8dfbe7f5295f136bb.png,light,judiciary_logo,images/07/079f46c625b5d7752f9be2c0a4260ae888849674bb5497f8dfbe7f5295f136bb.png,light,shared_federal_judiciary_mark,False,"[""asset_079f46c625b5d775"", ""asset_c96c8cdea312b836""]",VAWB,not_established,2026-09-12T23:43:30.505513+00:00,downloaded,[]
FB:vib,United States Bankruptcy Jurisdiction — Virgin Islands,https://www.vid.uscourts.gov/,https://pacer.uscourts.gov/file-case/court-cmecf-lookup,court_mark,asset_0a9d7b1a5b6fd627,images/0a/0a9d7b1a5b6fd62760d393eed8df61ad44cfaccd0b2e3faec9dbc58c236d6a82.png,light,judiciary_logo,images/0a/0a9d7b1a5b6fd62760d393eed8df61ad44cfaccd0b2e3faec9dbc58c236d6a82.png,light,shared_federal_judiciary_mark,False,"[""asset_0a9d7b1a5b6fd627"", ""asset_46a4d9c1e54ba0f8""]",VIB,not_established,2026-09-12T23:52:15.911415+00:00,downloaded,[]
FB:vtb,United States Bankruptcy Court — Vermont,https://www.vtb.uscourts.gov/,https://www.uscourts.gov/about-federal-courts/court-role-and-structure/court-website-links,court_mark,asset_79a343f8c0fe5eec,images/79/79a343f8c0fe5eeccf5c9c2d715fab65f0ff0b816d8434977af366d5e2e048b1.png,light,court_seal,images/79/79a343f8c0fe5eeccf5c9c2d715fab65f0ff0b816d8434977af366d5e2e048b1.png,light,federal_court_site_mark,True,"[""asset_79a343f8c0fe5eec""]",VTB,not_established,2026-09-12T23:43:29.847799+00:00,downloaded,"[""RemoteDisconnected: Remote end closed connection without response""]"
FB:waeb,United States Bankruptcy Court — Washington Eastern,https://www.waeb.uscourts.gov/,https://www.uscourts.gov/about-federal-courts/court-role-and-structure/court-website-links,court_mark,asset_63451484bae1c305,images/63/63451484bae1c30557cd5e9efb2762fe49dfcc57139e03f944acf75dcd1120bd.png,light,court_logo,images/63/63451484bae1c30557cd5e9efb2762fe49dfcc57139e03f944acf75dcd1120bd.png,light,federal_court_site_mark,True,"[""asset_63451484bae1c305"", ""asset_aa4633d5292b2985"", ""asset_c96c8cdea312b836""]",WAEB,not_established,2026-09-12T23:46:28.671452+00:00,downloaded,[]
FB:wawb,United States Bankruptcy Court — Washington Western,https://www.wawb.uscourts.gov/,https://www.uscourts.gov/about-federal-courts/court-role-and-structure/court-website-links,court_mark,asset_ab357165c0f2dfce,images/ab/ab357165c0f2dfce3bd4499a54f250189f8f16485b32ee09bff8ba82168368cc.png,light,court_seal,images/ab/ab357165c0f2dfce3bd4499a54f250189f8f16485b32ee09bff8ba82168368cc.png,light,federal_court_site_mark,True,"[""asset_ab357165c0f2dfce"", ""asset_aa4633d5292b2985""]",WAWB,not_established,2026-09-12T23:46:28.714579+00:00,downloaded,[]
FB:wieb,United States Bankruptcy Court — Wisconsin Eastern,https://www.wieb.uscourts.gov/,https://www.uscourts.gov/about-federal-courts/court-role-and-structure/court-website-links,court_mark,asset_61d689e9fcd50ed1,images/61/61d689e9fcd50ed17c0ce4bc4ad5df4dd901db1e9bcb90495e396b8dd79564c8.png,light,judiciary_logo,images/61/61d689e9fcd50ed17c0ce4bc4ad5df4dd901db1e9bcb90495e396b8dd79564c8.png,light,shared_federal_judiciary_mark,True,"[""asset_61d689e9fcd50ed1"", ""asset_c96c8cdea312b836""]",WIEB,not_established,2026-09-12T23:43:31.849526+00:00,downloaded,[]
FB:wiwb,United States Bankruptcy Court — Wisconsin Western,https://www.wiwb.uscourts.gov/,https://www.uscourts.gov/about-federal-courts/court-role-and-structure/court-website-links,court_mark,asset_079f46c625b5d775,images/07/079f46c625b5d7752f9be2c0a4260ae888849674bb5497f8dfbe7f5295f136bb.png,light,judiciary_logo,images/07/079f46c625b5d7752f9be2c0a4260ae888849674bb5497f8dfbe7f5295f136bb.png,light,shared_federal_judiciary_mark,False,"[""asset_079f46c625b5d775"", ""asset_aa4633d5292b2985""]",WIWB,not_established,2026-09-12T23:52:16.215569+00:00,downloaded,[]
FB:wvnb,United States Bankruptcy Court — West Virginia Northern,https://www.wvnb.uscourts.gov/,https://www.uscourts.gov/about-federal-courts/court-role-and-structure/court-website-links,court_mark,asset_7d5200a18c6c332a,images/7d/7d5200a18c6c332a430aa7265d48bcf0f6ac61795b7f52fe3e9fe50aef61d7d3.png,light,court_seal,images/7d/7d5200a18c6c332a430aa7265d48bcf0f6ac61795b7f52fe3e9fe50aef61d7d3.png,light,federal_court_site_mark,True,"[""asset_7d5200a18c6c332a"", ""asset_c96c8cdea312b836""]",WVNB,not_established,2026-09-12T23:43:30.280358+00:00,downloaded,[]
FB:wvsb,United States Bankruptcy Court — West Virginia Southern,https://www.wvsb.uscourts.gov/,https://www.uscourts.gov/about-federal-courts/court-role-and-structure/court-website-links,court_mark,asset_6f9d0aa07746684f,images/6f/6f9d0aa07746684fd9bf7b055b0e4dd626ff1d88eba04aed6606c490388922b2.png,light,court_seal,images/6f/6f9d0aa07746684fd9bf7b055b0e4dd626ff1d88eba04aed6606c490388922b2.png,light,federal_court_site_mark,True,"[""asset_6f9d0aa07746684f""]",WVSB,not_established,2026-09-12T23:46:28.918332+00:00,downloaded,"[""RemoteDisconnected: Remote end closed connection without response""]"
FB:wyb,United States Bankruptcy Court — Wyoming,https://www.wyb.uscourts.gov/,https://www.uscourts.gov/about-federal-courts/court-role-and-structure/court-website-links,favicon_only,asset_aa4633d5292b2985,images/aa/aa4633d5292b29853183a90b60f66edbaa517dd9eb0756fba05380f20cfb5880.png,light,favicon,images/aa/aa4633d5292b29853183a90b60f66edbaa517dd9eb0756fba05380f20cfb5880.png,light,site_icon,False,"[""asset_aa4633d5292b2985""]",WYB,not_established,2026-09-12T23:46:29.310952+00:00,downloaded,"[""RemoteDisconnected: Remote end closed connection without response""]"
FD:akd,United States District Court — Alaska,https://www.akd.uscourts.gov/,https://www.uscourts.gov/about-federal-courts/court-role-and-structure/court-website-links,court_mark,asset_4207edf68ebe5594,images/42/4207edf68ebe55940c2efa83a267087fa6a9d85ebc8e5ae460f0f0b133318068.png,light,court_seal,images/42/4207edf68ebe55940c2efa83a267087fa6a9d85ebc8e5ae460f0f0b133318068.png,light,federal_court_site_mark,True,"[""asset_4207edf68ebe5594"", ""asset_46a4d9c1e54ba0f8""]",AKD,not_established,2026-09-12T23:52:16.846178+00:00,downloaded,[]
FD:almd,United States District Court — Alabama Middle,https://www.almd.uscourts.gov/,https://www.uscourts.gov/about-federal-courts/court-role-and-structure/court-website-links,favicon_only,asset_d529c0d8a7f6e998,images/d5/d529c0d8a7f6e9981d3af1584c90e56a42640a3e3fd201376cbf0981c82e08fe.png,light,favicon,images/d5/d529c0d8a7f6e9981d3af1584c90e56a42640a3e3fd201376cbf0981c82e08fe.png,light,site_icon,True,"[""asset_d529c0d8a7f6e998"", ""asset_2314396696e551bf""]",ALMD,not_established,2026-09-12T23:46:29.269091+00:00,downloaded,[]
FD:alnd,United States District Court — Alabama Northern,https://www.alnd.uscourts.gov/,https://www.uscourts.gov/about-federal-courts/court-role-and-structure/court-website-links,court_mark,asset_5a715a340e4d1e28,images/5a/5a715a340e4d1e28db448739ede6447fa652c2d84818f348aa030d98f970b69b.png,light,court_seal,images/5a/5a715a340e4d1e28db448739ede6447fa652c2d84818f348aa030d98f970b69b.png,light,federal_court_site_mark,True,"[""asset_5a715a340e4d1e28"", ""asset_a9fa7eb4ca2213ab""]",ALND,not_established,2026-09-12T23:43:30.695740+00:00,downloaded,[]
FD:alsd,United States District Court — Alabama Southern,https://www.alsd.uscourts.gov/,https://www.uscourts.gov/about-federal-courts/court-role-and-structure/court-website-links,court_mark,asset_51d52a1f5abd62c4,images/51/51d52a1f5abd62c4990beac6d305eccdcbf407f023a1ac83dafd810759df357a.png,light,court_seal,images/51/51d52a1f5abd62c4990beac6d305eccdcbf407f023a1ac83dafd810759df357a.png,light,federal_court_site_mark,True,"[""asset_51d52a1f5abd62c4"", ""asset_46a4d9c1e54ba0f8""]",ALSD,not_established,2026-09-12T23:52:16.827339+00:00,downloaded,[]
FD:ared,United States District Court — Arkansas Eastern,https://www.are.uscourts.gov/,https://www.uscourts.gov/about-federal-courts/court-role-and-structure/court-website-links,court_mark,asset_0170bff0170f08a9,images/01/0170bff0170f08a9573dd5782f5710056baf9270650b38cd0d890d1d24ac8884.png,light,court_seal,images/01/0170bff0170f08a9573dd5782f5710056baf9270650b38cd0d890d1d24ac8884.png,light,federal_court_site_mark,True,"[""asset_0170bff0170f08a9"", ""asset_c96c8cdea312b836""]",ARED,not_established,2026-09-12T23:43:30.727356+00:00,downloaded,[]
FD:arwd,United States District Court — Arkansas Western,https://www.arwd.uscourts.gov/,https://www.uscourts.gov/about-federal-courts/court-role-and-structure/court-website-links,text_fallback,,,light,,,light,,,[],ARWD,not_applicable,2026-09-12T23:52:15.911415+00:00,blocked,"[""PermissionError: robots_unavailable_RemoteDisconnected: https://www.arwd.uscourts.gov/""]"
FD:azd,United States District Court — Arizona,https://www.azd.uscourts.gov/,https://www.uscourts.gov/about-federal-courts/court-role-and-structure/court-website-links,court_mark,asset_4dee01611cec1564,images/4d/4dee01611cec156463824305629125a2e91be77e6b3e4c3105db737053f5f3df.png,light,court_seal,images/4d/4dee01611cec156463824305629125a2e91be77e6b3e4c3105db737053f5f3df.png,light,federal_court_site_mark,True,"[""asset_4dee01611cec1564"", ""asset_c96c8cdea312b836""]",AZD,not_established,2026-09-12T23:43:30.749588+00:00,downloaded,[]
FD:cacd,United States District Court — California Central,https://www.cacd.uscourts.gov/,https://www.uscourts.gov/about-federal-courts/court-role-and-structure/court-website-links,court_mark,asset_e0041defab255fe3,images/e0/e0041defab255fe3b7a96b51c177db8371ae90a517c7d520fb2d1bf6533a7777.png,light,court_seal,images/e0/e0041defab255fe3b7a96b51c177db8371ae90a517c7d520fb2d1bf6533a7777.png,light,federal_court_site_mark,True,"[""asset_e0041defab255fe3"", ""asset_c4e4a7a6a6f1734b""]",CACD,not_established,2026-09-12T23:52:17.622707+00:00,downloaded,[]
FD:caed,United States District Court — California Eastern,https://www.caed.uscourts.gov/,https://www.uscourts.gov/about-federal-courts/court-role-and-structure/court-website-links,court_mark,asset_82fb9d8af710f7d0,images/82/82fb9d8af710f7d0b82cca28e3f7afbd84b1daf537d100d03c24247ab6f82927.png,light,court_logo,images/82/82fb9d8af710f7d0b82cca28e3f7afbd84b1daf537d100d03c24247ab6f82927.png,light,federal_court_site_mark,True,"[""asset_82fb9d8af710f7d0"", ""asset_405597c095873a98""]",CAED,not_established,2026-09-12T23:43:37.527922+00:00,downloaded,[]
FD:cand,United States District Court — California Northern,https://www.cand.uscourts.gov/,https://www.uscourts.gov/about-federal-courts/court-role-and-structure/court-website-links,court_mark,asset_39c8d5df694f50f5,images/39/39c8d5df694f50f5a45259250c923a16f7777fe8b7c82a9862fc94ec9d24dadd.svg,light,court_logo,images/39/39c8d5df694f50f5a45259250c923a16f7777fe8b7c82a9862fc94ec9d24dadd.svg,light,federal_court_site_mark,True,"[""asset_39c8d5df694f50f5"", ""asset_0764054eb615ae8b""]",CAND,not_established,2026-09-12T23:43:34.998764+00:00,downloaded,[]
FD:casd,United States District Court — California Southern,https://www.casd.uscourts.gov/,https://www.uscourts.gov/about-federal-courts/court-role-and-structure/court-website-links,text_fallback,,,light,,,light,,,[],CASD,not_applicable,2026-09-12T23:43:30.452726+00:00,no_downloadable_identity_asset,"[""PermissionError: robots_checked: https://www.casd.uscourts.gov/img/logo.png"", ""PermissionError: robots_checked: https://www.casd.uscourts.gov/img/logo-footer.png"", ""PermissionError: robots_checked: https://www.casd.uscourts.gov/img/logo-mobile-portrait.png"", ""PermissionError: robots_checked: https://www.casd.uscourts.gov/js/add2Home/icon-16x16.png""]"
FD:cod,United States District Court — Colorado,http://www.cod.uscourts.gov/Home.aspx,https://www.uscourts.gov/about-federal-courts/court-role-and-structure/court-website-links,court_mark,asset_5d3a81af50dcbd97,images/5d/5d3a81af50dcbd97b69121e0443b56c573d3f7e67e28da3900df51d7fb187b1c.png,light,court_seal,images/5d/5d3a81af50dcbd97b69121e0443b56c573d3f7e67e28da3900df51d7fb187b1c.png,light,federal_court_site_mark,True,"[""asset_5d3a81af50dcbd97"", ""asset_4ee2a490700b7bc9""]",COD,not_established,2026-09-12T23:43:32.108188+00:00,downloaded,[]
FD:ctd,United States District Court — Connecticut,https://www.ctd.uscourts.gov/,https://www.uscourts.gov/about-federal-courts/court-role-and-structure/court-website-links,court_mark,asset_7eec6892ee0e99b0,images/7e/7eec6892ee0e99b0ada96cfa8365f08bae24d6a985d840825f3b901b0077cd6e.png,light,court_seal,images/7e/7eec6892ee0e99b0ada96cfa8365f08bae24d6a985d840825f3b901b0077cd6e.png,light,federal_court_site_mark,True,"[""asset_7eec6892ee0e99b0"", ""asset_1adbd58c71aba581"", ""asset_c96c8cdea312b836""]",CTD,not_established,2026-09-12T23:46:29.640603+00:00,downloaded,[]
FD:dcd,United States District Court — District of Columbia,https://www.dcd.uscourts.gov/,https://www.uscourts.gov/about-federal-courts/court-role-and-structure/court-website-links,court_mark,asset_b847d500b7d42944,images/b8/b847d500b7d42944f230b4fb5b96bfe77ae498b157fe06517e607a93ee94d8ff.png,light,judiciary_logo,images/b8/b847d500b7d42944f230b4fb5b96bfe77ae498b157fe06517e607a93ee94d8ff.png,light,shared_federal_judiciary_mark,False,"[""asset_b847d500b7d42944"", ""asset_c96c8cdea312b836""]",DCD,not_established,2026-09-12T23:43:31.463434+00:00,downloaded,[]
FD:ded,United States District Court — Delaware,https://www.ded.uscourts.gov/,https://www.uscourts.gov/about-federal-courts/court-role-and-structure/court-website-links,court_mark,asset_b847d500b7d42944,images/b8/b847d500b7d42944f230b4fb5b96bfe77ae498b157fe06517e607a93ee94d8ff.png,light,judiciary_logo,images/b8/b847d500b7d42944f230b4fb5b96bfe77ae498b157fe06517e607a93ee94d8ff.png,light,shared_federal_judiciary_mark,False,"[""asset_b847d500b7d42944"", ""asset_c96c8cdea312b836""]",DED,not_established,2026-09-12T23:43:31.561082+00:00,downloaded,[]
FD:flmd,United States District Court — Florida Middle,https://www.flmd.uscourts.gov/,https://www.uscourts.gov/about-federal-courts/court-role-and-structure/court-website-links,court_mark,asset_f1fe935326c52dee,images/f1/f1fe935326c52dee5f9abbfd8c64c221bd55bc8813ca7f0529f00ebbd2d853e9.png,light,court_seal,images/f1/f1fe935326c52dee5f9abbfd8c64c221bd55bc8813ca7f0529f00ebbd2d853e9.png,light,federal_court_site_mark,True,"[""asset_f1fe935326c52dee"", ""asset_7144fc697c75381e""]",FLMD,not_established,2026-09-12T23:43:31.632213+00:00,downloaded,[]
FD:flnd,United States District Court — Florida Northern,http://www.flnd.uscourts.gov/,https://www.uscourts.gov/about-federal-courts/court-role-and-structure/court-website-links,court_mark,asset_2aab8fee929fd8d5,images/2a/2aab8fee929fd8d5c4e1a3aba6832ce59fc4d03f4d60090ce3b783989c7d1ca2.png,light,court_seal,images/2a/2aab8fee929fd8d5c4e1a3aba6832ce59fc4d03f4d60090ce3b783989c7d1ca2.png,light,federal_court_site_mark,True,"[""asset_2aab8fee929fd8d5"", ""asset_c96c8cdea312b836""]",FLND,not_established,2026-09-12T23:43:32.630698+00:00,downloaded,[]
FD:flsd,United States District Court — Florida Southern,https://www.flsd.uscourts.gov/,https://www.uscourts.gov/about-federal-courts/court-role-and-structure/court-website-links,court_mark,asset_eada1e9badb6ed9f,images/ea/eada1e9badb6ed9ff6dc85a3ad3c9844e8333e00d31b6cd3eaa854b8c806a7bc.png,light,court_seal,images/ea/eada1e9badb6ed9ff6dc85a3ad3c9844e8333e00d31b6cd3eaa854b8c806a7bc.png,light,federal_court_site_mark,True,"[""asset_eada1e9badb6ed9f"", ""asset_c96c8cdea312b836""]",FLSD,not_established,2026-09-12T23:43:32.405675+00:00,downloaded,[]
FD:gamd,United States District Court — Georgia Middle,https://www.gamd.uscourts.gov/,https://www.uscourts.gov/about-federal-courts/court-role-and-structure/court-website-links,court_mark,asset_b6f81daad0729afc,images/b6/b6f81daad0729afcf8d66567c90920a095fda9a9b2c170846945f300bd328572.png,light,court_seal,images/b6/b6f81daad0729afcf8d66567c90920a095fda9a9b2c170846945f300bd328572.png,light,federal_court_site_mark,True,"[""asset_b6f81daad0729afc"", ""asset_c96c8cdea312b836""]",GAMD,not_established,2026-09-12T23:43:32.412476+00:00,downloaded,[]
FD:gand,United States District Court — Georgia Northern,https://www.gand.uscourts.gov/,https://www.uscourts.gov/about-federal-courts/court-role-and-structure/court-website-links,court_mark,asset_14835d70f9b32b41,images/14/14835d70f9b32b418d94767dc1a8f9feec078fc0c4635819d5d00afd0244f8e4.png,light,court_seal,images/14/14835d70f9b32b418d94767dc1a8f9feec078fc0c4635819d5d00afd0244f8e4.png,light,federal_court_site_mark,True,"[""asset_14835d70f9b32b41"", ""asset_c96c8cdea312b836""]",GAND,not_established,2026-09-12T23:43:32.594379+00:00,downloaded,[]
FD:gasd,United States District Court — Georgia Southern,https://www.gasd.uscourts.gov/,https://www.uscourts.gov/about-federal-courts/court-role-and-structure/court-website-links,text_fallback,,,light,,,light,,,[],GASD,not_applicable,2026-09-12T23:52:16.096180+00:00,blocked,"[""PermissionError: robots_unavailable_RemoteDisconnected: https://www.gasd.uscourts.gov/""]"
FD:gud,United States District Court — Guam,https://www.gud.uscourts.gov/,https://www.uscourts.gov/about-federal-courts/court-role-and-structure/court-website-links,court_mark,asset_e82bd676eefb7bf0,images/e8/e82bd676eefb7bf01a687db4127a0489519899124a8642836f5922e0779315df.png,light,judiciary_logo,images/e8/e82bd676eefb7bf01a687db4127a0489519899124a8642836f5922e0779315df.png,light,shared_federal_judiciary_mark,False,"[""asset_e82bd676eefb7bf0"", ""asset_46a4d9c1e54ba0f8""]",GUD,not_established,2026-09-12T23:52:16.229488+00:00,downloaded,[]
FD:hid,United States District Court — Hawaii,https://www.hid.uscourts.gov/,https://www.uscourts.gov/about-federal-courts/court-role-and-structure/court-website-links,favicon_only,asset_2cbaea174a9e2383,images/2c/2cbaea174a9e2383d16e1da52360d49b64d162e5bbe797a32b4be3d3cf917b3c.png,light,favicon,images/2c/2cbaea174a9e2383d16e1da52360d49b64d162e5bbe797a32b4be3d3cf917b3c.png,light,site_icon,True,"[""asset_2cbaea174a9e2383"", ""asset_d5f55880aca30704""]",HID,not_established,2026-09-12T23:46:29.631206+00:00,downloaded,[]
FD:iand,United States District Court — Iowa Northern,https://www.iand.uscourts.gov/,https://www.uscourts.gov/about-federal-courts/court-role-and-structure/court-website-links,court_mark,asset_b59d7341a0bfd23b,images/b5/b59d7341a0bfd23b22b448afa543256b6084ce5c1e7c74bcd2f1896373fd012b.png,light,court_seal,images/b5/b59d7341a0bfd23b22b448afa543256b6084ce5c1e7c74bcd2f1896373fd012b.png,light,federal_court_site_mark,True,"[""asset_b59d7341a0bfd23b"", ""asset_c96c8cdea312b836""]",IAND,not_established,2026-09-12T23:43:33.083343+00:00,downloaded,[]
FD:iasd,United States District Court — Iowa Southern,https://www.iasd.uscourts.gov/,https://www.uscourts.gov/about-federal-courts/court-role-and-structure/court-website-links,court_mark,asset_387efbc9060c3c2b,images/38/387efbc9060c3c2b6347c42bfd156d7edc6be6e5ff39e9173675c2cf1cfa3cc4.png,light,court_seal,images/38/387efbc9060c3c2b6347c42bfd156d7edc6be6e5ff39e9173675c2cf1cfa3cc4.png,light,federal_court_site_mark,True,"[""asset_387efbc9060c3c2b"", ""asset_c96c8cdea312b836""]",IASD,not_established,2026-09-12T23:43:33.392132+00:00,downloaded,[]
FD:idd,United States District Court — Idaho,https://www.id.uscourts.gov/,https://www.uscourts.gov/about-federal-courts/court-role-and-structure/court-website-links,court_mark,asset_b65df614f4d15a24,images/b6/b65df614f4d15a242ece247a967aecf616a8c696d3900af302f639cce20310d2.png,light,judiciary_logo,images/b6/b65df614f4d15a242ece247a967aecf616a8c696d3900af302f639cce20310d2.png,light,shared_federal_judiciary_mark,False,"[""asset_b65df614f4d15a24"", ""asset_bf0b026eafddd46a"", ""asset_705c9f63add788c7""]",IDD,not_established,2026-09-12T23:43:32.131447+00:00,downloaded,[]
FD:ilcd,United States District Court — Illinois Central,https://www.ilcd.uscourts.gov/,https://www.uscourts.gov/about-federal-courts/court-role-and-structure/court-website-links,court_mark,asset_8064a3de5eb23043,images/80/8064a3de5eb23043181d085d1117679fc9f41a225bfbd942608b1535f6b90845.png,light,court_seal,images/80/8064a3de5eb23043181d085d1117679fc9f41a225bfbd942608b1535f6b90845.png,light,federal_court_site_mark,True,"[""asset_8064a3de5eb23043"", ""asset_46a4d9c1e54ba0f8""]",ILCD,not_established,2026-09-12T23:46:29.753361+00:00,downloaded,[]
FD:ilnd,United States District Court — Illinois Northern,https://www.ilnd.uscourts.gov/,https://www.uscourts.gov/about-federal-courts/court-role-and-structure/court-website-links,court_mark,asset_0285f97dee8bc066,images/02/0285f97dee8bc0668d58fd0e266603a79667f07bd1ec22de0db951000ff61a57.png,light,court_logo,images/02/0285f97dee8bc0668d58fd0e266603a79667f07bd1ec22de0db951000ff61a57.png,light,federal_court_site_mark,True,"[""asset_0285f97dee8bc066"", ""asset_c6c01f6fd62974f5""]",ILND,not_established,2026-09-12T23:43:33.989784+00:00,downloaded,[]
FD:ilsd,United States District Court — Illinois Southern,https://www.ilsd.uscourts.gov/,https://www.uscourts.gov/about-federal-courts/court-role-and-structure/court-website-links,court_mark,asset_4160e5b1b8200bf8,images/41/4160e5b1b8200bf8aae0bd95871d19d0bf2f13d66a274e5c4db8ffb55c462008.png,light,court_seal,images/41/4160e5b1b8200bf8aae0bd95871d19d0bf2f13d66a274e5c4db8ffb55c462008.png,light,federal_court_site_mark,True,"[""asset_4160e5b1b8200bf8""]",ILSD,not_established,2026-09-12T23:43:33.221012+00:00,downloaded,"[""RemoteDisconnected: Remote end closed connection without response""]"
FD:innd,United States District Court — Indiana Northern,https://www.innd.uscourts.gov/,https://www.uscourts.gov/about-federal-courts/court-role-and-structure/court-website-links,court_mark,asset_b847d500b7d42944,images/b8/b847d500b7d42944f230b4fb5b96bfe77ae498b157fe06517e607a93ee94d8ff.png,light,judiciary_logo,images/b8/b847d500b7d42944f230b4fb5b96bfe77ae498b157fe06517e607a93ee94d8ff.png,light,shared_federal_judiciary_mark,False,"[""asset_b847d500b7d42944""]",INND,not_established,2026-09-12T23:46:29.941395+00:00,downloaded,"[""RemoteDisconnected: Remote end closed connection without response""]"
FD:insd,United States District Court — Indiana Southern,https://www.insd.uscourts.gov/,https://www.uscourts.gov/about-federal-courts/court-role-and-structure/court-website-links,text_fallback,,,light,,,light,,,[],INSD,not_applicable,2026-09-12T23:52:16.229488+00:00,failed,"[""RemoteDisconnected: Remote end closed connection without response""]"
FD:ksd,United States District Court — Kansas,https://www.ksd.uscourts.gov/,https://www.uscourts.gov/about-federal-courts/court-role-and-structure/court-website-links,court_mark,asset_2cecc341ab8e2301,images/2c/2cecc341ab8e23012fe7ef2d65b2f547f5c337734d35c7aa37786ccd77dff97c.png,light,court_seal,images/2c/2cecc341ab8e23012fe7ef2d65b2f547f5c337734d35c7aa37786ccd77dff97c.png,light,federal_court_site_mark,True,"[""asset_2cecc341ab8e2301"", ""asset_c96c8cdea312b836""]",KSD,not_established,2026-09-12T23:43:33.784191+00:00,downloaded,[]
FD:kyed,United States District Court — Kentucky Eastern,https://www.kyed.uscourts.gov/,https://www.uscourts.gov/about-federal-courts/court-role-and-structure/court-website-links,court_mark,asset_50e59a78204936ec,images/50/50e59a78204936ec41f8c45bd594b987f61ef8e8db16cc9980b0a61ee4680509.png,light,court_seal,images/50/50e59a78204936ec41f8c45bd594b987f61ef8e8db16cc9980b0a61ee4680509.png,light,federal_court_site_mark,True,"[""asset_50e59a78204936ec"", ""asset_46a4d9c1e54ba0f8""]",KYED,not_established,2026-09-12T23:46:30.289645+00:00,downloaded,[]
FD:kywd,United States District Court — Kentucky Western,https://www.kywd.uscourts.gov/,https://www.uscourts.gov/about-federal-courts/court-role-and-structure/court-website-links,court_mark,asset_b847d500b7d42944,images/b8/b847d500b7d42944f230b4fb5b96bfe77ae498b157fe06517e607a93ee94d8ff.png,light,judiciary_logo,images/b8/b847d500b7d42944f230b4fb5b96bfe77ae498b157fe06517e607a93ee94d8ff.png,light,shared_federal_judiciary_mark,False,"[""asset_b847d500b7d42944"", ""asset_46a4d9c1e54ba0f8""]",KYWD,not_established,2026-09-12T23:46:30.406285+00:00,downloaded,[]
FD:laed,United States District Court — Louisiana Eastern,https://www.laed.uscourts.gov/,https://www.uscourts.gov/about-federal-courts/court-role-and-structure/court-website-links,court_mark,asset_8981461fb7760b1c,images/89/8981461fb7760b1c5ca5d3158ad86f934cecafb092cd2784d5ee16eb23d294db.png,light,court_seal,images/89/8981461fb7760b1c5ca5d3158ad86f934cecafb092cd2784d5ee16eb23d294db.png,light,federal_court_site_mark,True,"[""asset_8981461fb7760b1c"", ""asset_1adbd58c71aba581"", ""asset_c96c8cdea312b836""]",LAED,not_established,2026-09-12T23:46:30.905110+00:00,downloaded,[]
FD:lamd,United States District Court — Louisiana Middle,https://www.lamd.uscourts.gov/,https://www.uscourts.gov/about-federal-courts/court-role-and-structure/court-website-links,court_mark,asset_e0cf2b08f00a159d,images/e0/e0cf2b08f00a159d72f353bccca7f766a35d9358f0bec105e257150dd8654222.png,light,court_seal,images/e0/e0cf2b08f00a159d72f353bccca7f766a35d9358f0bec105e257150dd8654222.png,light,federal_court_site_mark,True,"[""asset_e0cf2b08f00a159d"", ""asset_286429146ba1ca07""]",LAMD,not_established,2026-09-12T23:43:34.469716+00:00,downloaded,[]
FD:lawd,United States District Court — Louisiana Western,https://www.lawd.uscourts.gov/,https://www.uscourts.gov/about-federal-courts/court-role-and-structure/court-website-links,court_mark,asset_a4f136220387b903,images/a4/a4f136220387b9031edd5799c3593d343049b142cc45dabe58d8a16ddafe86bc.png,light,court_seal,images/a4/a4f136220387b9031edd5799c3593d343049b142cc45dabe58d8a16ddafe86bc.png,light,federal_court_site_mark,True,"[""asset_a4f136220387b903"", ""asset_c4e4a7a6a6f1734b""]",LAWD,not_established,2026-09-12T23:43:33.917364+00:00,downloaded,[]
FD:mad,United States District Court — Massachusetts,https://www.mad.uscourts.gov/,https://www.uscourts.gov/about-federal-courts/court-role-and-structure/court-website-links,court_mark,asset_c0501f639e2ec200,images/c0/c0501f639e2ec200556a0dbe422f71188bcb067a967938a9041183f502e14696.png,light,court_seal,images/c0/c0501f639e2ec200556a0dbe422f71188bcb067a967938a9041183f502e14696.png,light,federal_court_site_mark,True,"[""asset_c0501f639e2ec200"", ""asset_96e47fe77d5a7893""]",MAD,not_established,2026-09-12T23:43:35.034368+00:00,downloaded,[]
FD:mdd,United States District Court — Maryland,https://www.mdd.uscourts.gov/,https://www.uscourts.gov/about-federal-courts/court-role-and-structure/court-website-links,court_mark,asset_b847d500b7d42944,images/b8/b847d500b7d42944f230b4fb5b96bfe77ae498b157fe06517e607a93ee94d8ff.png,light,judiciary_logo,images/b8/b847d500b7d42944f230b4fb5b96bfe77ae498b157fe06517e607a93ee94d8ff.png,light,shared_federal_judiciary_mark,False,"[""asset_b847d500b7d42944"", ""asset_c96c8cdea312b836""]",MDD,not_established,2026-09-12T23:43:35.304351+00:00,downloaded,[]
FD:med,United States District Court — Maine,https://www.med.uscourts.gov/,https://www.uscourts.gov/about-federal-courts/court-role-and-structure/court-website-links,court_mark,asset_b847d500b7d42944,images/b8/b847d500b7d42944f230b4fb5b96bfe77ae498b157fe06517e607a93ee94d8ff.png,light,judiciary_logo,images/b8/b847d500b7d42944f230b4fb5b96bfe77ae498b157fe06517e607a93ee94d8ff.png,light,shared_federal_judiciary_mark,False,"[""asset_b847d500b7d42944""]",MED,not_established,2026-09-12T23:46:30.348770+00:00,downloaded,"[""RemoteDisconnected: Remote end closed connection without response""]"
FD:mied,United States District Court — Michigan Eastern,https://www.mied.uscourts.gov/,https://www.uscourts.gov/about-federal-courts/court-role-and-structure/court-website-links,court_mark,asset_3595087ff8687b81,images/35/3595087ff8687b810cf6c1f32000877035b472aa29a95c97ea201c3f44ffbf32.webp,light,court_seal,images/35/3595087ff8687b810cf6c1f32000877035b472aa29a95c97ea201c3f44ffbf32.webp,light,federal_court_site_mark,True,"[""asset_3595087ff8687b81"", ""asset_7809084cf22d174c""]",MIED,not_established,2026-09-12T23:43:35.798996+00:00,downloaded,[]
FD:miwd,United States District Court — Michigan Western,https://www.miwd.uscourts.gov/,https://www.uscourts.gov/about-federal-courts/court-role-and-structure/court-website-links,court_mark,asset_c01241048379b186,images/c0/c01241048379b186aadd6b6c1d8c3c4c8870810df011f983a19506145fc61f8e.png,light,court_seal,images/c0/c01241048379b186aadd6b6c1d8c3c4c8870810df011f983a19506145fc61f8e.png,light,federal_court_site_mark,True,"[""asset_c01241048379b186"", ""asset_c96c8cdea312b836""]",MIWD,not_established,2026-09-12T23:43:35.854724+00:00,downloaded,[]
FD:mnd,United States District Court — Minnesota,https://www.mnd.uscourts.gov/,https://www.uscourts.gov/about-federal-courts/court-role-and-structure/court-website-links,court_mark,asset_590ffa1d8b2f4ec8,images/59/590ffa1d8b2f4ec860c1b6cbef8c047ce920bb0da899043e0bf5138ebcc94fcc.png,light,court_seal,images/59/590ffa1d8b2f4ec860c1b6cbef8c047ce920bb0da899043e0bf5138ebcc94fcc.png,light,federal_court_site_mark,True,"[""asset_590ffa1d8b2f4ec8"", ""asset_46a4d9c1e54ba0f8""]",MND,not_established,2026-09-12T23:46:30.818903+00:00,downloaded,[]
FD:moed,United States District Court — Missouri Eastern,https://www.moed.uscourts.gov/,https://www.uscourts.gov/about-federal-courts/court-role-and-structure/court-website-links,court_mark,asset_b847d500b7d42944,images/b8/b847d500b7d42944f230b4fb5b96bfe77ae498b157fe06517e607a93ee94d8ff.png,light,judiciary_logo,images/b8/b847d500b7d42944f230b4fb5b96bfe77ae498b157fe06517e607a93ee94d8ff.png,light,shared_federal_judiciary_mark,False,"[""asset_b847d500b7d42944"", ""asset_568c38a6592dbb4a"", ""asset_c96c8cdea312b836""]",MOED,not_established,2026-09-12T23:43:35.383819+00:00,downloaded,[]
FD:mowd,United States District Court — Missouri Western,https://www.mow.uscourts.gov/,https://www.uscourts.gov/about-federal-courts/court-role-and-structure/court-website-links,court_mark,asset_60abf2e9f08f7d94,images/60/60abf2e9f08f7d942f78c9223816812277f8ede31caca828766eb25a28f4829e.png,light,judiciary_logo,images/60/60abf2e9f08f7d942f78c9223816812277f8ede31caca828766eb25a28f4829e.png,light,shared_federal_judiciary_mark,False,"[""asset_60abf2e9f08f7d94"", ""asset_1adbd58c71aba581""]",MOWD,not_established,2026-09-12T23:46:31.120802+00:00,downloaded,[]
FD:msnd,United States District Court — Mississippi Northern,https://www.msnd.uscourts.gov/,https://www.uscourts.gov/about-federal-courts/court-role-and-structure/court-website-links,court_mark,asset_69faafe713ffa82b,images/69/69faafe713ffa82b14c0c11b04a49d1b5df20fea5ae454f8f3cbf64b3147ed3a.png,light,court_seal,images/69/69faafe713ffa82b14c0c11b04a49d1b5df20fea5ae454f8f3cbf64b3147ed3a.png,light,federal_court_site_mark,True,"[""asset_69faafe713ffa82b""]",MSND,not_established,2026-09-12T23:43:35.329010+00:00,downloaded,"[""RemoteDisconnected: Remote end closed connection without response""]"
FD:mssd,United States District Court — Mississippi Southern,https://www.mssd.uscourts.gov/,https://www.uscourts.gov/about-federal-courts/court-role-and-structure/court-website-links,court_mark,asset_2281c39f0ab11d6f,images/22/2281c39f0ab11d6f4e2b6129dcef681dd1910f3bb8f5e1975ce51f72681ed58c.png,light,court_seal,images/22/2281c39f0ab11d6f4e2b6129dcef681dd1910f3bb8f5e1975ce51f72681ed58c.png,light,federal_court_site_mark,True,"[""asset_2281c39f0ab11d6f"", ""asset_c96c8cdea312b836""]",MSSD,not_established,2026-09-12T23:43:35.751532+00:00,downloaded,[]
FD:mtd,United States District Court — Montana,https://www.mtd.uscourts.gov/,https://www.uscourts.gov/about-federal-courts/court-role-and-structure/court-website-links,court_mark,asset_f567c4f5027c17ae,images/f5/f567c4f5027c17aed2bd82ee31228c0c80e102cfd7f6593c8496f29965778a5b.png,light,court_seal,images/f5/f567c4f5027c17aed2bd82ee31228c0c80e102cfd7f6593c8496f29965778a5b.png,light,federal_court_site_mark,True,"[""asset_f567c4f5027c17ae"", ""asset_c96c8cdea312b836""]",MTD,not_established,2026-09-12T23:43:36.040169+00:00,downloaded,[]
FD:nced,United States District Court — North Carolina Eastern,https://www.nced.uscourts.gov/,https://www.uscourts.gov/about-federal-courts/court-role-and-structure/court-website-links,court_mark,asset_03e72c13d8935ff0,images/03/03e72c13d8935ff035f98d16945ac48aba9113d150a1ba833b766b3213f7e435.jpg,light,court_seal,images/03/03e72c13d8935ff035f98d16945ac48aba9113d150a1ba833b766b3213f7e435.jpg,light,federal_court_site_mark,True,"[""asset_03e72c13d8935ff0""]",NCED,not_established,2026-09-12T23:43:35.738413+00:00,downloaded,[]
FD:ncmd,United States District Court — North Carolina Middle,https://www.ncmd.uscourts.gov/,https://www.uscourts.gov/about-federal-courts/court-role-and-structure/court-website-links,court_mark,asset_470b16fd230d5683,images/47/470b16fd230d56838ab6fddb1379249f51dc6a251749083074ffdeeabc178f97.png,light,court_seal,images/47/470b16fd230d56838ab6fddb1379249f51dc6a251749083074ffdeeabc178f97.png,light,federal_court_site_mark,True,"[""asset_470b16fd230d5683"", ""asset_c96c8cdea312b836""]",NCMD,not_established,2026-09-12T23:43:36.104111+00:00,downloaded,[]
FD:ncwd,United States District Court — North Carolina Western,https://www.ncwd.uscourts.gov/,https://www.uscourts.gov/about-federal-courts/court-role-and-structure/court-website-links,court_mark,asset_f749be47af78a9a9,images/f7/f749be47af78a9a963efba0917edf35128f18d1694206dc5bcd23b0fc473188b.png,light,court_seal,images/f7/f749be47af78a9a963efba0917edf35128f18d1694206dc5bcd23b0fc473188b.png,light,federal_court_site_mark,True,"[""asset_f749be47af78a9a9"", ""asset_c4e4a7a6a6f1734b""]",NCWD,not_established,2026-09-12T23:46:31.860879+00:00,downloaded,[]
FD:ndd,United States District Court — North Dakota,https://www.ndd.uscourts.gov/,https://www.uscourts.gov/about-federal-courts/court-role-and-structure/court-website-links,court_mark,asset_4918b884e64f0d46,images/49/4918b884e64f0d46dbff948ee2e15aeeb054642f3d98e05f73f57b5cd4d4c2b7.png,light,court_seal,images/49/4918b884e64f0d46dbff948ee2e15aeeb054642f3d98e05f73f57b5cd4d4c2b7.png,light,federal_court_site_mark,True,"[""asset_4918b884e64f0d46"", ""asset_1adbd58c71aba581"", ""asset_c96c8cdea312b836""]",NDD,not_established,2026-09-12T23:46:32.939834+00:00,downloaded,[]
FD:ned,United States District Court — Nebraska,https://www.ned.uscourts.gov/,https://www.uscourts.gov/about-federal-courts/court-role-and-structure/court-website-links,court_mark,asset_9dd9203873ddbe47,images/9d/9dd9203873ddbe47e1d3ddaf0636848840b2107888ba2d21e58d735407ce7bb5.png,light,court_seal,images/9d/9dd9203873ddbe47e1d3ddaf0636848840b2107888ba2d21e58d735407ce7bb5.png,light,federal_court_site_mark,True,"[""asset_9dd9203873ddbe47"", ""asset_c96c8cdea312b836""]",NED,not_established,2026-09-12T23:43:38.012704+00:00,downloaded,[]
FD:nhd,United States District Court — New Hampshire,https://www.nhd.uscourts.gov/,https://www.uscourts.gov/about-federal-courts/court-role-and-structure/court-website-links,court_mark,asset_d4c4c4a88f662541,images/d4/d4c4c4a88f66254196ba5fe76b7964fe961aab12bffcb0a334601cdb52a3be22.png,light,judiciary_logo,images/d4/d4c4c4a88f66254196ba5fe76b7964fe961aab12bffcb0a334601cdb52a3be22.png,light,shared_federal_judiciary_mark,True,"[""asset_d4c4c4a88f662541"", ""asset_c4e4a7a6a6f1734b""]",NHD,not_established,2026-09-12T23:43:36.667706+00:00,downloaded,[]
FD:njd,United States District Court — New Jersey,https://www.njd.uscourts.gov/,https://www.uscourts.gov/about-federal-courts/court-role-and-structure/court-website-links,court_mark,asset_1eb0f9bc0981a9bb,images/1e/1eb0f9bc0981a9bbf19935a533cb493def87c7b7abf1f95505175df3eeb1f454.png,light,court_seal,images/1e/1eb0f9bc0981a9bbf19935a533cb493def87c7b7abf1f95505175df3eeb1f454.png,light,federal_court_site_mark,True,"[""asset_1eb0f9bc0981a9bb"", ""asset_c96c8cdea312b836""]",NJD,not_established,2026-09-12T23:43:36.611238+00:00,downloaded,[]
FD:nmd,United States District Court — New Mexico,https://www.nmd.uscourts.gov/,https://www.uscourts.gov/about-federal-courts/court-role-and-structure/court-website-links,court_mark,asset_f615595a22929d1f,images/f6/f615595a22929d1f4c0f57755cf8b7d90141124be7ca5d3f8475bbbad46f989d.png,light,court_seal,images/f6/f615595a22929d1f4c0f57755cf8b7d90141124be7ca5d3f8475bbbad46f989d.png,light,federal_court_site_mark,True,"[""asset_f615595a22929d1f"", ""asset_c96c8cdea312b836""]",NMD,not_established,2026-09-12T23:43:36.822060+00:00,downloaded,[]
FD:nmid,United States District Court — Northern Mariana Islands,https://www.nmid.uscourts.gov/,https://www.uscourts.gov/about-federal-courts/court-role-and-structure/court-website-links,court_mark,asset_103eac7c2c7bcc69,images/10/103eac7c2c7bcc698c87b1c75a9ef914d4552d731bce49e9c0f2c0bd6986cf62.png,light,judiciary_logo,images/10/103eac7c2c7bcc698c87b1c75a9ef914d4552d731bce49e9c0f2c0bd6986cf62.png,light,shared_federal_judiciary_mark,False,"[""asset_103eac7c2c7bcc69"", ""asset_46a4d9c1e54ba0f8""]",NMID,not_established,2026-09-12T23:52:16.277177+00:00,downloaded,[]
FD:nvd,United States District Court — Nevada,https://www.nvd.uscourts.gov/,https://www.uscourts.gov/about-federal-courts/court-role-and-structure/court-website-links,text_fallback,,,light,,,light,,,[],NVD,not_applicable,2026-09-12T23:43:35.854724+00:00,blocked,"[""PermissionError: robots_checked: https://www.nvd.uscourts.gov/""]"
FD:nyed,United States District Court — New York Eastern,https://www.nyed.uscourts.gov/,https://www.uscourts.gov/about-federal-courts/court-role-and-structure/court-website-links,court_mark,asset_8a30488cc679c1ae,images/8a/8a30488cc679c1aeb044668bfadabd738081cb0f5465c9108ff66d3b51319cb3.svg,light,court_logo,images/84/84bdefe07027ed90292fe769df672a43573e85b1c4d6e29c278e494b9142af88.ico,light,federal_court_site_mark,True,"[""asset_8a30488cc679c1ae"", ""asset_fa23ce5a2fc149d8"", ""asset_84bdefe07027ed90""]",NYED,not_established,2026-09-12T23:43:37.336982+00:00,downloaded,[]
FD:nynd,United States District Court — New York Northern,https://www.nynd.uscourts.gov/,https://www.uscourts.gov/about-federal-courts/court-role-and-structure/court-website-links,court_mark,asset_b847d500b7d42944,images/b8/b847d500b7d42944f230b4fb5b96bfe77ae498b157fe06517e607a93ee94d8ff.png,light,judiciary_logo,images/b8/b847d500b7d42944f230b4fb5b96bfe77ae498b157fe06517e607a93ee94d8ff.png,light,shared_federal_judiciary_mark,False,"[""asset_b847d500b7d42944"", ""asset_46a4d9c1e54ba0f8""]",NYND,not_established,2026-09-12T23:43:36.974100+00:00,downloaded,[]
FD:nysd,United States District Court — New York Southern,https://www.nysd.uscourts.gov/,https://www.uscourts.gov/about-federal-courts/court-role-and-structure/court-website-links,court_mark,asset_0633aa18528b1e38,images/06/0633aa18528b1e38b35e54c16d39b5c0903467672be11a43d320d8c05a5801d8.png,dark,court_logo,images/89/898bb08fc99bc3c6239271c65fe0c7ad1e27683d7cc0a36de8b73f69d7fc253a.ico,light,federal_court_site_mark,True,"[""asset_0633aa18528b1e38"", ""asset_898bb08fc99bc3c6""]",NYSD,not_established,2026-09-12T23:43:19.953579+00:00,downloaded,[]
FD:nywd,United States District Court — New York Western,https://www.nywd.uscourts.gov/,https://www.uscourts.gov/about-federal-courts/court-role-and-structure/court-website-links,court_mark,asset_b847d500b7d42944,images/b8/b847d500b7d42944f230b4fb5b96bfe77ae498b157fe06517e607a93ee94d8ff.png,light,judiciary_logo,images/b8/b847d500b7d42944f230b4fb5b96bfe77ae498b157fe06517e607a93ee94d8ff.png,light,shared_federal_judiciary_mark,False,"[""asset_b847d500b7d42944"", ""asset_46a4d9c1e54ba0f8"", ""asset_c96c8cdea312b836""]",NYWD,not_established,2026-09-12T23:46:31.260959+00:00,downloaded,[]
FD:ohnd,United States District Court — Ohio Northern,https://www.ohnd.uscourts.gov/,https://www.uscourts.gov/about-federal-courts/court-role-and-structure/court-website-links,court_mark,asset_c311636bf1dfa743,images/c3/c311636bf1dfa743d4e0b28b40042f1b03bac6b95211e2e7ed1a89efbf5b385f.png,light,court_seal,images/c3/c311636bf1dfa743d4e0b28b40042f1b03bac6b95211e2e7ed1a89efbf5b385f.png,light,federal_court_site_mark,True,"[""asset_c311636bf1dfa743"", ""asset_c96c8cdea312b836""]",OHND,not_established,2026-09-12T23:43:37.327982+00:00,downloaded,[]
FD:ohsd,United States District Court — Ohio Southern,https://www.ohsd.uscourts.gov/,https://www.uscourts.gov/about-federal-courts/court-role-and-structure/court-website-links,court_mark,asset_b847d500b7d42944,images/b8/b847d500b7d42944f230b4fb5b96bfe77ae498b157fe06517e607a93ee94d8ff.png,light,judiciary_logo,images/b8/b847d500b7d42944f230b4fb5b96bfe77ae498b157fe06517e607a93ee94d8ff.png,light,shared_federal_judiciary_mark,False,"[""asset_b847d500b7d42944"", ""asset_46a4d9c1e54ba0f8""]",OHSD,not_established,2026-09-12T23:52:17.153474+00:00,downloaded,[]
FD:oked,United States District Court — Oklahoma Eastern,https://www.oked.uscourts.gov/,https://www.uscourts.gov/about-federal-courts/court-role-and-structure/court-website-links,court_mark,asset_0af0fb09fa289001,images/0a/0af0fb09fa289001e13c3c411193dbddd1203d512993ac8bc4705471bb24db72.png,light,court_seal,images/0a/0af0fb09fa289001e13c3c411193dbddd1203d512993ac8bc4705471bb24db72.png,light,federal_court_site_mark,True,"[""asset_0af0fb09fa289001"", ""asset_46a4d9c1e54ba0f8""]",OKED,not_established,2026-09-12T23:46:31.656615+00:00,downloaded,[]
FD:oknd,United States District Court — Oklahoma Northern,https://www.oknd.uscourts.gov/,https://www.uscourts.gov/about-federal-courts/court-role-and-structure/court-website-links,court_mark,asset_f01dea02a585315d,images/f0/f01dea02a585315d7893d94e807ccac1a81ee5b25658e3a63343328d33ff2743.png,light,court_seal,images/f0/f01dea02a585315d7893d94e807ccac1a81ee5b25658e3a63343328d33ff2743.png,light,federal_court_site_mark,True,"[""asset_f01dea02a585315d"", ""asset_59be5be9bdcff21e"", ""asset_c96c8cdea312b836""]",OKND,not_established,2026-09-12T23:46:31.760272+00:00,downloaded,[]
FD:okwd,United States District Court — Oklahoma Western,https://www.okwd.uscourts.gov/,https://www.uscourts.gov/about-federal-courts/court-role-and-structure/court-website-links,court_mark,asset_65fd1f908de1748e,images/65/65fd1f908de1748ebc262df42baa36c407aab6f047c1394a309a9d3e9a3cdcc8.png,light,court_seal,images/65/65fd1f908de1748ebc262df42baa36c407aab6f047c1394a309a9d3e9a3cdcc8.png,light,federal_court_site_mark,True,"[""asset_65fd1f908de1748e"", ""asset_3b7c369127698c28""]",OKWD,not_established,2026-09-12T23:43:38.201093+00:00,downloaded,[]
FD:ord,United States District Court — Oregon,https://www.ord.uscourts.gov/,https://www.uscourts.gov/about-federal-courts/court-role-and-structure/court-website-links,text_fallback,,,light,,,light,,,[],ORD,not_applicable,2026-09-12T23:43:36.833157+00:00,no_downloadable_identity_asset,"[""PermissionError: robots_checked: https://www.ord.uscourts.gov/images/custom_template/seal.png"", ""PermissionError: robots_checked: https://www.ord.uscourts.gov/images/stories/9thCirSeal.png"", ""PermissionError: robots_checked: https://www.ord.uscourts.gov/images/stories/bankruptcy_seal.png"", ""PermissionError: robots_checked: https://www.ord.uscourts.gov/images/stories/ORD/ECFLogo.png"", ""PermissionError: robots_checked: https://www.ord.uscourts.gov/images/custom_template/favicon.png""]"
FD:paed,United States District Court — Pennsylvania Eastern,https://www.paed.uscourts.gov/,https://www.uscourts.gov/about-federal-courts/court-role-and-structure/court-website-links,court_mark,asset_6670aab43d782608,images/66/6670aab43d7826084174ca6afe573583fa199447ef74e9fb8f24d578918e6e06.png,light,court_seal,images/66/6670aab43d7826084174ca6afe573583fa199447ef74e9fb8f24d578918e6e06.png,light,federal_court_site_mark,True,"[""asset_6670aab43d782608"", ""asset_c96c8cdea312b836""]",PAED,not_established,2026-09-12T23:43:38.185963+00:00,downloaded,[]
FD:pamd,United States District Court — Pennsylvania Middle,https://www.pamd.uscourts.gov/,https://www.uscourts.gov/about-federal-courts/court-role-and-structure/court-website-links,court_mark,asset_877c10ed74d0a860,images/87/877c10ed74d0a860625d971aeeeea9ca975e08e04c18336aed7b9d2a01f981b1.png,light,court_seal,images/87/877c10ed74d0a860625d971aeeeea9ca975e08e04c18336aed7b9d2a01f981b1.png,light,federal_court_site_mark,True,"[""asset_877c10ed74d0a860"", ""asset_5aff43cfa0f30487""]",PAMD,not_established,2026-09-12T23:43:37.989838+00:00,downloaded,"[""RemoteDisconnected: Remote end closed connection without response""]"
FD:pawd,United States District Court — Pennsylvania Western,https://www.pawd.uscourts.gov/,https://www.uscourts.gov/about-federal-courts/court-role-and-structure/court-website-links,court_mark,asset_78aa0c89541e4306,images/78/78aa0c89541e4306e93880a2181576ba78b303761c31bac508a50e6d8f402879.png,light,court_seal,images/78/78aa0c89541e4306e93880a2181576ba78b303761c31bac508a50e6d8f402879.png,light,federal_court_site_mark,True,"[""asset_78aa0c89541e4306"", ""asset_c96c8cdea312b836""]",PAWD,not_established,2026-09-12T23:43:38.262746+00:00,downloaded,[]
FD:prd,United States District Court — Puerto Rico,https://www.prd.uscourts.gov/,https://www.uscourts.gov/about-federal-courts/court-role-and-structure/court-website-links,court_mark,asset_57c3f1eda0a6c8cc,images/57/57c3f1eda0a6c8cc8dafa198e16eb85889eb19e6c1671da197f9531b8d60ea78.png,light,court_logo,images/57/57c3f1eda0a6c8cc8dafa198e16eb85889eb19e6c1671da197f9531b8d60ea78.png,light,federal_court_site_mark,True,"[""asset_57c3f1eda0a6c8cc"", ""asset_1adbd58c71aba581""]",PRD,not_established,2026-09-12T23:46:31.918241+00:00,downloaded,[]
FD:rid,United States District Court — Rhode Island,https://www.rid.uscourts.gov/,https://www.uscourts.gov/about-federal-courts/court-role-and-structure/court-website-links,court_mark,asset_5959e9ae4124aa5c,images/59/5959e9ae4124aa5c89948387f88656327e22fc787e8b04482f8c03ea30360a61.png,light,court_seal,images/59/5959e9ae4124aa5c89948387f88656327e22fc787e8b04482f8c03ea30360a61.png,light,federal_court_site_mark,True,"[""asset_5959e9ae4124aa5c"", ""asset_c96c8cdea312b836""]",RID,not_established,2026-09-12T23:43:38.541942+00:00,downloaded,[]
FD:scd,United States District Court — South Carolina,https://www.scd.uscourts.gov/,https://www.uscourts.gov/about-federal-courts/court-role-and-structure/court-website-links,court_mark,asset_d76fe5fdf3e1e82a,images/d7/d76fe5fdf3e1e82a45cd3951d22d122781f6cf8b0dad736660b6c749efe59a5f.gif,light,court_logo,,light,federal_court_site_mark,True,"[""asset_d76fe5fdf3e1e82a""]",SCD,not_established,2026-09-12T23:43:38.104044+00:00,downloaded,[]
FD:sdd,United States District Court — South Dakota,https://www.sdd.uscourts.gov/,https://www.uscourts.gov/about-federal-courts/court-role-and-structure/court-website-links,court_mark,asset_4f11ead9626eb72e,images/4f/4f11ead9626eb72e6e99d9fab923becf944d8fb0a746b95e7a243facddcd40cb.png,light,court_seal,images/4f/4f11ead9626eb72e6e99d9fab923becf944d8fb0a746b95e7a243facddcd40cb.png,light,federal_court_site_mark,True,"[""asset_4f11ead9626eb72e"", ""asset_46a4d9c1e54ba0f8""]",SDD,not_established,2026-09-12T23:46:32.000308+00:00,downloaded,[]
FD:tned,United States District Court — Tennessee Eastern,https://www.tned.uscourts.gov/,https://www.uscourts.gov/about-federal-courts/court-role-and-structure/court-website-links,court_mark,asset_cdca2dffa3f4d9d6,images/cd/cdca2dffa3f4d9d6bde761e2493684e314655630c0b8e9c981bf308713fdf7f4.png,light,court_logo,images/cd/cdca2dffa3f4d9d6bde761e2493684e314655630c0b8e9c981bf308713fdf7f4.png,light,federal_court_site_mark,True,"[""asset_cdca2dffa3f4d9d6"", ""asset_46a4d9c1e54ba0f8""]",TNED,not_established,2026-09-12T23:52:17.407547+00:00,downloaded,[]
FD:tnmd,United States District Court — Tennessee Middle,https://www.tnmd.uscourts.gov/,https://www.uscourts.gov/about-federal-courts/court-role-and-structure/court-website-links,court_mark,asset_f3c01de1691e8612,images/f3/f3c01de1691e861204479839dd4c0afa3f5ee4515af957f2332b4a9937e1f632.png,light,court_seal,images/f3/f3c01de1691e861204479839dd4c0afa3f5ee4515af957f2332b4a9937e1f632.png,light,federal_court_site_mark,True,"[""asset_f3c01de1691e8612"", ""asset_c96c8cdea312b836""]",TNMD,not_established,2026-09-12T23:43:38.810664+00:00,downloaded,[]
FD:tnwd,United States District Court — Tennessee Western,https://www.tnwd.uscourts.gov/,https://www.uscourts.gov/about-federal-courts/court-role-and-structure/court-website-links,court_mark,asset_ffbde2969d7d2565,images/ff/ffbde2969d7d2565be66eacabd6918133f8da9a3d24f68d3ba8da1738661c4f3.png,light,court_seal,images/ff/ffbde2969d7d2565be66eacabd6918133f8da9a3d24f68d3ba8da1738661c4f3.png,light,federal_court_site_mark,True,"[""asset_ffbde2969d7d2565"", ""asset_c96c8cdea312b836""]",TNWD,not_established,2026-09-12T23:43:39.192619+00:00,downloaded,[]
FD:txed,United States District Court — Texas Eastern,https://www.txed.uscourts.gov/,https://www.uscourts.gov/about-federal-courts/court-role-and-structure/court-website-links,court_mark,asset_a62d0f6782977f09,images/a6/a62d0f6782977f0948cf68f3458f5d2ec35fb6ac6de85b597d5ca645cb3c900d.png,light,judiciary_logo,images/a6/a62d0f6782977f0948cf68f3458f5d2ec35fb6ac6de85b597d5ca645cb3c900d.png,light,shared_federal_judiciary_mark,True,"[""asset_a62d0f6782977f09"", ""asset_c4e4a7a6a6f1734b""]",TXED,not_established,2026-09-12T23:43:39.331882+00:00,downloaded,[]
FD:txnd,United States District Court — Texas Northern,https://www.txnd.uscourts.gov/,https://www.uscourts.gov/about-federal-courts/court-role-and-structure/court-website-links,court_mark,asset_f226798b97e52695,images/f2/f226798b97e5269519483e8d593d6108d1807682c5cd9851d77a845a91476b4b.png,light,judiciary_logo,images/f2/f226798b97e5269519483e8d593d6108d1807682c5cd9851d77a845a91476b4b.png,light,shared_federal_judiciary_mark,True,"[""asset_f226798b97e52695"", ""asset_c4e4a7a6a6f1734b""]",TXND,not_established,2026-09-12T23:43:39.787902+00:00,downloaded,[]
FD:txsd,United States District Court — Texas Southern,https://www.txs.uscourts.gov/,https://www.uscourts.gov/about-federal-courts/court-role-and-structure/court-website-links,court_mark,asset_ae74d274ee0a5836,images/ae/ae74d274ee0a5836f10734632e2ba42ab557984f7b7c57d668502add096942df.png,light,judiciary_logo,images/ae/ae74d274ee0a5836f10734632e2ba42ab557984f7b7c57d668502add096942df.png,light,shared_federal_judiciary_mark,False,"[""asset_ae74d274ee0a5836"", ""asset_c96c8cdea312b836""]",TXSD,not_established,2026-09-12T23:43:38.472855+00:00,downloaded,[]
FD:txwd,United States District Court — Texas Western,https://www.txwd.uscourts.gov/,https://www.uscourts.gov/about-federal-courts/court-role-and-structure/court-website-links,court_mark,asset_7bfe3e3d27bf821d,images/7b/7bfe3e3d27bf821dfa4dc2c918a9b76e74d7261f010736b502199695369aac6f.png,light,court_logo,images/7b/7bbe818ddb8f47e4d0dda5deef7fb7e564a7263ac6cb5e22b228fb080160c427.png,light,federal_court_site_mark,True,"[""asset_7bfe3e3d27bf821d"", ""asset_7bbe818ddb8f47e4""]",TXWD,not_established,2026-09-12T23:43:39.143024+00:00,downloaded,[]
FD:utd,United States District Court — Utah,https://www.utd.uscourts.gov/,https://www.uscourts.gov/about-federal-courts/court-role-and-structure/court-website-links,court_mark,asset_b847d500b7d42944,images/b8/b847d500b7d42944f230b4fb5b96bfe77ae498b157fe06517e607a93ee94d8ff.png,light,judiciary_logo,images/b8/b847d500b7d42944f230b4fb5b96bfe77ae498b157fe06517e607a93ee94d8ff.png,light,shared_federal_judiciary_mark,False,"[""asset_b847d500b7d42944""]",UTD,not_established,2026-09-12T23:43:39.034456+00:00,downloaded,"[""RemoteDisconnected: Remote end closed connection without response""]"
FD:vaed,United States District Court — Virginia Eastern,https://www.vaed.uscourts.gov/,https://www.uscourts.gov/about-federal-courts/court-role-and-structure/court-website-links,court_mark,asset_732710bd99b2e088,images/73/732710bd99b2e088eda3d6da9a134441993c7e30af20443b08fba24c8cb53a17.png,light,court_seal,images/73/732710bd99b2e088eda3d6da9a134441993c7e30af20443b08fba24c8cb53a17.png,light,federal_court_site_mark,True,"[""asset_732710bd99b2e088"", ""asset_46a4d9c1e54ba0f8""]",VAED,not_established,2026-09-12T23:46:33.806178+00:00,downloaded,[]
FD:vawd,United States District Court — Virginia Western,http://www.vawd.uscourts.gov/,https://www.uscourts.gov/about-federal-courts/court-role-and-structure/court-website-links,court_mark,asset_5859fd7686802438,images/58/5859fd7686802438f46a22257d810b7eee9e51408c394715dbfacd263e85b7ec.png,light,court_seal,images/58/5859fd7686802438f46a22257d810b7eee9e51408c394715dbfacd263e85b7ec.png,light,federal_court_site_mark,True,"[""asset_5859fd7686802438""]",VAWD,not_established,2026-09-12T23:43:41.636555+00:00,downloaded,"[""HTTPError: HTTP Error 404: Not Found""]"
FD:vid,United States District Court — Virgin Islands,https://www.vid.uscourts.gov/,https://www.uscourts.gov/about-federal-courts/court-role-and-structure/court-website-links,court_mark,asset_0a9d7b1a5b6fd627,images/0a/0a9d7b1a5b6fd62760d393eed8df61ad44cfaccd0b2e3faec9dbc58c236d6a82.png,light,judiciary_logo,images/0a/0a9d7b1a5b6fd62760d393eed8df61ad44cfaccd0b2e3faec9dbc58c236d6a82.png,light,shared_federal_judiciary_mark,False,"[""asset_0a9d7b1a5b6fd627"", ""asset_46a4d9c1e54ba0f8""]",VID,not_established,2026-09-12T23:52:16.848205+00:00,downloaded,[]
FD:vtd,United States District Court — Vermont,https://www.vtd.uscourts.gov/,https://www.uscourts.gov/about-federal-courts/court-role-and-structure/court-website-links,court_mark,asset_47c99370dd62b347,images/47/47c99370dd62b34727f21d3eaf79d3bbac4d4d6d8e44d5fc33b6c22fb26716cc.png,light,court_seal,images/47/47c99370dd62b34727f21d3eaf79d3bbac4d4d6d8e44d5fc33b6c22fb26716cc.png,light,federal_court_site_mark,True,"[""asset_47c99370dd62b347"", ""asset_c96c8cdea312b836""]",VTD,not_established,2026-09-12T23:43:39.328854+00:00,downloaded,[]
FD:waed,United States District Court — Washington Eastern,https://www.waed.uscourts.gov/,https://www.uscourts.gov/about-federal-courts/court-role-and-structure/court-website-links,court_mark,asset_dfd21835adc77a72,images/df/dfd21835adc77a727d08e4847a88bb493ef5b5f50527406355293ae958300f61.png,light,court_seal,images/df/dfd21835adc77a727d08e4847a88bb493ef5b5f50527406355293ae958300f61.png,light,federal_court_site_mark,True,"[""asset_dfd21835adc77a72"", ""asset_c8a4e14b31ec833c""]",WAED,not_established,2026-09-12T23:43:40.138294+00:00,downloaded,[]
FD:wawd,United States District Court — Washington Western,https://www.wawd.uscourts.gov/,https://www.uscourts.gov/about-federal-courts/court-role-and-structure/court-website-links,court_mark,asset_70affb40e0185203,images/70/70affb40e0185203d17daf3f4398eb486954944e09fcb9e7d327a97ce9e5011d.png,light,court_seal,images/70/70affb40e0185203d17daf3f4398eb486954944e09fcb9e7d327a97ce9e5011d.png,light,federal_court_site_mark,True,"[""asset_70affb40e0185203"", ""asset_c96c8cdea312b836""]",WAWD,not_established,2026-09-12T23:43:40.053006+00:00,downloaded,[]
FD:wied,United States District Court — Wisconsin Eastern,https://www.wied.uscourts.gov/,https://www.uscourts.gov/about-federal-courts/court-role-and-structure/court-website-links,court_mark,asset_501c96dfde421c6a,images/50/501c96dfde421c6a21a815dd9c7a81269181251c1ee513e31f310c1d452fd1e8.png,light,court_seal,images/50/501c96dfde421c6a21a815dd9c7a81269181251c1ee513e31f310c1d452fd1e8.png,light,federal_court_site_mark,True,"[""asset_501c96dfde421c6a"", ""asset_c96c8cdea312b836""]",WIED,not_established,2026-09-12T23:43:40.305377+00:00,downloaded,[]
FD:wiwd,United States District Court — Wisconsin Western,https://www.wiwd.uscourts.gov/,https://www.uscourts.gov/about-federal-courts/court-role-and-structure/court-website-links,court_mark,asset_b847d500b7d42944,images/b8/b847d500b7d42944f230b4fb5b96bfe77ae498b157fe06517e607a93ee94d8ff.png,light,judiciary_logo,images/b8/b847d500b7d42944f230b4fb5b96bfe77ae498b157fe06517e607a93ee94d8ff.png,light,shared_federal_judiciary_mark,False,"[""asset_b847d500b7d42944"", ""asset_c4e4a7a6a6f1734b""]",WIWD,not_established,2026-09-12T23:43:40.272180+00:00,downloaded,[]
FD:wvnd,United States District Court — West Virginia Northern,https://www.wvnd.uscourts.gov/,https://www.uscourts.gov/about-federal-courts/court-role-and-structure/court-website-links,court_mark,asset_b847d500b7d42944,images/b8/b847d500b7d42944f230b4fb5b96bfe77ae498b157fe06517e607a93ee94d8ff.png,light,judiciary_logo,images/b8/b847d500b7d42944f230b4fb5b96bfe77ae498b157fe06517e607a93ee94d8ff.png,light,shared_federal_judiciary_mark,False,"[""asset_b847d500b7d42944"", ""asset_c96c8cdea312b836""]",WVND,not_established,2026-09-12T23:43:40.259926+00:00,downloaded,[]
FD:wvsd,United States District Court — West Virginia Southern,https://www.wvsd.uscourts.gov/,https://www.uscourts.gov/about-federal-courts/court-role-and-structure/court-website-links,court_mark,asset_96cb2efbdeb35b92,images/96/96cb2efbdeb35b92374562ce3a21be4533c6897b698782802d180aaa5ed3f260.png,light,court_seal,images/96/96cb2efbdeb35b92374562ce3a21be4533c6897b698782802d180aaa5ed3f260.png,light,federal_court_site_mark,True,"[""asset_96cb2efbdeb35b92"", ""asset_46a4d9c1e54ba0f8""]",WVSD,not_established,2026-09-12T23:46:32.511557+00:00,downloaded,[]
FD:wyd,United States District Court — Wyoming,https://www.wyd.uscourts.gov/,https://www.uscourts.gov/about-federal-courts/court-role-and-structure/court-website-links,court_mark,asset_9eb1a76c20fcd1cd,images/9e/9eb1a76c20fcd1cde9675d72dce1b164593dd126603598caabfb19b4a1a022b0.png,light,court_seal,images/9e/9eb1a76c20fcd1cde9675d72dce1b164593dd126603598caabfb19b4a1a022b0.png,light,federal_court_site_mark,True,"[""asset_9eb1a76c20fcd1cd"", ""asset_c96c8cdea312b836""]",WYD,not_established,2026-09-12T23:43:40.285398+00:00,downloaded,[]
FS:cavc,United States Court of Appeals for Veterans Claims,https://www.uscourts.cavc.gov/,https://www.uscourts.cavc.gov/forms_fees.php,text_fallback,,,light,,,light,,,[],CAVC,not_applicable,,identity_assets_excluded_by_published_policy,"[""Candidate images or their redirect destinations are disallowed by published robots rules for the research agent or ChatGPT-User. Text fallback retained; see asset-policy-exclusions.json.""]"
FS:cit,United States Court of International Trade,https://www.cit.uscourts.gov/,https://www.cit.uscourts.gov/rules-and-forms,court_mark,asset_8c74a1df98b8d2c6,images/8c/8c74a1df98b8d2c6fef1d262a206b9514ffa1fff95ccc05f2a9c516a3bca347f.png,light,court_seal,images/8c/8c74a1df98b8d2c6fef1d262a206b9514ffa1fff95ccc05f2a9c516a3bca347f.png,light,federal_court_site_mark,True,"[""asset_8c74a1df98b8d2c6"", ""asset_c96c8cdea312b836""]",CIT,not_established,2026-09-12T23:43:40.524680+00:00,downloaded,[]
FS:jpml,Judicial Panel on Multidistrict Litigation,https://www.jpml.uscourts.gov/,https://www.jpml.uscourts.gov/forms,court_mark,asset_eca6cfb1b1b82cc6,images/ec/eca6cfb1b1b82cc64635d100d968811f9874f743e20b61dd8e038d2e3ef801d2.png,light,court_seal,images/ec/eca6cfb1b1b82cc64635d100d968811f9874f743e20b61dd8e038d2e3ef801d2.png,light,federal_court_site_mark,True,"[""asset_eca6cfb1b1b82cc6"", ""asset_c96c8cdea312b836""]",JPML,not_established,2026-09-12T23:43:40.834636+00:00,downloaded,[]
FS:scotus,Supreme Court of the United States,https://www.supremecourt.gov/,https://www.uscourts.gov/about-federal-courts/court-role-and-structure/court-website-links,text_fallback,,,light,,,light,,,[],SCOTUS,not_applicable,2026-09-12T23:43:40.078464+00:00,no_downloadable_identity_asset,"[""PermissionError: robots_checked: https://www.supremecourt.gov/images/scous_seal.png""]"
FS:tax,United States Tax Court,https://www.ustaxcourt.gov/,https://www.ustaxcourt.gov/case-related-forms/,court_mark,asset_71a1ebdc4cdfebfe,images/71/71a1ebdc4cdfebfe13c8fa2340261d9ca1d324cb8236618d185bc68db6998c00.webp,dark,court_seal,images/71/71a1ebdc4cdfebfe13c8fa2340261d9ca1d324cb8236618d185bc68db6998c00.webp,dark,federal_court_site_mark,True,"[""asset_71a1ebdc4cdfebfe"", ""asset_8bee1200d55c2f33"", ""asset_276ed978522e0984""]",TAX,not_established,2026-09-12T23:43:41.930495+00:00,downloaded,[]
FS:uscfc,United States Court of Federal Claims,https://www.uscfc.uscourts.gov/,https://www.uscfc.uscourts.gov/rules,court_mark,asset_bc3cc75fb92e8a96,images/bc/bc3cc75fb92e8a966f34087003a194b55b272a413899a01663345ff33f815793.png,light,court_seal,images/bc/bc3cc75fb92e8a966f34087003a194b55b272a413899a01663345ff33f815793.png,light,federal_court_site_mark,True,"[""asset_bc3cc75fb92e8a96"", ""asset_46a4d9c1e54ba0f8""]",USCFC,not_established,2026-09-12T23:52:17.608473+00:00,downloaded,[]
LC:ca_alameda,"Superior Court of California, County of Alameda — Civil Division",https://www.alameda.courts.ca.gov/,https://www.alameda.courts.ca.gov/forms-filing/forms,favicon_only,asset_451b1b20fbebb867,images/45/451b1b20fbebb8679e8dbd6ea1dc8d892056bdc70e86449a589b1d7f756578c5.gif,light,favicon,images/45/451b1b20fbebb8679e8dbd6ea1dc8d892056bdc70e86449a589b1d7f756578c5.gif,light,site_icon,False,"[""asset_451b1b20fbebb867""]",ALA,not_established,2026-09-13T00:06:57.174823+00:00,downloaded,[]
LC:ca_los_angeles,"Superior Court of California, County of Los Angeles — Civil Division",https://www.lacourt.ca.gov/home,https://www.lacourt.ca.gov/pages/lp/fo-forms/cp/civil,court_mark,asset_bb2379ebcdade3c3,images/bb/bb2379ebcdade3c399e213e2cb9f899008e7282fd42075148adb433b38c2732a.png,light,court_logo,images/80/80cff3dc477bf30ca450e912b0d733612c0a9842dcabea82a075ea9004509473.ico,light,local_court_site_mark,True,"[""asset_bb2379ebcdade3c3"", ""asset_80cff3dc477bf30c""]",LA,not_established,2026-09-13T00:07:43.837469+00:00,downloaded,[]
LC:ca_san_francisco,"Superior Court of California, County of San Francisco — Civil Division",https://sf.courts.ca.gov/divisions/civil-division,https://sf.courts.ca.gov/divisions/civil-division/complex-civil-litigation,favicon_only,asset_451b1b20fbebb867,images/45/451b1b20fbebb8679e8dbd6ea1dc8d892056bdc70e86449a589b1d7f756578c5.gif,light,favicon,images/45/451b1b20fbebb8679e8dbd6ea1dc8d892056bdc70e86449a589b1d7f756578c5.gif,light,site_icon,False,"[""asset_451b1b20fbebb867""]",SF,not_established,2026-09-13T00:06:55.902767+00:00,downloaded,[]
LC:mo_st_louis,Circuit Court of the City of St. Louis — 22nd Judicial Circuit,https://www.stlcitycircuitcourt.com/,https://www.stlcitycircuitcourt.com/courts_services/court_forms/index.php,text_fallback,,,light,,,light,,,[],MO22,not_applicable,,identity_assets_excluded_by_published_policy,"[""Candidate images or their redirect destinations are disallowed by published robots rules for the research agent or ChatGPT-User. Text fallback retained; see asset-policy-exclusions.json.""]"
LC:ny_new_york,"Supreme Court of the State of New York, New York County — Civil Term",https://www.nycourts.gov/courts/new-york-county-supreme-court-civil-term/about-court,https://www.nycourts.gov/courts/1st-judicial-district/new-york-county-supreme-court-civil-term/forms,court_mark,asset_99c18df88186ceb3,images/99/99c18df88186ceb3483b60c545a7304f46ce7430f2c804aeea668da4a907034a.svg,light,judiciary_logo,images/99/99c18df88186ceb3483b60c545a7304f46ce7430f2c804aeea668da4a907034a.svg,light,shared_state_judiciary_mark,False,"[""asset_99c18df88186ceb3"", ""asset_fe11478c25997a9f""]",NYC,not_established,2026-09-13T00:06:55.176714+00:00,downloaded,[]
LC:pa_philadelphia,"Court of Common Pleas of Philadelphia County — Trial Division, Civil",https://www.courts.phila.gov/,https://www.courts.phila.gov/,court_mark,asset_21bef4871fc4b187,images/21/21bef4871fc4b187c7834af08d89c9fd0cfb7e04af0c43d3e98ead96f7aaa24f.png,light,court_logo,images/66/66662d55d2d8337a1c285b1dcf325081aa105eb2253c654027dfaec22de1b6be.ico,light,local_court_site_mark,True,"[""asset_21bef4871fc4b187"", ""asset_18c8943d8129f44e"", ""asset_66662d55d2d8337a""]",PHL,not_established,2026-09-13T00:06:55.376898+00:00,downloaded,[]
ST:ak_state,Alaska Courts,https://courts.alaska.gov/,https://courts.alaska.gov/forms/index.htm,court_mark,asset_e628105da8aa8d27,images/e6/e628105da8aa8d27ce6e7d93bf44a358a746bfb95076102600d66f15ab58fc52.png,light,judiciary_logo,images/e6/e628105da8aa8d27ce6e7d93bf44a358a746bfb95076102600d66f15ab58fc52.png,light,statewide_judiciary_mark,True,"[""asset_e628105da8aa8d27"", ""asset_21513b3702956aef""]",AK,not_established,2026-09-12T23:43:44.302220+00:00,downloaded,[]
ST:al_state,Alabama Judicial System,https://judicial.alabama.gov/,https://eforms.alacourt.gov/,court_mark,asset_ecaa58c81a1fca89,images/ec/ecaa58c81a1fca894f0a275cb52ce058540ca9cf4ed100eb87af2d7fc70401fb.png,light,judiciary_logo,images/ec/ecaa58c81a1fca894f0a275cb52ce058540ca9cf4ed100eb87af2d7fc70401fb.png,light,statewide_judiciary_mark,True,"[""asset_ecaa58c81a1fca89"", ""asset_b3b69ef7292551aa"", ""asset_c8c2eb7b1434b62c""]",AL,not_established,2026-09-13T00:03:47.955959+00:00,downloaded,[]
ST:ar_state,Arkansas Courts,https://arcourts.gov/,https://arcourts.gov/forms-and-publications/court-forms,court_mark,asset_11c6ab852410e756,images/11/11c6ab852410e75610fbdac950b78b5a31a81727cb78dead561adbca2fe6b573.png,dark,judiciary_logo,images/03/03297461533dbc008d87aafc92e63600bfcbd9d1004657d6bfbc1372a9c6dcfe.ico,light,statewide_judiciary_mark,True,"[""asset_11c6ab852410e756"", ""asset_665f72bf4dbcb06f"", ""asset_03297461533dbc00""]",AR,not_established,2026-09-12T23:43:43.393035+00:00,downloaded,[]
ST:as_state,High Court of American Samoa,,https://www.justice.gov/jmd/ls/state/american-samoa,text_fallback,,,light,,,light,,,[],AS,not_applicable,,no_verified_official_homepage,"[""Court existence is verified by the linked official directory; no court identity image or official court homepage was verified in this collection pass.""]"
ST:az_state,Arizona Courts,https://www.azcourts.gov/,https://www.azcourts.gov/selfservicecenter/forms,court_mark,asset_dac1c54b92d0c3aa,images/da/dac1c54b92d0c3aac86da3a106aa3b096e0a5e6f874fcf901fac9c83b0b11fda.webp,light,judiciary_logo,images/da/dac1c54b92d0c3aac86da3a106aa3b096e0a5e6f874fcf901fac9c83b0b11fda.webp,light,statewide_judiciary_mark,True,"[""asset_dac1c54b92d0c3aa"", ""asset_5f38e0199759016b""]",AZ,not_established,2026-09-12T23:43:42.427665+00:00,downloaded,[]
ST:ca_state,California Courts,https://courts.ca.gov/,https://courts.ca.gov/forms-rules/court-forms,court_mark,asset_0b97139a46619676,images/0b/0b97139a466196760dcf3aec7276543fd1239d719b133b5dbeb021213038d8e8.svg,light,judiciary_logo,images/0b/0b97139a466196760dcf3aec7276543fd1239d719b133b5dbeb021213038d8e8.svg,light,statewide_judiciary_mark,True,"[""asset_0b97139a46619676"", ""asset_451b1b20fbebb867""]",CA,not_established,2026-09-12T23:43:41.961215+00:00,downloaded,[]
ST:co_state,Colorado Courts,https://www.coloradojudicial.gov/,https://www.coloradojudicial.gov/self-help-forms,court_mark,asset_0d1d59aaadc5c582,images/0d/0d1d59aaadc5c5824c7d531edc478c3e74a65ca6db6752056af220316276913f.png,light,judiciary_logo,images/0d/0d1d59aaadc5c5824c7d531edc478c3e74a65ca6db6752056af220316276913f.png,light,statewide_judiciary_mark,True,"[""asset_0d1d59aaadc5c582"", ""asset_c67417338ad0fab0""]",CO,not_established,2026-09-12T23:43:42.096857+00:00,downloaded,[]
ST:ct_state,Connecticut Courts,https://www.jud.ct.gov/,https://www.jud.ct.gov/webforms/,text_fallback,,,light,,,light,,,[],CT,not_applicable,2026-09-12T23:52:16.848205+00:00,blocked,"[""PermissionError: robots_unavailable_URLError: https://www.jud.ct.gov/""]"
ST:dc_state,District of Columbia Courts,https://www.dccourts.gov/,https://www.dccourts.gov/court-resources/search-forms,text_fallback,,,light,,,light,,,[],DC,not_applicable,2026-09-12T23:43:40.891284+00:00,blocked,"[""PermissionError: robots_access_denied: https://www.dccourts.gov/""]"
ST:de_state,Delaware Courts,https://courts.delaware.gov/,https://courts.delaware.gov/forms/,court_mark,asset_ce7e69ec17fd033d,images/ce/ce7e69ec17fd033ddcb1c073b338bc2c69d4dedb66a6df6f89fd85a3fd67491e.jpg,light,judiciary_logo,images/8d/8de97a33dc9c006e40c753648be5a2ca1c2cc6990aa9e57a99dc1ce32774c72f.png,light,statewide_judiciary_mark,True,"[""asset_ce7e69ec17fd033d"", ""asset_8de97a33dc9c006e"", ""asset_85871ffa6e726ab1""]",DE,not_established,2026-09-12T23:43:42.264919+00:00,downloaded,[]
ST:fl_state,Florida Courts,https://www.flcourts.gov/,https://www.flcourts.gov/Courts-System/florida-courts-help/get-started/find-a-form,text_fallback,,,light,,,light,,,[],FL,not_applicable,2026-09-12T23:46:31.918241+00:00,blocked,"[""PermissionError: robots_checked: https://www.flcourts.gov/""]"
ST:ga_state,Georgia Courts,https://georgiacourts.gov/,https://www.gasupreme.us/superior-court-standard-forms/,text_fallback,,,light,,,light,,,[],GA,not_applicable,2026-09-13T00:03:45.386133+00:00,no_downloadable_identity_asset,"[""PermissionError: robots_access_denied: https://assets.georgiacourts.gov/2/wp-content/uploads/2023/08/19111323/aoc-seal.png""]"
ST:gu_state,Guam Courts,https://guamcourts.gov/,https://guamcourts.gov/judiciary-information/resources/forms,court_mark,asset_c8506191e67777f3,images/c8/c8506191e67777f3c6bd0594661bd82c1252ef192ef31dd7d6f951679d2dc754.png,light,judiciary_logo,images/c8/c8506191e67777f3c6bd0594661bd82c1252ef192ef31dd7d6f951679d2dc754.png,light,statewide_judiciary_mark,True,"[""asset_c8506191e67777f3""]",GU,not_established,2026-09-12T23:43:43.548564+00:00,downloaded,[]
ST:hi_state,Hawaii Courts,https://www.courts.state.hi.us/,https://www.courts.state.hi.us/self-help/courts/forms/court_forms,court_mark,asset_cc2f65e3872cce95,images/cc/cc2f65e3872cce95378c4cfe53d152e816ee609b6140b04176a0c6bace7744d6.png,light,judiciary_logo,images/c9/c9dec352e78b89b7b6430a841350ccaa567b15c19219627910bb556de7dadeb4.png,light,statewide_judiciary_mark,True,"[""asset_cc2f65e3872cce95"", ""asset_c9dec352e78b89b7""]",HI,not_established,2026-09-12T23:43:46.294170+00:00,downloaded,"[""PermissionError: robots_checked: https://www.google.com/cse/static/images/1x/en/branding.png""]"
ST:ia_state,Iowa Courts,https://www.iowacourts.gov/,https://www.iowacourts.gov/for-the-public/court-forms,court_mark,asset_775c1ce1f42430b9,images/77/775c1ce1f42430b9860a03bf3d97bca1f6c91a10c4a2e0b2e82d7fcb933035e0.svg,light,judiciary_logo,images/c9/c9af594d4f2de4941b684bd7a337558ab41bf062b459f6f411c0da5618bc1194.png,light,statewide_judiciary_mark,True,"[""asset_775c1ce1f42430b9"", ""asset_c9af594d4f2de494""]",IA,not_established,2026-09-12T23:43:42.847969+00:00,downloaded,[]
ST:id_state,Idaho Judicial Branch,https://isc.idaho.gov/,https://courtselfhelp.idaho.gov/Forms,court_mark,asset_e865e8ca74ce26b0,images/e8/e865e8ca74ce26b0f60d00f16756a4a3fcdcd7e0a57eba858910f8494308027c.svg,light,judiciary_logo,images/e8/e865e8ca74ce26b0f60d00f16756a4a3fcdcd7e0a57eba858910f8494308027c.svg,light,statewide_judiciary_mark,True,"[""asset_e865e8ca74ce26b0"", ""asset_983012b46e4b39e9""]",ID,not_established,2026-09-13T00:03:48.696299+00:00,downloaded,[]
ST:il_state,Illinois Courts,https://www.illinoiscourts.gov/,https://www.illinoiscourts.gov/documents-and-forms/approved-forms/,court_mark,asset_721cf835a20fd3b2,images/72/721cf835a20fd3b2abbb05ca1be5b64b1452f02924e24df6b9845e44585cec54.svg,light,judiciary_logo,images/bb/bb3d34eb6354b54a1e30b91820b3dcd776aa592b32d7cee021ab3ed23e25db66.svg,light,statewide_judiciary_mark,True,"[""asset_721cf835a20fd3b2"", ""asset_bb3d34eb6354b54a"", ""asset_72d633893a106253""]",IL,not_established,2026-09-12T23:43:45.416024+00:00,downloaded,[]
ST:in_state,Indiana Judicial Branch,https://www.in.gov/courts/,https://www.in.gov/courts/publications/forms/,court_mark,asset_91a34e26ee1b1ba9,images/91/91a34e26ee1b1ba922a01c410cecb9937a27e7b17a1b5682028126523ddd1c6b.png,light,judiciary_logo,images/91/91a34e26ee1b1ba922a01c410cecb9937a27e7b17a1b5682028126523ddd1c6b.png,light,state_government_mark,True,"[""asset_91a34e26ee1b1ba9""]",IN,not_established,2026-09-12T23:47:39.608719+00:00,no_downloadable_identity_asset,[]
ST:ks_state,Kansas Judicial Branch,https://kscourts.gov/,https://self-help.kscourts.gov/FindCourtForms,court_mark,asset_e72ea81e0ad73ea5,images/e7/e72ea81e0ad73ea5848f3b2d48f88cd5b406805ca7e1d11552952bc87313c2dc.png,light,judiciary_logo,images/0c/0c5142ac5e09d6c0b3539cef50595c915f15d557b47a74d52379369628dbf524.svg,light,statewide_judiciary_mark,True,"[""asset_e72ea81e0ad73ea5"", ""asset_0c5142ac5e09d6c0"", ""asset_2dcb2243a8ab83b9"", ""asset_32d8b30afe878c12""]",KS,not_established,2026-09-13T00:01:50.982455+00:00,downloaded,[]
ST:ky_state,Kentucky Courts,https://www.kycourts.gov/,https://www.kycourts.gov/Legal-Forms/Pages/default.aspx,court_mark,asset_1b7effdf5dfec0de,images/1b/1b7effdf5dfec0de265638e87753a78a6806bee3e87715eecb20d1d53684e376.png,light,judiciary_logo,images/1b/1b7effdf5dfec0de265638e87753a78a6806bee3e87715eecb20d1d53684e376.png,light,statewide_judiciary_mark,True,"[""asset_1b7effdf5dfec0de"", ""asset_3af567686010b69f""]",KY,not_established,2026-09-12T23:43:44.245211+00:00,downloaded,[]
ST:la_state,Louisiana Courts,https://www.lasc.org/,https://www.lasc.org/LPOR-Forms,favicon_only,asset_8fb8fd95309d9292,images/8f/8fb8fd95309d9292ccd9b70ec687a02e2519c8bb95af5296873f270a5de19eac.png,light,favicon,images/8f/8fb8fd95309d9292ccd9b70ec687a02e2519c8bb95af5296873f270a5de19eac.png,light,site_icon,True,"[""asset_8fb8fd95309d9292""]",LA,not_established,2026-09-12T23:46:34.279832+00:00,downloaded,[]
ST:ma_state,Massachusetts Court System,https://www.mass.gov/orgs/massachusetts-court-system,https://www.mass.gov/lists/court-forms-for-civil-matters,text_fallback,,,light,,,light,,,[],MA,not_applicable,2026-09-12T23:43:42.264919+00:00,blocked,"[""HTTPError: HTTP Error 403: Forbidden""]"
ST:md_state,Maryland Courts,https://www.courts.state.md.us/,https://www.courts.state.md.us/forms,court_mark,asset_bed4eb91759350e0,images/be/bed4eb91759350e0c9d83138ad869f89196668357cbe5a03667a34a746715d51.png,dark,judiciary_logo,images/2a/2ae4cb5ba8974b92a4038f650b0df827c0cbb170cf8f9c5a5f758defdc285ad6.png,light,statewide_judiciary_mark,True,"[""asset_bed4eb91759350e0"", ""asset_d423fa42bd7d6913"", ""asset_2ae4cb5ba8974b92""]",MD,not_established,2026-09-12T23:43:43.448437+00:00,downloaded,[]
ST:me_state,Maine Courts,https://www.courts.maine.gov/,https://www.courts.maine.gov/forms/index.html,court_mark,asset_758c3ff9e3453078,images/75/758c3ff9e34530784fa233d41c82ec88f75259bd90474e0c991a7acf5115d240.png,light,judiciary_logo,images/75/758c3ff9e34530784fa233d41c82ec88f75259bd90474e0c991a7acf5115d240.png,light,statewide_judiciary_mark,True,"[""asset_758c3ff9e3453078""]",ME,not_established,2026-09-12T23:43:43.850002+00:00,downloaded,[]
ST:mi_state,Michigan Courts,https://www.courts.michigan.gov/,https://www.courts.michigan.gov/scao-forms/,text_fallback,,,light,,,light,,,[],MI,not_applicable,2026-09-12T23:43:42.848970+00:00,blocked,"[""PermissionError: robots_checked: https://www.courts.michigan.gov/""]"
ST:mn_state,Minnesota Courts,https://mncourts.gov/,https://mncourts.gov/getforms,court_mark,asset_76fa571af5bf9451,images/76/76fa571af5bf9451167cc1eb32206b2ed5d88fc7cec2d691b7bbdf7309066f40.svg,light,judiciary_logo,images/ed/ed367869c2efc48d9847bbb4dc3f1bf6ad118dd617220149f41099fab33672a4.bmp,light,statewide_judiciary_mark,True,"[""asset_76fa571af5bf9451"", ""asset_ed367869c2efc48d""]",MN,not_established,2026-09-12T23:46:33.977943+00:00,downloaded,[]
ST:mo_state,Missouri Courts,https://www.courts.mo.gov/,https://www.courts.mo.gov/page.jsp?id=103116,text_fallback,,,light,,,light,,,[],MO,not_applicable,2026-09-12T23:46:33.008464+00:00,no_downloadable_identity_asset,"[""PermissionError: robots_checked: https://www.courts.mo.gov/mod/img/service_tabs/eFiling_website_lightblue.png""]"
ST:mp_state,Northern Mariana Islands Courts,https://www.nmijudiciary.gov/,https://www.nmijudiciary.gov/court-forms,text_fallback,,,light,,,light,,,[],MP,not_applicable,2026-09-12T23:43:42.865036+00:00,no_downloadable_identity_asset,"[""PermissionError: robots_access_denied: https://static.wixstatic.com/media/fa9d03_175530560088437b85bcec9ff538e13d~mv2.png/v1/fill/w_47,h_12,al_c,q_85,usm_0.66_1.00_0.01,blur_2,enc_avif,quality_auto/Judiciary%20logo1.p"", ""PermissionError: robots_access_denied: https://static.wixstatic.com/media/71f2b5_23d3fa0156414b08b901034fca6949c2%7Emv2.png/v1/fill/w_192%2Ch_192%2Clg_1%2Cusm_0.66_1.00_0.01/71f2b5_23d3fa0156414b08b901034fca6949c2%7Em""]"
ST:ms_state,Mississippi Courts,https://courts.ms.gov/,https://courts.ms.gov/mec/Mec-forms.php,court_mark,asset_baf5744ddbd2d690,images/ba/baf5744ddbd2d6908b96a52e5bdeda1cb8b85c3e6fa9575d72221de46b6cb6de.png,light,judiciary_logo,images/ba/baf5744ddbd2d6908b96a52e5bdeda1cb8b85c3e6fa9575d72221de46b6cb6de.png,light,statewide_judiciary_mark,True,"[""asset_baf5744ddbd2d690""]",MS,not_established,2026-09-12T23:43:44.394043+00:00,downloaded,[]
ST:mt_state,Montana Courts,https://courts.mt.gov/,https://courts.mt.gov/forms/civilforms,court_mark,asset_299ad4dbd00e4cd7,images/29/299ad4dbd00e4cd7c584296367edf151f2f204494f11aaa639fa6bce78364265.gif,light,judiciary_logo,images/c0/c0656f168047e7f120aaa5a6f0343dcff8ae2e5472e8a92be620e0a358387ea4.ico,light,statewide_judiciary_mark,True,"[""asset_299ad4dbd00e4cd7"", ""asset_c0656f168047e7f1""]",MT,not_established,2026-09-12T23:43:45.370642+00:00,downloaded,[]
ST:nc_state,North Carolina Courts,https://www.nccourts.gov/,https://www.nccourts.gov/documents/forms,text_fallback,,,light,,,light,,,[],NC,not_applicable,2026-09-12T23:43:43.448437+00:00,blocked,"[""PermissionError: robots_access_denied: https://www.nccourts.gov/""]"
ST:nd_state,North Dakota Courts,https://www.ndcourts.gov/,https://www.ndcourts.gov/legal-self-help,court_mark,asset_8732f1178c42632b,images/87/8732f1178c42632bccaaa2def6a28fdc0ac694066be7be952f57bd05543228b8.png,light,judiciary_logo,images/87/8732f1178c42632bccaaa2def6a28fdc0ac694066be7be952f57bd05543228b8.png,light,statewide_judiciary_mark,True,"[""asset_8732f1178c42632b"", ""asset_c39015999f8cace1"", ""asset_44212c6bb2625952""]",ND,not_established,2026-09-12T23:43:45.839886+00:00,downloaded,[]
ST:ne_state,Nebraska Courts,https://nebraskajudicial.gov/,https://nebraskajudicial.gov/forms,court_mark,asset_a8412041e43c7311,images/a8/a8412041e43c73112d3de33fc72619416b629b07636dd522d24941df39061962.jpg,light,judiciary_logo,images/74/746e49a8a61bbc13ef3e676b4b8d3cd1ce8bc0626f1b35ea6eb509c594173c8e.png,light,statewide_judiciary_mark,True,"[""asset_a8412041e43c7311"", ""asset_746e49a8a61bbc13""]",NE,not_established,2026-09-12T23:52:18.088098+00:00,downloaded,[]
ST:nh_state,New Hampshire Courts,https://www.courts.nh.gov/,https://www.courts.nh.gov/resources/forms-and-fees,text_fallback,,,light,,,light,,,[],NH,not_applicable,2026-09-12T23:46:33.527573+00:00,blocked,"[""HTTPError: HTTP Error 403: Forbidden""]"
ST:nj_state,New Jersey Courts,https://www.njcourts.gov/,https://www.njcourts.gov/self-help/forms,court_mark,asset_c4cc32f225ba684a,images/c4/c4cc32f225ba684a52080b699ae863c614290fa6c8a324c3a9885fd00b5719ee.png,light,judiciary_logo,images/17/177f49a6569d8f105b65072db5028ee50a34bf01aa962d4c81585ab9d7fe71cf.png,light,statewide_judiciary_mark,True,"[""asset_c4cc32f225ba684a"", ""asset_7efc97de195b8472"", ""asset_177f49a6569d8f10""]",NJ,not_established,2026-09-12T23:43:45.487049+00:00,downloaded,[]
ST:nm_state,New Mexico Courts,https://nmcourts.gov/,https://nmcourts.gov/forms-library/,court_mark,asset_55feb930585c4a2b,images/55/55feb930585c4a2b011ba67c05e53bacbb5453853936b00e63ad0a90f5dfe30e.svg,light,judiciary_logo,images/15/15aea74bf4404781f1581f1f0305a3f3f330225d6ea96162cfb309b01a0ad02b.png,light,statewide_judiciary_mark,True,"[""asset_55feb930585c4a2b"", ""asset_15aea74bf4404781""]",NM,not_established,2026-09-12T23:43:46.914641+00:00,downloaded,[]
ST:nv_state,Nevada Courts,https://nvcourts.gov/,https://nvcourts.gov/aoc/documents_and_forms,text_fallback,,,light,,,light,,,[],NV,not_applicable,2026-09-12T23:46:33.806178+00:00,blocked,"[""PermissionError: robots_access_denied: https://nvcourts.gov/""]"
ST:ny_state,New York Courts,https://www.nycourts.gov/,https://www.nycourts.gov/forms,court_mark,asset_99c18df88186ceb3,images/99/99c18df88186ceb3483b60c545a7304f46ce7430f2c804aeea668da4a907034a.svg,light,judiciary_logo,images/99/99c18df88186ceb3483b60c545a7304f46ce7430f2c804aeea668da4a907034a.svg,light,statewide_judiciary_mark,False,"[""asset_99c18df88186ceb3"", ""asset_fe11478c25997a9f""]",NY,not_established,2026-09-12T23:43:45.422208+00:00,downloaded,[]
ST:oh_state,Ohio Courts,https://www.supremecourt.ohio.gov/,https://www.supremecourt.ohio.gov/forms/all-forms/,court_mark,asset_3172ceaf6039d663,images/31/3172ceaf6039d6633b9934d41b7dd2f9cb8aa10f5bab6a342f4bcd811e2002ef.svg,light,judiciary_logo,images/31/3172ceaf6039d6633b9934d41b7dd2f9cb8aa10f5bab6a342f4bcd811e2002ef.svg,light,statewide_judiciary_mark,True,"[""asset_3172ceaf6039d663"", ""asset_8390747f03e061f7""]",OH,not_established,2026-09-12T23:43:47.088496+00:00,downloaded,[]
ST:ok_state,Oklahoma Courts,https://www.oscn.net/,https://www.oscn.net/static/forms/start.asp,text_fallback,,,light,,,light,,,[],OK,not_applicable,2026-09-12T23:46:33.880810+00:00,blocked,"[""PermissionError: robots_checked: https://www.oscn.net/""]"
ST:or_state,Oregon Courts,https://www.courts.oregon.gov/,https://www.courts.oregon.gov/forms/pages/default.aspx,court_mark,asset_10a42959d4a4fd3f,images/10/10a42959d4a4fd3f79a41be97933492824c4ea6bfd41aaaf9965cdc96352c9b4.png,light,judiciary_logo,images/a5/a5b76edc527610eb50caaaaed2822428d49919443a1ceb1ad91d75ebd5870011.png,dark,statewide_judiciary_mark,True,"[""asset_10a42959d4a4fd3f"", ""asset_a5b76edc527610eb""]",OR,not_established,2026-09-12T23:43:48.117962+00:00,downloaded,[]
ST:pa_state,Pennsylvania Courts,https://www.pacourts.us/,https://www.pacourts.us/forms,court_mark,asset_ce5c92ee28f7b421,images/ce/ce5c92ee28f7b4219f2fb994bd2f6b39caf5175a33876032514e858e83920954.png,light,judiciary_logo,images/ce/ce5c92ee28f7b4219f2fb994bd2f6b39caf5175a33876032514e858e83920954.png,light,statewide_judiciary_mark,True,"[""asset_ce5c92ee28f7b421""]",PA,not_established,2026-09-12T23:43:45.562029+00:00,downloaded,[]
ST:pr_state,Puerto Rico Courts,https://poderjudicial.pr/,https://poderjudicial.pr/formularios/,court_mark,asset_62fbfae1492ed36a,images/62/62fbfae1492ed36aea408bb32f4e5a6b6f51c8abd6977d19b8e7ee331308091a.png,light,judiciary_logo,images/62/62fbfae1492ed36aea408bb32f4e5a6b6f51c8abd6977d19b8e7ee331308091a.png,light,statewide_judiciary_mark,True,"[""asset_62fbfae1492ed36a"", ""asset_181921a8b2d54fe4"", ""asset_7a46e82d37c29f11""]",PR,not_established,2026-09-12T23:43:47.207745+00:00,downloaded,"[""ValueError: Not a public HTTP URL""]"
ST:ri_state,Rhode Island Courts,https://www.courts.ri.gov/,https://www.courts.ri.gov/Pages/forms.aspx,court_mark,asset_6c3652bdaaa10d00,images/6c/6c3652bdaaa10d003474585d6326961bc7a35ccb9bb989339b6dd7cd86c1b83a.png,light,judiciary_logo,images/6c/6c3652bdaaa10d003474585d6326961bc7a35ccb9bb989339b6dd7cd86c1b83a.png,light,statewide_judiciary_mark,True,"[""asset_6c3652bdaaa10d00"", ""asset_faf9c9268b815ca5""]",RI,not_established,2026-09-12T23:43:47.795803+00:00,downloaded,[]
ST:sc_state,South Carolina Courts,https://www.sccourts.org/,https://www.sccourts.org/court-forms/,text_fallback,,,light,,,light,,,[],SC,not_applicable,2026-09-12T23:46:33.976673+00:00,blocked,"[""PermissionError: robots_checked: https://www.sccourts.org/""]"
ST:sd_state,South Dakota Courts,https://ujs.sd.gov/,https://ujs.sd.gov/form-file-search/,court_mark,asset_c8df726e8a26cc7d,images/c8/c8df726e8a26cc7dad185e760237b8d3f512963ba5b056f0cac5ff31c4422b45.svg,light,judiciary_logo,images/57/570d7024bc9007f3df8a2c2efd7b990c00c4791c5e2f98321025933ddb3187a9.png,light,statewide_judiciary_mark,True,"[""asset_c8df726e8a26cc7d"", ""asset_4da14dabea89222d"", ""asset_570d7024bc9007f3""]",SD,not_established,2026-09-12T23:43:48.718600+00:00,downloaded,[]
ST:tn_state,Tennessee Courts,https://www.tncourts.gov/,https://www.tncourts.gov/,text_fallback,,,light,,,light,,,[],TN,not_applicable,2026-09-12T23:52:17.153474+00:00,no_downloadable_identity_asset,[]
ST:tx_state,Texas Courts,https://www.txcourts.gov/,https://www.txcourts.gov/forms/,court_mark,asset_396cb54ab4ab77d0,images/39/396cb54ab4ab77d0e62f63ee7efcf3054721519773f87e5136c73f9caefc50e3.png,light,judiciary_logo,images/39/396cb54ab4ab77d0e62f63ee7efcf3054721519773f87e5136c73f9caefc50e3.png,light,statewide_judiciary_mark,True,"[""asset_396cb54ab4ab77d0"", ""asset_7e59f54efa3223ca""]",TX,not_established,2026-09-12T23:43:47.809436+00:00,downloaded,[]
ST:ut_state,Utah Courts,https://www.utcourts.gov/,https://www.utcourts.gov/en/forms/forms/court-forms.html,court_mark,asset_7bd8de4adfc688b7,images/7b/7bd8de4adfc688b780c81ea53448e97b528c2d78eebcfbcc090b726699b84b0a.svg,light,judiciary_logo,images/3f/3f0a4836f51fdf1e53b671302c27763aa9fea79910f6827c9c720b3bbd025496.svg,light,statewide_judiciary_mark,True,"[""asset_7bd8de4adfc688b7"", ""asset_3f0a4836f51fdf1e"", ""asset_6ec82651eed9562d""]",UT,not_established,2026-09-12T23:52:18.139761+00:00,downloaded,[]
ST:va_state,Virginia Courts,https://www.vacourts.gov/,https://www.vacourts.gov/forms/home,text_fallback,,,light,,,light,,,[],VA,not_applicable,2026-09-12T23:52:17.608473+00:00,no_downloadable_identity_asset,[]
ST:vi_state,U.S. Virgin Islands Courts,https://www.vicourts.org/,https://www.vicourts.org/forms,text_fallback,,,light,,,light,,,[],VI,not_applicable,2026-09-12T23:43:46.249782+00:00,no_downloadable_identity_asset,"[""PermissionError: robots_access_denied: https://cdnsm5-hosted.civiclive.com/UserFiles/Servers/Server_9784218/Image/n-logo.png""]"
ST:vt_state,Vermont Courts,http://www.vtcourts.gov/,http://www.vtcourts.gov/court-forms,court_mark,asset_158132c77bc525bc,images/15/158132c77bc525bcd54743784d472729d82757212e0a88c0f5110b43c47e0a83.svg,light,judiciary_logo,images/12/12a72cf8f2b39d71ff9ea1b2fa60ce5178ddae51705cb4c7d573d7d0e07a3d71.ico,light,statewide_judiciary_mark,True,"[""asset_158132c77bc525bc"", ""asset_12a72cf8f2b39d71""]",VT,not_established,2026-09-12T23:43:47.395028+00:00,downloaded,[]
ST:wa_state,Washington Courts,https://www.courts.wa.gov/,https://www.courts.wa.gov/forms/,court_mark,asset_fbff862fd631d5ca,images/fb/fbff862fd631d5caf637b5e1d274267720b79ff79eaa6a0656920cef837835ca.jpg,light,judiciary_logo,images/08/08ece9c6d49a556f0026753e0803e3ccbc51e4c48490855f84996dc6be9a04c7.gif,light,statewide_judiciary_mark,True,"[""asset_fbff862fd631d5ca"", ""asset_2e15755f863ca065"", ""asset_08ece9c6d49a556f""]",WA,not_established,2026-09-12T23:43:50.494223+00:00,downloaded,[]
ST:wi_state,Wisconsin Courts,https://www.wicourts.gov/,https://www.wicourts.gov/forms1/circuit.htm,court_mark,asset_c462a2aa6c9ef6da,images/c4/c462a2aa6c9ef6daefd401190c0a82e907d9809b95dc710961139207023a89fb.png,light,judiciary_logo,,light,statewide_judiciary_mark,True,"[""asset_c462a2aa6c9ef6da"", ""asset_8f58f76c83f3e6a2"", ""asset_c10799ec7d164863""]",WI,not_established,2026-09-12T23:43:48.433826+00:00,downloaded,[]
ST:wv_state,West Virginia Courts,https://www.courtswv.gov/,https://www.courtswv.gov/public-resources/court-forms,court_mark,asset_7005d53ad5d5960c,images/70/7005d53ad5d5960cd53d250f01b33cfb88c505ff4dbe3d081c4796d922ddc3ea.png,light,judiciary_logo,,light,statewide_judiciary_mark,True,"[""asset_7005d53ad5d5960c""]",WV,not_established,2026-09-12T23:46:35.114226+00:00,downloaded,"[""HTTPError: HTTP Error 404: Not Found""]"
ST:wy_state,Wyoming Courts,https://www.wyocourts.gov/,https://www.wyocourts.gov/self-help-forms/,court_mark,asset_98ac9d008e6b247e,images/98/98ac9d008e6b247e18899f65b5a4635012478d4e4d0cc175497f33c48c4d987a.png,light,judiciary_logo,images/98/98ac9d008e6b247e18899f65b5a4635012478d4e4d0cc175497f33c48c4d987a.png,light,statewide_judiciary_mark,True,"[""asset_98ac9d008e6b247e"", ""asset_e3a779d5bda8443f""]",WY,not_established,2026-09-12T23:43:48.340159+00:00,downloaded,[]
